問題番号,分野,肢,文章,正誤,簡単な解説
令和7年度第1問,民法,ア,錯誤による意思表示は、その錯誤が表意者の重大な過失によるものであった場合であっても、相手方が表意者に錯誤があることを重大な過失により知らなかったときは、取り消すことができる。,○,民法第95条3項2号により、相手方が重大な過失によって錯誤を知らなかった場合は、表意者に重過失があっても取り消すことができるため。
令和7年度第1問,民法,イ,第三者の強迫によって不動産を売却した者は、買主が強迫の事実を知らなかった場合には、当該不動産の売買の意思表示を取り消すことができない。,×,民法第96条2項は第三者の詐欺の規定であり、強迫の場合は相手方の善意・悪意を問わず常に取り消すことができるため。
令和7年度第1問,民法,ウ,買主の詐欺によって不動産を売却した者は、当該不動産の売買の意思表示を取り消す前に当該買主が詐欺の事実につき善意無過失の第三者に当該不動産を転売していた場合には、当該第三者への所有権の移転の登記がされていないときであっても、その取消しを当該第三者に対抗することができない。,○,民法第96条3項により、詐欺による取消しは善意無過失の第三者に対抗できない。この第三者の保護に登記の有無は問われないため。
令和7年度第1問,民法,エ,相手方が正当な理由なく意思表示の通知が到達することを妨げたときは、その通知は、表意者が通知を発した時に相手方に到達したものとみなされる。,×,民法第97条2項により、通知を発した時ではなく、「通常到達すべきであった時」に到達したものとみなされるため。
令和7年度第1問,民法,オ,表意者がその真意ではないことを知って意思表示をした場合において、当該意思表示の相手方がその旨を知っていたときは、当該意思表示の無効は、善意有過失の第三者に対抗することができる。,×,民法第93条2項により、心裡留保による無効は「善意の第三者」に対抗できず、第三者に無過失までは要求されていないため。
令和7年度第2問,民法,ア,甲土地を占有しているＡが死亡し、ＢがＡを相続した場合には、Ｂが甲土地の取得時効を主張するためには、自己の占有にＡの占有を併せて主張しなければならず、自己の占有のみを主張することはできない。,×,相続人は、自己の占有のみを主張することも、被相続人の占有を併せて主張することも選択できるため。
令和7年度第2問,民法,イ,Ａが所有する甲建物を無権原のＢから賃借して占有していたＣは、その占有期間中Ｂが甲建物の所有者であると過失なく信じていたとしても、Ａに対し、その使用利益を返還する義務を負う。,×,民法第189条1項により、善意の占有者は果実を取得する権利があり、建物の使用利益についても返還義務を負わないため。
令和7年度第2問,民法,ウ,Ａが所有する甲建物を無権原のＢから賃借して占有しているＣは、Ａに甲建物を明け渡す場合には、その占有期間中に落雷によって生じた甲建物の損傷を修復するために修繕費を支出していたとしても、Ａに対し、当該修繕費の償還を請求することはできない。,×,民法第196条1項により、果実を取得した占有者は通常の必要費の償還は請求できないが、落雷による修繕費は特別必要費にあたり償還請求できるため。
令和7年度第2問,民法,エ,Ａが自己の所有する甲建物をＢに占有させている場合において、Ａが甲建物をＣに売却した後、ＡがＢに対して以後Ｃのために甲建物を占有することを命じ、Ｃがこれを承諾したときは、Ｃは、甲建物の占有権を取得する。,○,民法第184条の指図による占有移転の要件を満たしており、受譲人Ｃは占有権を取得するため。
令和7年度第2問,民法,オ,甲建物の賃借人であるＡから甲建物を転借して占有しているＢが、Ｃによりその占有を奪われたときは、Ａは、Ｃに対し、占有回収の訴えを提起することができる。,○,民法第200条1項により、代理占有させている間接占有者であるＡも、占有回収の訴えを提起することができるため。
令和7年度第3問,民法,ア,相続の放棄をしようとする者は、相続の承認又は放棄をすべき期間内に、その旨を法務局又は地方法務局に申述しなければならない。,×,民法第938条により、相続の放棄は法務局ではなく家庭裁判所に申述しなければならないため。
令和7年度第3問,民法,イ,相続人は、相続の承認又は放棄をするまでの期間中、その固有財産におけるのと同一の注意をもって、相続財産を管理しなければならない。,○,民法第918条1項により、相続人は固有財産におけるのと同一の注意義務をもって相続財産を管理することが規定されているため。
令和7年度第3問,民法,ウ,限定承認者は、民法の規定に従って各相続債権者に弁済をした後でなければ、受遺者に弁済をすることができない。,○,民法第931条により、限定承認手続において相続債権者への弁済が受遺者への弁済に優先するため。
令和7年度第3問,民法,エ,相続人が、自己のために相続が開始した事実を知りながら、相続財産の全部又は一部について保存行為をしたときは、単純承認をしたものとみなされる。,×,民法第921条1号ただし書により、保存行為は単純承認をしたものとはみなされないため。
令和7年度第3問,民法,オ,共同相続人のうちの一人について相続の放棄又は承認をすべき期間が経過した場合であっても、他の相続人について相続の放棄又は承認をすべき期間が経過していないときは、当該共同相続人の全員が共同して限定承認をすることができる。,○,熟慮期間が経過していない他の相続人がいる場合、相続人全員が共同して限定承認をすることは認められているため。
令和7年度第4問,不動産登記法,ア,土地の表題部所有者又は所有権の登記名義人は、地図に表示された当該土地の区画に誤りがあることを発見した場合には、その誤りを発見した日から1月以内に地図訂正の申出をしなければならない。,×,不動産登記法第14条第3項に基づく地図訂正の申出には、表示に関する登記のような1月以内という期間制限（義務）は設けられていないため。
令和7年度第4問,不動産登記法,イ,地図に表示された土地の区画に誤りがある場合には、登記官は、当該土地の表題部所有者又は所有権の登記名義人からの地図訂正の申出がなくても、職権でその訂正をすることができる。,○,不動産登記規則第16条により、登記官は申出を待たずに職権で地図等の訂正をすることができるため。
令和7年度第4問,不動産登記法,ウ,地図に表示された土地の区画に誤りがあるが当該土地の登記記録の地積に錯誤がない場合には、地図訂正の申出をすることはできない。,×,地積に錯誤がなくても、地図の区画表示自体に誤りがある場合は地図訂正の申出をすることができるため。
令和7年度第4問,不動産登記法,エ,地図の訂正をすることによって、申出に係る土地以外の土地の区画又は位置若しくは形状を訂正すべきこととなるときには、登記官は、申出に基づき地図の訂正をすることはできない。,○,地図の訂正が隣接地等の他の土地の区画等に影響を及ぼす場合は、原則として当該申出に基づく訂正はできないため。
令和7年度第4問,不動産登記法,オ,地図に表示された土地の区画に誤りがある場合において、当該土地の所有権の登記名義人が二人であるときは、地図訂正の申出は、そのうちの一人からすることができる。,○,地図訂正の申出は保存行為に該当するため、共有者の一人から単独ですることができるため。
令和7年度第5問,不動産登記法,ア,土地に関する閉鎖登記記録の保存期間は永久と定められている。,×,不動産登記規則により、閉鎖登記記録の保存期間は50年とされているため。
令和7年度第5問,不動産登記法,イ,閉鎖した建物所在図の保存期間は永久と定められている。,○,不動産登記規則第28条第3号により、閉鎖した地図や建物所在図の保存期間は永久とされているため。
令和7年度第5問,不動産登記法,ウ,建物の合併の登記の申請情報の保存期間は永久と定められている。,×,不動産登記規則により、申請情報の保存期間は受付日から30年等であり、永久ではないため。
令和7年度第5問,不動産登記法,エ,筆界特定書に記載された情報の保存期間は永久と定められている。,○,不動産登記規則第28条の2により、筆界特定手続記録のうち筆界特定書等の保存期間は永久とされているため。
令和7年度第5問,不動産登記法,オ,閉鎖した地積測量図の保存期間は永久と定められている。,×,閉鎖した地積測量図の保存期間は永久ではなく、50年等と定められているため。
令和7年度第6問,不動産登記法,ア,私人が所有する土地について、市町村が代位による土地の表題登記を嘱託する場合には、当該土地についての被代位者が所有権を有することを証する情報を提供することを要する。,○,官公署が代位して表題登記を嘱託する場合、被代位者が所有権を有することを証する情報の提供が必要なため。
令和7年度第6問,不動産登記法,イ,市町村から登記の嘱託の委任を受けた代理人が当該登記の嘱託をする場合には、嘱託情報と併せて提供すべき市町村長が作成した委任状は、作成後3月以内のものであることを要しない。,○,官公署が作成した代理権限を証する情報（委任状）には、作成後3ヶ月以内という期間制限は適用されないため。
令和7年度第6問,不動産登記法,ウ,市町村がその所有する建物の表題登記の嘱託をする場合には、当該建物の所有権を有することを証する情報を提供することを要する。,×,官公署が自ら所有する不動産の表題登記を嘱託する場合、所有権を証する情報の提供は省略できるため。
令和7年度第6問,不動産登記法,エ,私人が所有権の登記名義人である土地の一部が河川法の定める河川区域内の土地となった場合において、河川管理者がその旨の登記を登記所に嘱託するときは、河川管理者は、当該土地の所有権の登記名義人に代わって、当該土地の分筆の登記を登記所に嘱託することができる。,○,不動産登記法第117条等により、河川管理者は登記名義人に代わって分筆等の登記を嘱託することができるため。
令和7年度第6問,不動産登記法,オ,市町村が、当該市町村を所有権の登記名義人とする土地についての合筆の登記の嘱託をする場合には、その嘱託情報に登記識別情報の通知を希望する旨の情報が含まれていたとしても、登記識別情報は通知されない。,×,官公署であっても、嘱託情報において登記識別情報の通知を希望した場合には、登記識別情報が通知されるため。
令和7年度第7問,不動産登記法,ア,土地家屋調査士Ｂが、株式会社Ａから登記識別情報の提供を受けて、登記識別情報提供様式を作成して電子申請の方法により甲土地の分合筆の登記申請をする場合には、登記識別情報の暗号化についての特別の授権は不要である。,×,登記識別情報の暗号化等については、代理人に対して特別の授権が明示的に必要とされているため。
令和7年度第7問,不動産登記法,イ,株式会社Ａの代表取締役が令和7年4月1日に替わったときであっても、土地家屋調査士Ｂは、同月2日に株式会社Ａを代理して甲土地の分合筆の登記申請をすることができる。,○,法人の代表者の変更は、代理人の代理権の消滅事由には該当しないため。
令和7年度第7問,不動産登記法,ウ,土地家屋調査士Ｂが株式会社Ａの許諾を得て復代理人を選任したときであっても、Ｂは、株式会社Ａを代理して甲土地の分合筆の登記申請をすることができる。,○,復代理人を選任しても、本代理人の代理権は消滅せず、引き続き代理行為を行うことができるため。
令和7年度第7問,不動産登記法,エ,土地家屋調査士Ｂが令和7年4月1日に死亡した場合には、Ｂの相続人である土地家屋調査士Ｃは、Ｂの地位を承継したものとして、株式会社Ａを代理して甲土地の分合筆の登記申請をすることができる。,×,民法第111条により、代理人の死亡により代理権は消滅し、相続人にその地位は承継されないため。
令和7年度第7問,不動産登記法,オ,甲土地の分合筆の登記申請の際に納付した登録免許税に過誤納があった場合には、土地家屋調査士Ｂは、「甲土地の分合筆の登記申請に関する一切の件」とのみ記載された委任状に基づいて、株式会社Ａを代理してその還付金を受領することができる。,×,還付金の受領には、委任状に特別の授権（還付金受領に関する権限）が明記されている必要があるため。
令和7年度第8問,不動産登記法,ア,表題部所有者である株式会社Ａを株式会社Ｂが吸収合併した場合には、株式会社Ｂは、表題部所有者の名称についての変更の登記の申請をすることができる。,×,吸収合併による権利義務の承継は変更ではなく移転にあたるため、承継法人は直接、所有権保存登記等を申請すべきであり、表題部所有者の変更登記はできないため。
令和7年度第8問,不動産登記法,イ,表題部所有者である特例有限会社Ａが株式会社Ａに商号変更をした場合には、株式会社Ａは、表題部所有者の名称についての変更の登記の申請をすることができる。,○,商号変更は同一性を保った名称の変更にすぎないため、表題部所有者の名称の変更の登記が可能であるため。
令和7年度第8問,不動産登記法,ウ,表題部所有者として登記されているＡの住所についての更正の登記と、Ａの氏についての変更の登記とは、一の申請情報によって申請をすることができない。,×,変更の登記と更正の登記は、目的とする不動産が同一であれば、一の申請情報によって申請することができるため。
令和7年度第8問,不動産登記法,エ,表題部所有者であるＡ及びＢの持分が誤って登記されている場合において、当該持分についての更正の登記の申請をするときは、Ａは、Ｂの承諾を証する情報を提供して、単独で当該申請をすることができる。,○,自己の持分を減らし相手の持分を増やすなど、権利を失う側（不利益を受ける者）の承諾があれば、単独で更正登記の申請ができるため。
令和7年度第8問,不動産登記法,オ,表題部所有者の住所が登記記録上の住所から数回にわたって変更している場合には、表題部所有者は直ちに現在の住所に変更する旨の表題部所有者の住所についての変更の登記の申請をすることができる。,○,住所の移転が数回にわたる場合でも、中間の住所変更を省略して直ちに現在の住所への変更の登記を申請できるため。
令和7年度第9問,不動産登記法,ア,土地の所有権の登記名義人の氏名が登記記録上の氏名と異なる場合であっても、当該氏名についての変更があったことを証する市町村長が職務上作成した情報を提供することにより、当該土地に係る地積測量図の訂正の申出をすることができる。,○,職権による氏名変更の証明書等を提供すれば、前提としての氏名変更の登記を経ることなく地積測量図の訂正申出が可能であるため。
令和7年度第9問,不動産登記法,イ,書面を提出する方法により地積に関する更正の登記を申請した場合に、作成者が署名した地積測量図には、その作成者の押印は要しない。,○,法改正により、作成者が署名した図面（地積測量図等）への押印は不要とされたため。
令和7年度第9問,不動産登記法,ウ,筆界点に永続性のある石杭又は金属標があるときは、地積測量図にその表示を記録しなければならない。,○,地積測量図には、筆界点にある永続性のある標識の表示を記録することが義務付けられているため。
令和7年度第9問,不動産登記法,エ,分筆の登記を申請する際に添付する地積測量図には、分筆前の土地が広大であって、分筆後の土地の一方がわずかであるときは、地積の記録を便宜省略することができる。,×,分筆後の全筆について実測して地積を求積し記録する必要があり、一部の地積の記録を省略することは認められていないため。
令和7年度第9問,不動産登記法,オ,地積測量図の縮尺がその土地について作成すべき土地所在図の縮尺と同一であって、当該地積測量図によって土地の所在を明確に表示することができるときであっても、当該地積測量図をもって土地所在図を兼ねることはできない。,×,所定の要件を満たす場合には、地積測量図をもって土地所在図を兼ねることができるため。
令和7年度第10問,不動産登記法,ア,建物の所在の変更の登記を申請する場合には、建物図面及び各階平面図を提供しなければならない。,×,建物の所在の変更の登記において、敷地の変更がなく建物の形状等に変更がない場合は、各階平面図等の提供は不要となる場合があるため。
令和7年度第10問,不動産登記法,イ,甲土地上にのみ存する区分建物について、当該区分建物の存しない乙土地を当該区分建物の規約敷地とする新たな規約を設定したことによる表題部の変更の登記を申請する場合には、建物図面を提供しなければならない。,×,規約敷地を追加設定するだけで建物の配置自体に変更が生じない場合、建物図面の提供は不要であるため。
令和7年度第10問,不動産登記法,ウ,仮換地上に建築された建物の表題登記を申請する場合に添付する建物図面には、敷地の形状として、当該建物の存する仮換地の形状を実線で図示しなければならない。,○,仮換地上の建物の場合、建物図面には仮換地の形状を実線で図示する取扱いとなっているため。
令和7年度第10問,不動産登記法,エ,一棟の建物の1階に存する1階建ての甲区分建物と、甲区分建物の真上の階に存し甲区分建物と上下に接する1階建ての乙区分建物とを合併して、1個の区分建物とする合併の登記を申請する場合には、各階平面図を提供することを要しない。,×,階層が異なる区分建物を合併して多層（メゾネット）の区分建物にする場合、各階平面図を提供して階層構造を明確にする必要があるため。
令和7年度第10問,不動産登記法,オ,共用部分である旨の登記がある建物について共用部分である旨を定めた規約を廃止したことによる当該建物の表題登記を申請する場合には、建物図面及び各階平面図を提供することを要しない。,○,すでに登記所に提供され保存されている建物図面及び各階平面図をそのまま援用できるため、再度の提供は不要であるため。
令和7年度第11問,不動産登記法,ア,Ａ及びＢが所有権の登記名義人である甲土地から乙土地を分筆する分筆の登記の申請がされた場合において、分筆後の甲土地をＡが単独で所有し、乙土地をＢが単独で所有する旨の共有物分割の判決があったことを証する情報が提供されたときは、甲土地の登記記録にはＡが単独所有者として登記され、乙土地の登記記録にはＢが単独所有者として登記される。,×,分筆の登記は表題部の変更にすぎず、権利の変動（共有物分割）は分筆後に別途持分移転登記等を申請して行う必要があるため。
令和7年度第11問,不動産登記法,イ,甲土地に地上権の設定の登記がされており、かつ、当該地上権を目的とする抵当権の設定の登記がされている場合において、甲土地から乙土地を分筆する分筆の登記をするときに、登記官が当該地上権を分筆後の甲土地について消滅させる旨の登記をするためには、当該地上権の登記名義人が当該地上権を分筆後の甲土地について消滅させることを承諾したことを証する情報に加えて、当該抵当権の登記名義人が承諾したことを証する情報が提供されることが必要である。,○,権利の一部消滅の承諾には、その権利を目的とする第三者（抵当権者など）の承諾も必要となるため。
令和7年度第11問,不動産登記法,ウ,所有権移転請求権保全の仮登記がされている甲土地から乙土地を分筆する分筆の登記をする場合において、分筆後の乙土地について当該仮登記の登記名義人が権利の消滅を承諾したことを証する情報が提供されたときは、分筆後の乙土地の登記記録には当該仮登記は転写されない。,○,仮登記名義人の消滅承諾情報が提供されれば、その部分は転写されずに処理されるため。
令和7年度第11問,不動産登記法,エ,抵当権の設定の登記がされている甲土地から乙土地を分筆する分筆の登記の申請を書面を提出する方法によりする場合において、当該抵当権を分筆後の乙土地について消滅させることを当該抵当権の登記名義人が承諾したことを証する情報を提供するときは、当該情報に添付すべき当該登記名義人の印鑑に関する証明書は、作成後3月以内のものでなければならない。,×,所有権以外の権利の登記名義人の承諾書に添付する印鑑証明書には、作成後3ヶ月以内という期間制限は設けられていないため。
令和7年度第11問,不動産登記法,オ,地上権の設定の登記がされている甲土地から乙土地を分筆する分筆の登記を申請する場合において、当該地上権の存続期間が満了しているときは、乙土地の登記記録には地上権の設定の登記は転写されない。,×,存続期間が満了していても、登記簿上で抹消登記がされていない限り、原則として分筆先の土地にも転写されるため。
令和7年度第12問,不動産登記法,ア,区分建物である建物の登記記録の表題部のうち、一棟の建物の表題部には、当該一棟の建物の種類が記録される。,×,一棟の建物の表題部には「構造」と「床面積」は記録されるが、「種類」は記録事項とされていないため。
令和7年度第12問,不動産登記法,イ,登記官は、表題登記のある建物について共用部分である旨の登記をするときは、当該建物の種類に関する登記事項を抹消する記号を記録しなければならない。,×,共用部分である旨の登記をしても、建物の種類に関する登記事項が抹消されるわけではないため。
令和7年度第12問,不動産登記法,ウ,区分建物でない5階建ての1個の建物について、1階は食品の販売店、2階と3階は衣類の販売店、4階はゲームセンター、5階は映画館として利用されている場合には、当該建物の種類は「多目的ビル」と定めることができる。,×,建物の種類は主な用途を並記して「店舗・遊技場・映画館」のように定めるべきであり、「多目的ビル」とは定めないため。
令和7年度第12問,不動産登記法,エ,学校教育法の適用されない学習塾として利用されている建物の種類は、「教習所」と定めることができる。,○,学校教育法に規定する学校以外の教育施設（学習塾など）の建物の種類は「教習所」として扱うことができるため。
令和7年度第12問,不動産登記法,オ,各種油類の販売及び給油の目的の用に供するために建築されたガソリンスタンドの建物の種類は、「給油所」と定めることができる。,○,ガソリンスタンドなど、燃料の給油を目的とする建物の種類は「給油所」と定められるため。
令和7年度第13問,不動産登記法,ア,敷地権である旨の登記がされている土地については、当該敷地権である旨の登記を抹消した後でなければ、地目を宅地以外の地目に変更する登記の申請をすることができない。,×,敷地権である旨の登記がされたままでも、土地の地目変更の登記を申請することは可能であるため。
令和7年度第13問,不動産登記法,イ,区分建物とその敷地権の目的となる土地の各所有権の登記名義人の住所が一致していない場合であっても、各登記名義人の同一性を証する情報を添付情報とすれば、登記名義人の住所の変更又は更正の登記をすることなく、敷地権の発生を原因とする区分建物の表題部の変更の登記の申請をすることができる。,×,敷地権の発生原因とする変更の登記をするためには、事前に所有権登記名義人の住所変更の登記を行い、住所を一致させる必要があるため。
令和7年度第13問,不動産登記法,ウ,隣接する2筆の土地のいずれにも敷地権である旨の登記がされている場合には、当該2筆の土地についての合筆の登記の申請をすることができる。,×,敷地権である旨の登記がされている土地の合筆は、権利関係の混同を防ぐため原則として制限されているため。
令和7年度第13問,不動産登記法,エ,甲建物及び乙建物がいずれも区分建物であり、甲建物についてのみ敷地権の登記がある場合であっても、建物の合併の登記の申請をすることができる。,○,区分建物同士の合併において、一方のみに敷地権の登記がある場合でも、一定の要件下で合併の登記は可能であるため。
令和7年度第13問,不動産登記法,オ,一棟の建物に属する区分建物全部についての表題登記を申請する場合において、そのうちの一部の区分建物についてのみ専有部分とその専有部分に係る敷地利用権の分離処分を可能とする規約が設定されているときは、他の区分建物についてのみ敷地権に関する事項を申請情報とする当該登記の申請をすることができる。,○,分離処分可能規約が設定されていない区分建物についてのみ、敷地権に関する事項を提供して表題登記を申請できるため。
令和7年度第14問,不動産登記法,ア,表題登記のみがされた2個の建物を買い受けた者が、その両建物を合体して1個の建物とした後に、合体前の各建物の所有権の登記名義人となった場合には、その者は、合体後の建物についての建物の表題登記及び合体前の建物についての建物の表題部の登記の抹消を申請することができる。,○,合体により新たな建物となった場合、買受人から直接、合体後の建物の表題登記と合体前の建物の滅失（表題部抹消）の登記を申請できるため。
令和7年度第14問,不動産登記法,イ,電子情報処理組織を使用する方法により建物の表題登記を申請する場合において、書面に記載された建築基準法に基づく確認済証をスキャナにより電磁的記録に記録したものを添付情報とするときは、当該電磁的記録は、当該電磁的記録を作成した者による電子署名を要しない。,×,書面をスキャナで電磁的記録にした場合、それを作成した者（スキャンした者等）の電子署名が必要となるため。
令和7年度第14問,不動産登記法,ウ,区分建物以外の表題登記がない建物の所有権を取得した者が、表題登記を申請しないまま死亡した場合において、その相続人が当該建物についての表題登記の申請をするときは、被相続人を表題部所有者としなければならない。,×,未登記建物の承継取得者（相続人など）は、被相続人ではなく自己を表題部所有者として直接表題登記を申請できるため。
令和7年度第14問,不動産登記法,エ,土地の賃借人が当該土地上に新築した建物の表題登記を申請する場合には、当該土地の借地権を有することを証する情報を提供しなければならない。,×,建物の表題登記においては、敷地の利用権（借地権等）を証する情報の提供は法令上要求されていないため。
令和7年度第14問,不動産登記法,オ,建物の表題登記を申請する場合には、表題部所有者となる者の住所を証する情報として、当該表題部所有者となる者に係る印鑑に関する証明書を提供することができる。,○,市町村長が作成した印鑑証明書には住所が記載されており、住所を証する情報として取り扱うことができるため。
令和7年度第15問,不動産登記法,ア,抵当権の登記がある建物について、共用部分である旨の登記を申請する場合には、当該抵当権の登記名義人の承諾を証する当該登記名義人が作成した情報又は当該抵当権の登記名義人に対抗することができる裁判があったことを証する情報を提供しなければならない。,○,共用部分である旨の登記により、当該建物に関する所有権以外の権利は消滅するため、抵当権者等の承諾情報等が必要となるため。
令和7年度第15問,不動産登記法,イ,表題登記のある建物について、当該建物を共用部分とする旨の規約が定められた場合には、当該建物の表題部所有者は、当該規約が定められた日から1月以内に、共用部分である旨の登記を申請しなければならない。,×,共用部分である旨の登記は権利に関する登記であり、表題登記とは異なり1月以内の申請義務は課されていないため。
令和7年度第15問,不動産登記法,ウ,共用部分である旨の登記のある甲建物に附属建物がある場合において、当該附属建物を甲建物から分割して乙建物とする建物の分割の登記を申請するときは、甲建物の所有者を証する情報を提供しなければならない。,○,共用部分である旨の登記がされている建物の附属建物を分割する場合、権利の主体を明確にするため所有権を証する情報が必要となるため。
令和7年度第15問,不動産登記法,エ,甲建物について共用部分である旨の登記を申請する場合において、甲建物が数人の共有に属するときは、甲建物の共有者全員で申請しなければならない。,×,共用部分である旨の登記の申請は、建物の性質を明らかにするものであり、保存行為として共有者の一人から単独で申請できるため。
令和7年度第15問,不動産登記法,オ,甲区分建物について共用部分である旨の登記を申請する場合において、甲区分建物の属する一棟の建物以外の一棟の建物に属する区分建物の区分所有者が、甲区分建物を共用すべき区分所有者であるときは、当該区分所有者の氏名又は名称を申請情報の内容として提供しなければならない。,×,他の棟の区分所有者が共用する場合は、その区分所有者の氏名ではなく、その区分建物を特定する事項（所在、家屋番号等）を提供する必要があるため。
令和7年度第16問,不動産登記法,ア,対象土地の共有者の一人が筆界特定の申請人である場合には、申請人でない対象土地の他の共有者は、筆界特定登記官に対し、対象土地の筆界について意見又は資料を提出することができる。,○,申請人以外の共有者も関係人として、手続において意見や資料を提出することができるため。
令和7年度第16問,不動産登記法,イ,甲土地を所有するＡが、隣接する乙土地を所有するＢに対し、Ａが所有する範囲について所有権の確認の訴えを提起し、その判決が確定した場合には、Ａは、甲土地及び乙土地を対象土地として筆界特定の申請をすることができない。,×,所有権確認訴訟の判決が確定していても、筆界（公法上の境界）を確定する筆界確定訴訟の判決が確定していない限り、筆界特定の申請は可能であるため。
令和7年度第16問,不動産登記法,ウ,筆界特定の関係人は、筆界が特定されるまでの間は、当該筆界特定の手続において作成された調書及び提出された資料の閲覧を請求することができない。,×,手続の透明性確保のため、筆界特定前であっても関係人は調書や資料の閲覧を請求することができるため。
令和7年度第16問,不動産登記法,エ,筆界特定の申請人は、書面申請の方法により筆界特定の申請をする際に対象土地の所有権を有することを証する書面として売買契約書の原本を添付したときは、当該売買契約書の原本の還付を請求することができる。,○,所有権証明情報として提出した原本については、原本還付請求の手続をとることで還付を受けることができるため。
令和7年度第16問,不動産登記法,オ,甲土地と乙土地の筆界について既に甲土地の所有者を申請人とする筆界特定登記官による筆界特定がされていた場合であっても、当該筆界特定登記官が当該申請人の叔父であったという事情が判明したときは、乙土地の所有者は、改めて甲土地を対象土地として筆界特定の申請をすることができる。,○,登記官が申請人の親族（除斥事由該当）であった場合、その筆界特定の手続には瑕疵があるため、改めて筆界特定の申請をすることができるため。
令和7年度第17問,不動産登記法,ア,登記官の処分に不服がある場合であっても、当該処分があったことを知った日の翌日から起算して1月を経過したときは、審査請求をすることができない。,×,登記官の処分に対する審査請求については、行政不服審査法の一般的な期間制限は適用されず、期間の制限なく行うことができるため。
令和7年度第17問,不動産登記法,イ,法務局又は地方法務局の長が審査請求につき裁決したときは、裁決書の謄本を審査請求人及び登記官に交付する。,○,裁決が行われた場合、その結果を知らせるために裁決書の謄本が審査請求人等に交付されるため。
令和7年度第17問,不動産登記法,ウ,筆界特定登記官による筆界特定がされた場合には、申請人は、筆界特定の結果に不服があることを理由とする審査請求をすることができる。,×,筆界特定の結果に対する不服は、審査請求ではなく、裁判所に対する筆界確定の訴え等によって争うべきとされているため。
令和7年度第17問,不動産登記法,エ,甲土地について土地の地積の更正の登記がされた場合において、甲土地と隣接する乙土地の所有者は、筆界に異議があることを理由として、甲土地の地積の更正の登記の取消しを求める審査請求をすることができる。,×,隣接地の所有者は、当該土地の更正の登記に関して直接の登記上の利害関係を有するとは認められず、審査請求の適格を持たないため。
令和7年度第17問,不動産登記法,オ,Ａが所有権の登記名義人である土地の分筆の登記の申請が却下された場合において、Ａがその却下処分につき審査請求をしたときは、当該土地の抵当権の登記名義人であるＢは、参加人として当該審査請求に参加することができない。,○,却下処分に対する審査請求は申請人の救済手続であり、利害関係人であっても参加人として手続に参加することは認められていないため。
令和7年度第18問,不動産登記法,ア,法定相続情報一覧図の保管の申出を行う場合には、申出人が提出すべき法定相続情報一覧図には被相続人の本籍地の記載を要する。,×,法定相続情報一覧図には被相続人の最後の住所及び生年月日等を記載すれば足り、本籍地の記載は必須ではないため。
令和7年度第18問,不動産登記法,イ,法定相続情報一覧図の写しの再交付の申出は、当該法定相続情報一覧図の保存期間が満了するまで行うことができる。,○,保存期間内（作成年の翌年から5年間等）であれば、申出人は何度でも写しの再交付を申し出ることができるため。
令和7年度第18問,不動産登記法,ウ,法定相続情報一覧図の保管の申出の際に添付書面として提出された相続人の戸籍の全部事項証明書は、返却されない。,×,保管申出に添付した戸籍謄本等は、原本還付請求の手続を行うことにより返却（還付）を受けることができるため。
令和7年度第18問,不動産登記法,エ,法定相続情報一覧図の保管の申出は、申出人を所有権の登記名義人とする不動産の所在地を管轄する登記所にすることができる。,×,管轄は「被相続人の本籍地」「被相続人の最後の住所地」「申出人の住所地」「被相続人名義の不動産の所在地」のいずれかであり、申出人名義の不動産所在地ではないため。
令和7年度第18問,不動産登記法,オ,土地の表示に関する登記を申請する場合において、相続があったことを証する情報として当該相続に係る法定相続情報一覧図を識別するための法定相続情報番号を提供するときは、法定相続情報一覧図の写しを提供することを要しない。,○,法定相続情報番号を提供することによって登記所側で情報を確認できるため、書面としての写しの添付は省略できるため。
令和7年度第19問,不動産登記法,ア,1個の建物の表題部所有者の住所の更正の登記の申請をする場合には、納付すべき登録免許税の額は1000円となる。,×,表題部の変更・更正登記（表題部所有者の住所変更等を含む）は、登録免許税法上、非課税とされているため。
令和7年度第19問,不動産登記法,イ,私人を所有権の登記名義人とする土地の一部を買い受けた地方公共団体が、私人に代位して当該土地を2筆にする分筆の登記の嘱託をする場合には、登録免許税は課されない。,○,国や地方公共団体が自己のために代位して行う分筆の登記等については、非課税となるため。
令和7年度第19問,不動産登記法,ウ,いずれも所有権の登記のある3筆の土地を合筆する旨の登記をした後に、錯誤を原因として当該登記を抹消する旨の登記の申請をする場合には、納付すべき登録免許税の額は3000円となる。,×,合筆の登記の抹消は、合筆後の1つの不動産に対する抹消登記として扱われるため、登録免許税は不動産1個分（1000円）となるため。
令和7年度第19問,不動産登記法,エ,5筆の土地の所有権を敷地権とする所有権の登記のある1個の区分建物を2個の区分建物とする再区分の登記の申請をする場合には、納付すべき登録免許税の額は2000円となる。,○,敷地権付き区分建物の再区分（分割）による変更の登記は、増加する不動産（1個）と敷地権の数（5筆）などの計算に基づくのではなく、建物の分割による増加1個分（1000円）等の定額規定等が適用されるため。
令和7年度第19問,不動産登記法,オ,所有権の登記がある附属建物付きの甲建物から当該附属建物を分割して、これを乙建物の附属建物としようとする場合において、建物の分割の登記と建物の合併の登記を一の申請情報によって申請するときは、納付すべき登録免許税の額は3000円となる。,×,所有権の登記がある建物の分割・合併の登記の登録免許税は、分割により増加する建物および合併により消滅する建物の数で計算され、この場合は3000円とはならないため。
令和7年度第20問,土地家屋調査士法,ア,土地家屋調査士法人は、定款を変更したときは、法定の期間内に、変更に係る事項を、主たる事務所の所在地を管轄する法務局又は地方法務局に届け出なければならない。,×,定款変更の届出は、主たる事務所の所在地の所属する土地家屋調査士会を経由して、日本土地家屋調査士会連合会に対して行わなければならないため。
令和7年度第20問,土地家屋調査士法,イ,土地家屋調査士は、置いていた補助者を置かなくなったときは、遅滞なく、その旨を所属の土地家屋調査士会に届け出なければならない。,○,土地家屋調査士法施行規則により、補助者の設置・変更・廃止については遅滞なく所属する調査士会へ届け出る義務があるため。
令和7年度第20問,土地家屋調査士法,ウ,土地家屋調査士は、日本土地家屋調査士会連合会に届け出ることにより、複数の都道府県に事務所を設置することができる。,×,土地家屋調査士法により、調査士は事務所を複数設けること（二重事務所）が禁止されているため。
令和7年度第20問,土地家屋調査士法,エ,土地家屋調査士法人の社員である土地家屋調査士は、その登録を取り消された場合には、当該法人を当然に脱退する。,○,土地家屋調査士の資格喪失や登録取消しは、調査士法人の社員の法定退社（脱退）事由に該当するため。
令和7年度第20問,土地家屋調査士法,オ,土地家屋調査士が心身の故障により業務を行うことができないときは、日本土地家屋調査士会連合会は、その登録を取り消さなければならない。,×,心身の故障等による登録の取消し処分等の権限を有するのは日本土地家屋調査士会連合会ではなく、法務大臣であるため。
令和6年度第1問,民法,ア,行為能力に関し、成年後見人は、成年被後見人が後見開始の審判を受ける前に締結した契約について、その締結の時に既に後見開始の事由が存在していたことを証明して、取り消すことができる。,×,成年後見人による取消権は後見開始の審判後の行為に限られ、審判前の行為については意思能力の欠如による無効を主張できるにとどまるため。
令和6年度第1問,民法,イ,行為能力に関し、未成年者が法定代理人の同意を得ずにしたことを理由として法律行為を取り消すことができる場合には、その取消権の行使は、未成年者が単独ですることができる。,○,制限行為能力者は、法定代理人の同意を得ることなく、自ら単独で取消権を行使することができるため。
令和6年度第1問,民法,ウ,行為能力に関し、未成年者は、取り消すことができることを知って契約を締結した場合には、その契約を取り消すことができない。,×,取消権の存在を知って法律行為を行ったとしても、未成年者であることを理由とする取消権は消滅しないため。
令和6年度第1問,民法,エ,行為能力に関し、成年被後見人であるＡがＢから日用品を買った場合には、Ａの成年後見人Ｃは、Ａが成年被後見人であることをＢが知っていたときに限り、当該日用品の売買契約を取り消すことができる。,×,日用品の購入その他日常生活に関する行為は、相手方の善意・悪意を問わず、完全な行為能力を有するとみなされ取り消すことができないため。
令和6年度第1問,民法,オ,行為能力に関し、被保佐人が保佐人の同意を得ずにしたことを理由として法律行為を取り消すことができる場合には、その法律行為の相手方は、保佐人に対し、その法律行為を追認するかどうかを確答すべき旨の催告をすることができる。,○,制限行為能力者の相手方は、保佐人等に対し1か月以上の期間を定めて追認するかどうかの催告をすることができるため。
令和6年度第2問,民法,ア,Ａがその所有する甲土地をＢに売却した場合に関し、Ａが甲土地をＢに売却した後、その旨の登記がされない間に、更に甲土地をＣに売却した場合において、ＡＣ間の売買の時点で、ＡＢ間の売買についてＣが悪意であったときは、Ｂは、甲土地について所有権の移転の登記を備えなくても、Ｃに対し、甲土地の所有権の取得を対抗することができる。,×,二重譲渡において、第2譲受人が悪意であっても背信的悪意者でない限り、対抗要件（登記）を備えなければ所有権を主張できないため。
令和6年度第2問,民法,イ,Ａがその所有する甲土地をＢに売却した場合に関し、Ａが甲土地をＢに売却した後、その旨の登記がされない間に、Ｃのために抵当権を設定した場合には、Ｂは、甲土地について所有権の移転の登記を備えなくても、Ｃの抵当権が実行されて買受人となったＤに対し、甲土地の所有権の取得を対抗することができる。,×,抵当権の実行による買受人Dは第三者にあたり、Bは登記を備えなければDに対して所有権を対抗できないため。
令和6年度第2問,民法,ウ,Ａがその所有する甲土地をＢに売却した場合に関し、Ｂが甲土地を更にＣに売却した場合には、Ｃは、甲土地について所有権の移転の登記を備えなくても、Ａに対し、甲土地の所有権の取得を対抗することができる。,○,AとCは前主と後主の関係にあり、対抗問題を生じる第三者ではないため、Cは登記なくしてAに所有権を主張できるため。
令和6年度第2問,民法,エ,Ａがその所有する甲土地をＢに売却した場合に関し、Ａが甲土地をＢに売却した後、その旨の登記がされない間に、Ａが死亡し、Ａの唯一の相続人である子Ｃが甲土地を相続した場合には、Ｂは、甲土地について所有権の移転の登記を備えなくても、Ｃに対し、甲土地の所有権の取得を対抗することができる。,○,相続人は被相続人の包括承継人であり、対抗問題における第三者に該当しないため、Bは登記なくしてCに所有権を主張できるため。
令和6年度第2問,民法,オ,Ａがその所有する甲土地をＢに売却した場合に関し、Ｂは、甲土地について所有権の移転の登記を備えなければ、甲土地を無権原で占有するＣに対し、甲土地の明渡しを請求することができない。,×,不法占拠者であるCは対抗問題の第三者には該当しないため、Bは登記を備えなくても明渡しを請求できるため。
令和6年度第3問,民法,ア,Ａを被相続人とする代襲相続に関し、Ａの死亡以前にＡの実子Ｂが死亡していた場合であっても、Ｂの養子Ｃは、Ａの代襲相続人とならない。,×,Aの死亡以前に死亡したBの養子であっても、Aの直系卑属であれば（AとBが縁組した後にBが縁組した場合等）代襲相続人となるため。
令和6年度第3問,民法,イ,Ａを被相続人とする代襲相続に関し、Ａの死亡以前にＡの実子Ｂが死亡していた場合には、Ａの死亡時に胎児であり、その後生きて生まれたＢの子Ｃは、Ａの代襲相続人となる。,○,胎児は相続については既に生まれたものとみなされるため、代襲相続人となることができるため。
令和6年度第3問,民法,ウ,Ａを被相続人とする代襲相続に関し、Ａの実子Ｂが廃除によってＡの相続権を失った場合には、Ｂの実子Ｃは、Ａの代襲相続人となる。,○,相続人の廃除は代襲相続の原因となるため、その直系卑属は代襲相続人となるため。
令和6年度第3問,民法,エ,Ａを被相続人とする代襲相続に関し、Ａの死亡以前にＡの配偶者Ｂが死亡していた場合であっても、Ｂとその元配偶者Ｃとの間の実子Ｄは、Ａの代襲相続人とならない。,○,配偶者の連れ子Dは、Aと養子縁組をしていない限りAの直系卑属ではなく、代襲相続人にはならないため。
令和6年度第3問,民法,オ,Ａを被相続人とする代襲相続に関し、Ａに子がなく、かつ、Ａの死亡以前にＡの父Ｂ及び母Ｃが死亡していた場合において、Ｂの父Ｄが生存しているときは、Ｄは、Ａの代襲相続人となる。,×,直系尊属の相続は親等の近い者が順次優先するだけであり、代襲相続の制度（民法887条2項）によるものではないため。
令和6年度第4問,不動産登記法,ア,表題登記の添付情報に関し、土地の表題登記を申請する場合において、申請人である当該土地の所有者が住民基本台帳法に規定する住民票コードを提供したときは、申請情報と併せて住所を証する情報を提供することを要しない。,○,住民票コードを提供した場合には、住民票の写しなどの住所を証する情報の提供を省略することができるため。
令和6年度第4問,不動産登記法,イ,表題登記の添付情報に関し、表題登記がない甲土地を所有するＡが死亡し、その相続人がＢである場合において、Ｂの住所が記載されている法定相続情報一覧図の写しを提供して、Ｂを表題部所有者とする甲土地の表題登記を申請するときであっても、Ｂの住所を証する情報を提供しなければならない。,×,法定相続情報一覧図の写しに住所の記載がある場合は、それが住所証明情報となるため別途の提供は不要であるため。
令和6年度第4問,不動産登記法,ウ,表題登記の添付情報に関し、複数の者が共有する土地を敷地とする建物の表題登記を申請する場合には、表題部所有者となる者の所有権を有することを証する情報として提供する当該建物の敷地所有者による証明情報は、当該敷地の持分の過半数を有する者によるものでなければならない。,×,敷地所有者による証明情報（いわゆる敷地証明）は、持分の過半数ではなく、敷地の共有者全員による証明が必要であるため。
令和6年度第4問,不動産登記法,エ,表題登記の添付情報に関し、土地家屋調査士が代理人として電子申請の方法により合同会社を所有者とする建物の表題登記を申請する場合において、当該合同会社による電子署名が付された代理権限を証する情報を提供したときであっても、添付情報として、当該合同会社の会社法人等番号を提供しなければならない。,○,代表者の資格を証する情報として、電子署名の有無にかかわらず会社法人等番号の提供が必要であるため。
令和6年度第4問,不動産登記法,オ,表題登記の添付情報に関し、区分建物の表題登記を申請する場合において、規約により専有部分と敷地利用権との分離処分を可能とする旨を定めたことにより地上権が当該区分建物の敷地権とならないときであっても、その敷地利用権が地上権であり、かつ、当該区分建物が属する一棟の建物の敷地について登記された地上権の登記名義人が当該区分建物の所有者であるときは、添付情報として、当該規約の定めを証する情報を提供することを要しない。,×,敷地権となるべき権利を敷地権としない場合には、その根拠となる規約（分離処分可能規約）を提供しなければならないため。
令和6年度第5問,不動産登記法,ア,添付情報に関し、地役権の登記がある承役地の分筆の登記を申請する場合において、地役権設定の範囲が分筆後の土地の一部であるときに提供する当該地役権設定の範囲を証する書面は、調査士報告方式の対象となる。,×,地役権設定の範囲を証する書面には作成者の印鑑証明書の添付を要する場合があり、原本提示を省略できる調査士報告方式の対象外とされているため。
令和6年度第5問,不動産登記法,イ,添付情報に関し、建物の滅失の登記を申請する場合に代理人の権限を証する情報として提供する委任状は、調査士報告方式の対象となる。,○,滅失登記の委任状は、所有権登記名義人等の印鑑証明書の添付が不要であるため、調査士報告方式の対象となるため。
令和6年度第5問,不動産登記法,ウ,添付情報に関し、建物の表題登記を申請する場合に所有権を有することを証する情報として提供する工事施工会社作成の工事完了引渡証明書は、調査士報告方式の対象となる。,○,工事完了引渡証明書は、法人の印鑑証明書の提供を省略できる措置等がある場合を含め調査士報告方式の対象となるため。
令和6年度第5問,不動産登記法,エ,添付情報に関し、表題部所有者の更正の登記を申請する場合に表題部所有者の承諾を証する情報として提供する承諾書は、調査士報告方式の対象となる。,×,更正登記において不利益を受ける表題部所有者の承諾書には印鑑証明書の添付が必要であり、調査士報告方式の対象外であるため。
令和6年度第5問,不動産登記法,オ,添付情報に関し、抵当権の登記がある甲建物と抵当権の登記がない乙建物が合体して1個の建物となった場合において、合体後の建物についての建物の表題登記及び合体前の建物についての建物の表題部の登記の抹消を申請するときに当該抵当権の登記名義人が当該抵当権を合体後の建物について消滅させることについて承諾したことを証する情報として提供する当該抵当権の登記名義人作成の承諾書は、調査士報告方式の対象となる。,×,権利の消滅に関する承諾書には印鑑証明書等が必要となり、調査士報告方式の対象外であるため。
令和6年度第6問,不動産登記法,ア,地図等に関し、地図を作成するための測量は、近傍に基本三角点等が存しない場合には、近傍の恒久的な地物を基礎として行うことができる。,×,地図作成測量は基本三角点等又はその他の測量標を基礎とする必要があり、恒久的な地物を基礎とできるのは建物所在図等に限られるため。
令和6年度第6問,不動産登記法,イ,地図等に関し、地図に表示された隣接する2筆の土地の区画に誤りがあることによる地図の訂正の申出をする場合において、当該2筆の土地が同一の登記所の管轄区域内にあるときは、一の地図訂正申出情報により申出をすることができる。,×,地図訂正の申出は、原則として対象となる1筆の土地ごとに申出情報を作成して行わなければならないため。
令和6年度第6問,不動産登記法,ウ,地図等に関し、新たに地図が備え付けられたことによって従前の地図に準ずる図面が閉鎖された場合であっても、当該地図に準ずる図面の保存期間は、永久とされる。,○,閉鎖された地図及び地図に準ずる図面の保存期間は永久であると規定されているため。
令和6年度第6問,不動産登記法,エ,地図等に関し、地図に表示された土地の区画に誤りがあることによる地図の訂正の申出をする場合において、その誤りを閉鎖された地図に準ずる図面により確認することができるときは、地図に表示された土地の区画に誤りがあることを証する情報として、当該地図に準ずる図面を特定する情報を提供すれば足りる。,○,登記所に保存されている閉鎖図面等で誤りを確認できる場合は、当該図面を特定する情報を提供することで足りるため。
令和6年度第6問,不動産登記法,オ,地図等に関し、土地の分筆の登記の申請をする際に添付情報として提供した地積測量図の分筆線に誤りがあり、その誤った分筆線で当該分筆の登記がされた場合には、当該分筆線が誤りであることを証する情報を提供して、地図の訂正の申出により分筆線を訂正することができる。,×,完了した分筆登記の分筆線に錯誤がある場合は、地図訂正ではなく、錯誤を原因とする分筆前の状態に戻す登記手続き（抹消等）による必要があるため。
令和6年度第7問,不動産登記法,ア,地積に関する更正の登記に関し、甲土地の登記記録の地積と申請情報の内容とする地積との差が公差の範囲内である場合であっても、甲土地の地積に関する更正の登記を申請することができる。,○,地積の差が公差の範囲内であっても、実測に基づき正確な地積へ更正する登記の申請は認められるため。
令和6年度第7問,不動産登記法,イ,地積に関する更正の登記に関し、地殻変動によって一筆の土地の一部が常時海面下に没するようになった場合には、当該一筆の土地の地積が減少したことによる地積に関する更正の登記を申請することができる。,×,土地の一部が海没した場合は後発的な事象による一部滅失であり、地積更正登記ではなく地積変更登記として取り扱うべきであるため。
令和6年度第7問,不動産登記法,ウ,地積に関する更正の登記に関し、土地の地積が減少することとなる地積に関する更正の登記を申請する場合において、当該土地に抵当権の登記があるときであっても、当該抵当権の登記名義人が地積を更正することについて承諾したことを証する情報を提供することを要しない。,○,地積更正の登記は表題部の登記であり、権利部の登記名義人（抵当権者等）の承諾情報の提供は法令上要求されていないため。
令和6年度第7問,不動産登記法,エ,地積に関する更正の登記に関し、土地の地積が増加することとなる地積に関する更正の登記を申請する場合には、当該土地に隣接する土地の所有権の登記名義人が地積を更正することについて承諾したことを証する情報を提供しなければならない。,×,更正の登記の申請情報自体において隣接土地所有者の承諾情報の提供は要件とされておらず、地積測量図作成過程の筆界確認書等で処理される事項であるため。
令和6年度第7問,不動産登記法,オ,地積に関する更正の登記に関し、土地の登記記録の地積に誤りがあることが判明した後に当該土地の所有権の登記名義人となった者は、その者に係る所有権の登記があった日から1か月以内に、当該土地の地積に関する更正の登記を申請しなければならない。,×,地積更正登記については、表題登記等とは異なり、所有権登記名義人等に1か月以内の申請義務は課されていないため。
令和6年度第8問,不動産登記法,ア,土地の分筆の登記に関し、要役地についてする地役権の登記がある土地について、その所有権の登記名義人であり、地役権者である株式会社が分筆の登記を申請する場合において、当該地役権を分筆後のいずれかの土地について消滅させることを証する書面を添付情報として提供し、当該株式会社の会社法人等番号を申請情報として提供したときは、当該株式会社の印鑑に関する証明書の提供を要しない。,○,法人が承諾書等を提供する場合、会社法人等番号を提供することで代表者の印鑑証明書の提供を省略できるため。
令和6年度第8問,不動産登記法,イ,土地の分筆の登記に関し、Ａが表題部所有者である甲土地とＡが所有権の登記名義人である乙土地とが同一の登記所の管轄区域内にある場合であっても、甲土地の分筆の登記と乙土地の分筆の登記とを、一の申請情報によって申請することはできない。,×,実質的に同一人であるAが申請人となる複数の分筆登記は、管轄が同一であれば一の申請情報により一括して申請することができるため。
令和6年度第8問,不動産登記法,ウ,土地の分筆の登記に関し、甲土地の所有権の登記名義人であるＡが死亡し、その唯一の相続人であるＢが甲土地の分筆の登記を申請する場合において、その相続に関して法定相続情報一覧図の写しを添付情報として提供したときは、Ｂは、Ａの相続人である旨を申請情報の内容とすることを要しない。,×,相続人が被相続人名義の土地の分筆登記を申請する場合、申請情報の内容として自らが相続人である旨を記録しなければならないため。
令和6年度第8問,不動産登記法,エ,土地の分筆の登記に関し、株式会社が所有権の登記名義人である甲土地について、地方公共団体が代位により甲土地から乙土地を分筆する分筆の登記を嘱託する場合には、登録免許税は課されない。,○,地方公共団体が自己の権利を保全するために代位して行う分筆の登記嘱託は、登録免許税が非課税となるため。
令和6年度第8問,不動産登記法,オ,土地の分筆の登記に関し、Ａ、Ｂ及びＣが所有権の登記名義人であり、持分がそれぞれ3分の1である甲土地から乙土地を分筆する分筆の登記を申請する場合には、Ａ、Ｂ及びＣの全員でしなければならない。,×,分筆の登記は不動産の保存行為に該当するため、共有者の一人から単独で申請することができるため。
令和6年度第9問,不動産登記法,ア,合筆の登記に関し、甲土地及び乙土地いずれも所有権の登記名義人がＡ及びＢである場合において、甲土地についてＡの持分を5分の3とし、Ｂの持分を5分の2とする登記がされており、乙土地についてＡの持分を5分の2とし、Ｂの持分を5分の3とする登記がされているときは、乙土地を甲土地に合筆する合筆の登記を申請することができない。,○,共有持分が相互に異なる土地の合筆は、権利関係の混乱を招くため認められていないため。
令和6年度第9問,不動産登記法,イ,合筆の登記に関し、登記記録の地目がいずれも同一である甲土地及び乙土地について、その現況の地目が甲土地と乙土地とでそれぞれ異なる場合であっても、乙土地を甲土地に合筆する合筆の登記を申請することができる。,×,合筆の要件として現況の地目が同一であることも求められるため、現況の地目が異なる場合は合筆できないため。
令和6年度第9問,不動産登記法,ウ,合筆の登記に関し、地方公共団体が所有する土地について、当該地方公共団体が合筆の登記を嘱託する場合には、登記識別情報を提供することを要しない。,○,官公署が登記権利者等として合筆等の登記を嘱託する場合、登記識別情報の提供は免除されているため。
令和6年度第9問,不動産登記法,エ,合筆の登記に関し、Ａ及びＢが表題部所有者として登記されている甲土地に、Ａ及びＢを所有権の登記名義人とする乙土地を合筆する合筆の登記を申請することができる。,×,所有権の登記がない土地（表題部のみ）と所有権の登記がある土地との合筆は認められていないため。
令和6年度第9問,不動産登記法,オ,合筆の登記に関し、承役地についてする地役権の登記がある甲土地に地役権の登記がない乙土地を合筆する合筆の登記を申請する場合には、地役権設定の範囲を申請情報の内容としなければならない。,○,合筆後において地役権が及ぶ範囲を特定する必要があるため、地役権設定の範囲を申請情報の内容としなければならないため。
令和6年度第10問,不動産登記法,ア,地役権図面に関し、書面を提出する方法により地役権図面を提供する場合には、当該地役権図面に地役権者が署名し、又は記名押印しなければならない。,○,不動産登記規則において、地役権図面には地役権者（承役地所有者ではなく権利者）が署名又は記名押印することが定められているため。
令和6年度第10問,不動産登記法,イ,地役権図面に関し、承役地についてする地役権の登記がある土地の分筆の登記を申請する場合において、その添付情報として地積測量図と併せて地役権図面を提供するときは、当該地役権図面の縮尺を当該地積測量図の縮尺と同一にしなければならない。,×,地役権図面は適宜の縮尺で作成すれば足り、地積測量図と縮尺を同一にしなければならないという規定はないため。
令和6年度第10問,不動産登記法,ウ,地役権図面に関し、承役地についてする地役権の登記がある甲土地に地役権図面が備え付けられている場合において、甲土地から乙土地を分筆する分筆の登記を申請し、地役権設定の範囲が分筆後の甲土地の一部のみとなるときは、当該申請の申請情報と併せて地役権図面を提供することを要しない。,×,分筆により地役権の範囲が特定の筆の一部となる場合には、範囲を明確にするため新たな地役権図面を提供しなければならないため。
令和6年度第10問,不動産登記法,エ,地役権図面に関し、承役地についてする地役権の登記がある甲土地に地役権図面が備え付けられている場合において、新たな地役権図面を添付情報として提供して甲土地から乙土地を分筆する分筆の登記を申請し、当該登記がされたときは、従前の地役権図面は、閉鎖される。,○,新たな地役権図面が登記所に提供され登記が完了した場合、重複を避けるため従前の地役権図面は閉鎖されるため。
令和6年度第10問,不動産登記法,オ,地役権図面に関し、地役権図面には、要役地の所在地番を記録しなければならない。,×,地役権図面には方位、縮尺、承役地の筆界等の記録事項は定められているが、要役地の所在地番の記録は求められていないため。
令和6年度第11問,不動産登記法,ア,登記の代位申請に関し、Ａを所有権の登記名義人とする甲建物の附属建物について、ＡＢ間で売買契約が締結され、Ｂが当該附属建物の所有権を取得した場合には、Ｂは、Ａに代位して甲建物の分割の登記を申請することができる。,○,判例上、附属建物の買受人は所有権移転の前提として、売主（A）に代位して建物の分割登記を申請できるため。
令和6年度第11問,不動産登記法,イ,登記の代位申請に関し、Ａを所有権の登記名義人とする甲土地及び乙土地を合筆してＢに売却する旨の売買契約がＡＢ間で締結された場合には、Ｂは、甲土地及び乙土地について売買を原因とする所有権の移転の登記を申請する前提として、Ａに代位して土地の合筆の登記を申請することができる。,×,土地の合筆の登記は物理的状況の変動を伴うものではないため、処分の前提としての代位申請は認められないため。
令和6年度第11問,不動産登記法,ウ,登記の代位申請に関し、区分建物の所有権の原始取得者であるＡが当該区分建物をＢに売却し、その後、Ｂが当該区分建物をＣに売却した場合において、Ａが当該区分建物の表題登記を申請しないときであっても、Ｃは、Ａに代位して当該区分建物の表題登記を申請することができない。,×,区分建物の特定承継人であるＣは、前主Ｂに代位し、さらに原始取得者Ａに代位して（順次代位）、表題登記を申請できるため。
令和6年度第11問,不動産登記法,エ,登記の代位申請に関し、Ａを所有権の登記名義人とする甲土地の一部に地役権を設定したＢは、Ａに代位して甲土地の分筆の登記を申請することができない。,○,地役権は一筆の土地の一部にも設定可能であり分筆を必須としないため、地役権設定を理由とする分筆の代位申請は認められないため。
令和6年度第11問,不動産登記法,オ,登記の代位申請に関し、Ａ及びＢが所有権の登記名義人である甲建物が増築されたことにより、甲建物の床面積が変更された場合において、Ｂが甲建物の床面積の変更の登記の申請に応じないときは、Ａは、Ｂに代位して当該申請をすることができる。,×,建物の床面積の変更登記は不動産の保存行為にあたり、共有者の一人（A）から単独で申請できるため、他の共有者（B）に代位する必要はないため。
令和6年度第12問,不動産登記法,ア,建物の認定に関し、上屋を有する駅のホーム内にある売店は、基礎工事が施されてホームに定着しており、周壁により外気と分断されている場合には、建物として登記することができる。,×,駅のプラットホーム内の売店は、ホームと一体となっており独立した建物とは認定されず、建物として登記できないため。
令和6年度第12問,不動産登記法,イ,建物の認定に関し、鋼管製の脚柱により土地に定着し、鉄板により外気と分断されている家畜の飼料の貯蔵所であるサイロは、建物として登記することができる。,○,サイロで土地への定着性、外気分断性、用途性（貯蔵所）の建物要件を満たすものは、独立の建物として登記できるため。
令和6年度第12問,不動産登記法,ウ,建物の認定に関し、廃車となった鉄道車両は、基礎工事が施されて土地に定着しており、店舗の用途に供されている場合には、建物として登記することができる。,○,廃車両であっても、基礎工事で土地に定着し、店舗としての用途性などの建物要件を満たせば建物として登記できるため。
令和6年度第12問,不動産登記法,エ,建物の認定に関し、開閉式円形ドーム屋根を有する野球場は、当該屋根の開閉可能部分の下にある観客席及びフィールド部分を除き、建物として登記することができる。,×,開閉式ドーム野球場は、開閉部分の下にあるフィールド部分等も含めて全体を1個の建物として登記するため。
令和6年度第12問,不動産登記法,オ,建物の認定に関し、円柱状の形をした大型の石油備蓄用の石油タンクは、建物として登記することができる。,×,石油タンク等の貯蔵用構築物は、屋根や周壁を備えた建物としての要件を欠くため、原則として建物として登記できないため。
令和6年度第13問,不動産登記法,ア,建物の所在に関し、表題登記がある建物の所在する行政区画の名称に変更があった場合には、当該建物の表題部の不動産所在事項の変更の登記を申請しなければならない。,×,行政区画の名称変更は法律上当然に変更されたものとみなされるため、当事者に変更登記の申請義務はないため。
令和6年度第13問,不動産登記法,イ,建物の所在に関し、区分建物が属する一棟の建物の規約敷地とされた土地の地番は、当該区分建物の一棟の建物の表示欄中の所在欄に記録される。,×,一棟の建物の所在欄には当該建物が現に存在する土地の地番が記録され、建物の存しない規約敷地の地番は記録されないため。
令和6年度第13問,不動産登記法,ウ,建物の所在に関し、仮換地が指定された土地の上に建物が新築された場合において、当該建物の表題登記を申請するときは、申請情報である建物の所在として、当該建物が現に存する土地の地番を提供しなければならない。,○,仮換地上の建物の所在は、仮換地の指定があっても、現に建物が存する底地（従前の土地）の地番で記録するため。
令和6年度第13問,不動産登記法,エ,建物の所在に関し、永久的な施設である桟橋上に建物が建築された場合において、当該建物の表題部に不動産所在事項を記録するときは、その建物から最も近い土地の地番を用いて「何番地先」のように記録する。,○,海面上や無地番の場所にある永久的施設の建物の所在は、隣接する最も近い土地の地番を用いて「何番地先」と記録するため。
令和6年度第13問,不動産登記法,オ,建物の所在に関し、附属建物がある区分建物の表題登記を申請する場合において、当該附属建物が区分建物であって、主である建物と同一の一棟の建物に属するときは、当該附属建物の所在地番を申請情報の内容とすることを要しない。,○,主である建物と同一の棟に属する区分建物の附属建物の所在は、一棟の建物の所在と共通であるため申請情報での提供を省略できるため。
令和6年度第14問,不動産登記法,ア,附属建物に関し、近接して建築されたが、効用上一体として利用される状態にない甲建物及び乙建物について、甲建物を主である建物とし、乙建物を附属建物とする建物の表題登記の申請は、することができない。,○,附属建物として登記するには、主である建物と効用上一体として利用される関係（主従関係）が必要となるため。
令和6年度第14問,不動産登記法,イ,附属建物に関し、甲建物を乙建物の附属建物とする建物の合併の登記を申請する場合には、添付情報として各階平面図を提供する必要はない。,×,建物の合併により建物の物理的構成が変わるため、変更後の状態を示す各階平面図（および建物図面）の提供が必要となるため。
令和6年度第14問,不動産登記法,ウ,附属建物に関し、所有権の登記がある甲建物の附属建物を新築する場合における不動産工事の先取特権の保存の登記がされた後に、当該附属建物の建築が完了したときは、甲建物の所有権の登記名義人は、遅滞なく、当該附属建物の新築による建物の表題部の変更の登記を申請しなければならない。,○,不動産工事の先取特権保存登記がある場合、建築完了後は1か月以内ではなく「遅滞なく」表題部の変更登記を申請する義務があるため。
令和6年度第14問,不動産登記法,エ,附属建物に関し、附属建物がある建物の表題登記を申請する場合において、附属建物の新築の日が主である建物の新築の日と同一であるときは、附属建物の新築の日を申請情報の内容とすることを要しない。,○,附属建物の新築日が主である建物の新築日と同一であるときは、重複記録を避けるため申請情報の内容としての提供を省略できるため。
令和6年度第14問,不動産登記法,オ,附属建物に関し、建物の附属建物を新築した場合において、建物の表題部の変更の登記を申請するときは、変更後の建物図面を添付情報として提供することを要しない。,×,附属建物の新築により建物の配置や形状が変更されるため、新たな状況を反映した変更後の建物図面を提供しなければならないため。
令和6年度第15問,不動産登記法,ア,建物の表示に関する登記に関し、表題部に建物の名称が記録されている区分建物でない建物の滅失の登記を申請する場合において、当該建物の名称を申請情報の内容とするときは、当該建物の構造及び床面積を申請情報の内容とすることを要しない。,×,建物の滅失の登記の申請情報には、建物を特定するために名称だけでなく構造及び床面積も内容としなければならないため。
令和6年度第15問,不動産登記法,イ,建物の表示に関する登記に関し、表題部所有者の氏名についての変更の登記の登記原因は、「氏名変更」である。,○,表題部所有者の氏名が変更された場合の登記原因は、年月日を付さず単に「氏名変更」と記録されるため。
令和6年度第15問,不動産登記法,ウ,建物の表示に関する登記に関し、建物の表題部所有者として誤ってＡが登記されているが、当該建物の真実の所有者がＢである場合には、Ａは、当該建物について、表題部所有者の更正の登記を申請することができる。,×,表題部所有者の更正登記の申請は、真正な所有者であるBからしなければならず、誤って登記されたAからは申請できないため。
令和6年度第15問,不動産登記法,エ,建物の表示に関する登記に関し、2階建ての建物を階層的に区分して1階部分を甲区分建物とし、2階部分を乙区分建物とする区分建物の表題登記を申請する場合には、甲区分建物及び乙区分建物のいずれの専有部分の建物の表示欄中の構造欄にも屋根の種類が記録されない。,○,区分建物の屋根の種類は「一棟の建物の構造」として記録され、各専有部分の建物の表示欄中の構造欄には記録されないため。
令和6年度第15問,不動産登記法,オ,建物の表示に関する登記に関し、共用部分である旨の登記がされており、複数の者が共有する建物の表題部の更正の登記は、当該建物の共有者全員が申請しなければならない。,×,建物の表題部の更正登記は不動産の保存行為にあたるため、共有者全員からではなく共有者の一人から単独で申請できるため。
令和6年度第16問,不動産登記法,ア,建物の分割又は合併の登記に関し、自然人であるＡを表題部所有者とする甲建物と乙建物について、Ａが乙建物を甲建物の附属建物とする建物の合併の登記を申請する場合には、Ａの印鑑に関する証明書を提供することを要する。,×,所有権の登記がない建物（表題部所有者のみ）同士の合併登記においては、印鑑証明書の提供は義務付けられていないため。
令和6年度第16問,不動産登記法,イ,建物の分割又は合併の登記に関し、甲建物及び乙建物のいずれにもＡを登記名義人とする所有権の移転請求権の仮登記がされている場合には、乙建物を甲建物の附属建物とする合併の登記を申請することができない。,○,所有権以外の権利の登記（所有権移転請求権仮登記を含む）がある建物同士の合併は、権利関係の混乱を防ぐため原則として申請できないため。
令和6年度第16問,不動産登記法,ウ,建物の分割又は合併の登記に関し、甲建物及び乙建物のいずれにも共用部分である旨の登記がある場合には、乙建物を甲建物の附属建物とする合併の登記を申請することができない。,○,共用部分である旨の登記がある建物は、他の建物と合併して一つの建物とすることは登記実務上認められていないため。
令和6年度第16問,不動産登記法,エ,建物の分割又は合併の登記に関し、一棟の建物として登記されている区分建物でない建物の中間部分を取り壊して、相互に接続しない2棟の建物とした場合において、いずれの建物も主である建物とするときに申請する表題部の変更の登記と建物の分割の登記とは、一の申請情報により申請することができない。,×,一部取壊しによる表題部変更登記とそれに伴う建物の分割登記は密接に関連するため、一の申請情報により申請できるため。
令和6年度第16問,不動産登記法,オ,建物の分割又は合併の登記に関し、抵当権の登記がある建物の分割の登記を申請する場合において、当該抵当権者が、分割後の全ての建物について当該抵当権を消滅させることを承諾したことを証する情報を提供したときは、分割後の全ての建物について当該抵当権が消滅した旨が記録される。,×,分割登記の申請によって抵当権を消滅させることができるのは分割された一部の建物のみであり、全ての建物について消滅させる場合は別途抹消登記が必要となるため。
令和6年度第17問,不動産登記法,ア,建物の滅失の登記に関し、抵当権の登記がある建物の滅失の登記を申請する場合には、当該抵当権の登記名義人の承諾を証する情報を提供しなければならない。,×,建物の滅失は物理的な事実に基づくものであり、滅失登記の申請にあたり抵当権者等、登記上の利害関係人の承諾情報は不要であるため。
令和6年度第17問,不動産登記法,イ,建物の滅失の登記に関し、甲建物の所有権の登記名義人であるＡが死亡した後に甲建物が滅失した場合には、Ａの相続人であるＢは、甲建物について相続を原因とする所有権の移転の登記がされた後に、甲建物の滅失の登記を申請しなければならない。,×,相続人Bは、相続による所有権移転登記を経ることなく、直接自己を申請人として建物の滅失の登記を申請できるため。
令和6年度第17問,不動産登記法,ウ,建物の滅失の登記に関し、所有者がいずれも異なる複数の区分建物が属する一棟の建物が滅失した場合には、一棟の建物の滅失の登記の申請は、区分建物の所有者の一人ですることができる。,○,一棟の建物に属する全区分建物が滅失した場合、他の区分所有者に代位して区分所有者の一人から一括して滅失登記を申請できるため。
令和6年度第17問,不動産登記法,エ,建物の滅失の登記に関し、所有権の移転の仮登記がある建物が滅失した場合には、当該仮登記の登記名義人は、当該建物の滅失の登記を申請することができる。,×,滅失の登記を申請できるのは表題部所有者または所有権登記名義人に限られ、所有権移転仮登記の登記名義人には申請権限がないため。
令和6年度第17問,不動産登記法,オ,建物の滅失の登記に関し、Ａが所有権の登記名義人である甲建物の全部を取り壊し、甲建物の材料を用いて甲建物と同じ種類、構造及び床面積の建物を別の土地に建築した場合には、Ａは、甲建物の滅失の登記を申請しなければならない。,○,甲建物の材料を用いて別の土地に建築した場合は建物の同一性が失われるため、旧建物の滅失登記と新建物の表題登記が必要になるため。
令和6年度第18問,不動産登記法,ア,区分建物の登記に関し、甲区分建物が属する一棟の建物の法定敷地として登記された土地について、当該一棟の建物とは別の一棟の建物の規約敷地とする敷地権の表示に関する登記の申請は、することができない。,×,区分建物が属する一棟の建物の法定敷地であっても、他の別の一棟の建物の規約敷地とすることは可能であるため。
令和6年度第18問,不動産登記法,イ,区分建物の登記に関し、区分建物の表題登記の申請をする場合において、当該区分建物が属する一棟の建物とは別の表題登記のない一棟の建物に属する区分建物を附属建物とするときは、当該附属建物とする区分建物が属する一棟の建物に属する他の区分建物の表題登記の申請と併せてしなければならない。,○,別の棟に属する未登記の区分建物を附属建物とする場合、その棟に属する他の区分建物の表題登記と一括して申請しなければならないため。
令和6年度第18問,不動産登記法,ウ,区分建物の登記に関し、甲土地及び乙土地が法定敷地として登記されている敷地権付き区分建物について、当該区分建物が属する一棟の建物の一部が取り壊されたことにより、甲土地上に当該一棟の建物が存しないこととなった場合には、甲土地について敷地権であった権利が敷地権でない権利になったことによる区分建物の表題部の変更の登記を申請しなければならない。,×,法定敷地上の建物が一部取壊しにより当該土地上に存しなくなったとしても、直ちに敷地権でない権利となるわけではなく、規約敷地とみなされるため。
令和6年度第18問,不動産登記法,エ,区分建物の登記に関し、甲区分建物と乙区分建物からなる一棟の建物のうち甲区分建物のみが滅失した場合には、甲区分建物の滅失の登記の申請は、乙区分建物の表題部の変更の登記の申請と併せてしなければならない。,×,一棟のうち一部の区分建物が滅失した場合は、滅失した建物の登記記録が閉鎖される手続きとなり、残存する建物の表題部変更の登記と併せて申請する必要はないため。
令和6年度第18問,不動産登記法,オ,区分建物の登記に関し、甲区分建物及び乙区分建物からなる一棟の建物について、甲区分建物が増築されたことにより、甲区分建物の床面積の変更の登記と当該一棟の建物の床面積の変更の登記とが申請された場合には、乙区分建物の所有権の登記名義人は、乙区分建物について、当該一棟の建物の床面積の変更の登記を申請することを要しない。,○,一棟の建物の床面積変更登記は、一の区分建物についての床面積変更登記と一括して申請された場合、他の区分所有者は申請を要しないため。
令和6年度第19問,不動産登記法,ア,筆界特定に関し、表題登記がある甲土地の所有者は、甲土地及び甲土地と1点のみで接している乙土地を対象土地として筆界特定の申請をすることができない。,○,筆界は線である必要があり、1点のみで接している場合は筆界特定になじまないため申請できないため。
令和6年度第19問,不動産登記法,イ,筆界特定に関し、表題登記がない甲土地の所有者が、甲土地とこれに隣接する表題登記がある乙土地との間の筆界について筆界特定の申請をする場合には、甲土地の所有者は、甲土地の所有権を有することを証する情報を提供しなければならない。,○,表題登記がない土地の所有者が申請する場合、所有者であることを証明するため所有権を証する情報の提供が必要となるため。
令和6年度第19問,不動産登記法,ウ,筆界特定に関し、表題登記がある甲土地に隣接する表題登記のある乙土地の一部の所有権を時効取得した者は、当該乙土地の一部が甲土地と隣接していない場合には、甲土地を対象土地として筆界特定の申請をすることができない。,×,時効取得者は対象土地（乙土地）の所有権取得者にあたるため、取得した一部が隣接していなくとも甲土地と乙土地との筆界特定の申請適格を有するため。
令和6年度第19問,不動産登記法,エ,筆界特定に関し、表題登記がない水路とこれに隣接する表題登記がない道路を対象土地とする筆界特定の申請は、することができない。,○,表題登記がない土地（水路等）同士の境界については、筆界特定の制度の対象外であり申請できないため。
令和6年度第19問,不動産登記法,オ,筆界特定に関し、筆界特定の申請に係る筆界について民事訴訟の手続により筆界の確定を求める訴えに係る訴訟が係属している場合には、当該筆界について筆界特定の申請をすることができない。,×,筆界確定訴訟が係属中であっても、その判決が確定する前であれば筆界特定の申請は可能であるため。
令和6年度第20問,土地家屋調査士法,ア,土地家屋調査士法に関し、土地家屋調査士は、正当な事由がある場合でなくても、筆界特定の手続についての代理業務に関する依頼を拒むことができる。,○,筆界特定の手続代理業務（民間紛争解決手続代理関係業務）については、登記申請代理のような受任義務の規定はないため。
令和6年度第20問,土地家屋調査士法,イ,土地家屋調査士法に関し、土地家屋調査士となる資格を有する者が日本土地家屋調査士会連合会に登録申請書を提出するときは、事務所を設けようとする地を管轄する法務局又は地方法務局を経由して提出しなければならない。,×,登録申請書は、事務所を設けようとする地を管轄する法務局等ではなく、入会しようとする土地家屋調査士会を経由して日本土地家屋調査士会連合会に提出するため。
令和6年度第20問,土地家屋調査士法,ウ,土地家屋調査士法に関し、土地家屋調査士は、正当な事由がある場合であっても、業務上取り扱った事件について知ることのできた秘密を他に漏らしてはならない。,×,業務上知り得た秘密であっても、正当な事由がある場合（法令に基づく証言義務など）は漏らすことが許容されるため。
令和6年度第20問,土地家屋調査士法,エ,土地家屋調査士法に関し、土地家屋調査士は、土地の表示に関する登記について必要な測量の業務の依頼を受けた場合において、やむを得ない事由があるときは、補助者に当該業務を取り扱わせることができる。,×,測量等の専門的な業務を補助者に全面的に取り扱わせること（名義貸し等）は禁止されており、やむを得ない事由があっても不可であるため。
令和6年度第20問,土地家屋調査士法,オ,土地家屋調査士法に関し、土地家屋調査士法人は、社員となろうとする土地家屋調査士が1人であっても、設立することができる。,○,法改正により、土地家屋調査士法人は社員が1人であっても設立可能（1人法人）となったため。
令和5年度第1問,民法,ア,無効及び取消しに関し、買主が売買契約を締結した当時に意思能力を有しなかったために当該契約が無効とされる場合には、売主は、買主に対し、当該契約に基づく目的物の引渡義務を負わない。,○,意思能力を欠く状態で行われた法律行為は無効であり、無効な契約に基づく債務（引渡義務等）は初めから生じないため。
令和5年度第1問,民法,イ,無効及び取消しに関し、売買契約が虚偽表示により無効である場合において、売主及び買主がそれぞれ無効であることを知って追認したときは、当該契約は、初めから有効であったものとみなされる。,×,無効な行為は追認しても初めから有効になるわけではなく、当事者が無効を知って追認したときは新たな行為をしたものとみなされるため。
令和5年度第1問,民法,ウ,無効及び取消しに関し、買主が強迫を理由として売買契約を取り消したときは、当該契約は、初めから無効であったものとみなされる。,○,取り消された行為は、民法第121条の規定により初めから無効であったものとみなされるため。
令和5年度第1問,民法,エ,無効及び取消しに関し、未成年者が法定代理人の同意を得なければすることができない契約をその同意を得ることなく締結した場合において、当該法定代理人が当該契約を追認したときであっても、当該未成年者本人は、法定の期間内に相手方に対して意思表示をすることにより、当該契約を取り消すことができる。,×,法定代理人による有効な追認があった後は、当該行為は完全に有効なものとして確定し、もはや取り消すことはできなくなるため。
令和5年度第1問,民法,オ,無効及び取消しに関し、取消権は、取消しの原因となっていた状況が消滅し、かつ、取消権者が取消権を有することを知った後でなければ、時効によって消滅することはない。,×,取消権は、追認をすることができる時（取消しの原因となっていた状況が消滅した時）から5年間行使しないとき、又は行為の時から20年を経過したときのいずれか早い時期に時効または除斥期間により消滅するため。
令和5年度第2問,民法,ア,物権的請求権に関し、Ａが甲土地の所有者Ｂから甲土地を買った場合において、ＡＢ間の売買契約上、甲土地の所有権の移転時期に関する特約がないときは、Ａは、当該契約締結後直ちに、Ｂに対して所有権に基づき甲土地の引渡しを請求することができる。,○,特約がない限り所有権は契約締結時に移転し、これに伴い買主は所有権に基づく引渡請求権（物権的請求権）を行使できるため。
令和5年度第2問,民法,イ,物権的請求権に関し、Ａが甲土地の所有者Ｂから甲土地を買った場合において、甲土地について、ＢからＡへの所有権の移転の登記がされていないときは、Ａは、甲土地を占有する無権利者Ｃに対して甲土地の明渡しを請求することができない。,×,不法占拠者などの無権利者は対抗問題を生じる第三者に該当せず、所有者Aは登記なくして所有権に基づく明渡しを請求できるため。
令和5年度第2問,民法,ウ,物権的請求権に関し、Ａが甲土地を所有し、その旨の登記がされている場合において、無権利者Ｂが甲土地上に乙建物を建て、占有補助者であるＣと共に居住しているときは、Ｃを建物から退去させるためには、Ａは、Ｃに対し、乙建物から退去して甲土地を明け渡すことを請求しなければならない。,×,Aの土地明渡請求の相手方は建物の所有者（処分権限を有する者）であるBであり、占有補助者にすぎないCに対して甲土地の明渡しを請求することはできないため（Cには退去のみを請求できる）。
令和5年度第2問,民法,エ,物権的請求権に関し、Ａ及びＢが甲土地を共有している場合において、無権利者Ｃが甲土地に産業廃棄物を不法投棄したときは、Ａは、単独で、Ｃに対して当該産業廃棄物を撤去するよう請求することができる。,○,不法投棄物の撤去請求は共有物の保存行為に該当するため、各共有者が単独で妨害排除請求権を行使できるため。
令和5年度第2問,民法,オ,物権的請求権に関し、所有権が時効によって消滅することはないが、所有権に基づく返還請求権は時効によって消滅する。,×,所有権に基づく物権的請求権（返還請求権等）は所有権と一体のものであり、所有権自体が消滅時効にかからない以上、返還請求権も独立して消滅時効にかかることはないため。
令和5年度第3問,民法,ア,遺言に関し、遺言の全文、日付及び氏名がカーボン紙を用いて複写の方法で記載された自筆証書遺言は、無効である。,×,判例上、カーボン紙を用いた複写による記載であっても、自書（自らの手による記載）の要件を満たすものとして有効とされているため。
令和5年度第3問,民法,イ,遺言に関し、遺言者の推定相続人は、公正証書遺言の証人となることができない。,○,民法第974条により、未成年者や推定相続人、受遺者及びその配偶者並びに直系血族は、遺言の証人又は立会人となることができないため。
令和5年度第3問,民法,ウ,遺言に関し、夫婦は、同一の証書により共同で遺言をすることができる。,×,民法第975条により、2人以上の者が同一の証書で遺言をすること（共同遺言）は禁止されており、夫婦であっても無効となるため。
令和5年度第3問,民法,エ,遺言に関し、遺言執行者の指定は、第三者に委託することができない。,×,民法第1006条により、遺言者は遺言で遺言執行者を指定するだけでなく、その指定を第三者に委託することができるため。
令和5年度第3問,民法,オ,遺言に関し、遺言者が前の遺言と抵触する遺言をしたときは、前の遺言のうち抵触する部分は、後の遺言によって撤回されたものとみなされる。,○,民法第1023条により、前の遺言と後の遺言とが抵触するときは、その抵触する部分については、後の遺言で前の遺言を撤回したものとみなされるため。
令和5年度第4問,不動産登記法,ア,不動産の表示に関する登記の申請があった場合の登記官による調査に関し、建物の表題登記の申請がされた場合には、登記官は、当該建物の所有者に関する事項について調査することができる。,×,登記官が職権で実地調査できるのは「表示に関する事項」に限られ、所有権等の権利に関する実体的な事項について調査する権限はないため。
令和5年度第4問,不動産登記法,イ,不動産の表示に関する登記の申請があった場合の登記官による調査に関し、不動産の表示に関する登記の申請が申請人となるべき者以外の者によってされていると疑うに足りる相当な理由がある場合において、当該申請を却下すべきときであっても、登記官は、当該申請の申請人に対し、その申請の権限の有無を調査しなければならない。,×,申請を却下すべき事由が他にある場合（例えば提供すべき情報が欠けている等）には、あえて申請権限の有無について実地調査等を行う必要はないため。
令和5年度第4問,不動産登記法,ウ,不動産の表示に関する登記の申請があった場合の登記官による調査に関し、土地の表示に関する登記についての実地調査を行う場合には、登記官は、日出から日没までの間に限り、当該実地調査を行うことができる。,○,不動産登記規則第13条の規定により、登記官による実地調査は日出から日没までの間に行うこととされているため。
令和5年度第4問,不動産登記法,エ,不動産の表示に関する登記の申請があった場合の登記官による調査に関し、不動産の表示に関する登記の申請があった場合には、登記官は、登記所の職員に当該不動産の実地調査を行わせることはできない。,×,不動産登記法第29条により、登記官は法務局の職員等（登記官以外の者）に実地調査を行わせることができると規定されているため。
令和5年度第4問,不動産登記法,オ,不動産の表示に関する登記の申請があった場合の登記官による調査に関し、不動産の表示に関する登記についての実地調査を行う場合には、登記官は、当該不動産の所有者その他の関係者に対し、文書の提示を求めることができる。,○,不動産登記法第29条第2項により、登記官は実地調査の目的を達するために関係者に対して質問や文書の提示を求めることができるため。
令和5年度第5問,不動産登記法,ア,表題部の登記記録等に関し、土地区画整理事業により従前の1個の土地に照応して1個の換地を定めた換地処分が行われた場合には、当該換地について表題部の登記記録が新たに作成される。,×,1個の従前地に対して1個の換地が定められた場合、登記記録は新たに作成されず、従前の土地の登記記録の表題部を変更する登記がされるため。
令和5年度第5問,不動産登記法,イ,表題部の登記記録等に関し、建物を新築する場合の不動産工事の先取特権の保存の登記がされている建物の建築が完了した場合において、当該建物の表題登記を申請し、当該登記がされるときは、当該建物の表題部の登記記録が新たに作成される。,×,先取特権の保存登記の際に既に仮の表題部の登記記録が作成されているため、建築完了後は新たに作成するのではなく、既存の表題部を変更する登記がされるため。
令和5年度第5問,不動産登記法,ウ,表題部の登記記録等に関し、甲土地の一部を分筆して、これを乙土地に合筆しようとする場合において、分筆の登記及び合筆の登記を一の申請情報により申請し、その旨の登記がされるときは、甲土地から分筆し、乙土地に合筆した土地の表題部の登記記録は作成されない。,○,分筆合筆の登記を一括申請した場合、分筆された土地は直ちに他方の土地に合筆され登記記録が閉鎖されるのと同じ効果となるため、中間の独立した登記記録は作成されないため。
令和5年度第5問,不動産登記法,エ,表題部の登記記録等に関し、表題登記のある甲建物を隣接する他の土地上に解体移転した場合において、解体移転後の建物の表題部に関する登記を申請したときは、甲建物の表題部の登記記録に解体及び移転した旨が記録される。,×,建物を解体して移転した場合は建物の同一性が失われるため、旧建物の滅失登記をした上で新建物の表題登記をする必要があり、移転した旨が記録されるわけではないため（曳家移転とは異なる）。
令和5年度第5問,不動産登記法,オ,表題部の登記記録等に関し、区分建物として表題登記のある甲建物及び乙建物からなる一棟の建物の中間部分を取り壊し、甲建物及び乙建物が区分建物でないそれぞれ別の建物となった場合において、甲建物及び乙建物の表題部に関する登記を申請し、その旨の登記がされるときは、甲建物及び乙建物の表題部の登記記録が新たに作成される。,○,区分建物から非区分建物へ変更となるため、元の区分建物の登記記録は閉鎖され、それぞれについて新たな非区分建物としての登記記録が作成されるため。
令和5年度第6問,不動産登記法,ア,地図に関し、地図を作成するための測量は、基本測量の成果である電子基準点を基礎として行うことができる。,○,地図作成の測量は、基本三角点等その他の測量標（電子基準点を含む）を基礎として行うことと規定されているため。
令和5年度第6問,不動産登記法,イ,地図に関し、電磁的記録に記録された地図には、基本三角点等の位置のみならず、その名称及びその座標値を記録しなければならない。,×,電磁的記録による地図には基本三角点等の位置や名称は記録されるが、その「座標値」まで記録することは法令上義務付けられていないため。
令和5年度第6問,不動産登記法,ウ,地図に関し、土地家屋調査士が作成した測量成果である実測図であって、国土調査法第19条第5項の指定を受け、登記所に送付されるものについては、不適当とする特別の事情がある場合を除き、これを地図として登記所に備え付けることができる。,○,いわゆる「19条5項指定図」は、精度が確保されているため、特段の事情がない限り不動産登記法第14条第1項の地図として登記所に備え付けることができるため。
令和5年度第6問,不動産登記法,エ,地図に関し、新たに地図が備え付けられたことにより、電磁的記録に記録されている地図に準ずる図面が閉鎖された場合には、当該地図に準ずる図面の情報の内容を証明した書面の交付を請求することはできない。,×,閉鎖された地図や地図に準ずる図面であっても、永久保存されるものであり、その証明書の交付や閲覧を請求することができるため。
令和5年度第6問,不動産登記法,オ,地図に関し、地図に表示された土地の区画に誤りがあることによる地図の訂正の申出をする場合において、当該申出の際に添付する地積測量図に記録された地積と当該土地の登記記録上の地積との差が公差の範囲内であっても、当該申出は、地積に関する更正の登記の申請と併せてしなければならない。,×,地積の差が公差の範囲内である場合は地積更正登記は必須ではなく、地図の訂正申出のみを単独で行うことができるため。
令和5年度第7問,不動産登記法,ア,土地の表題登記に関し、公有水面埋立法に基づく埋立工事が竣工した土地の表題登記を申請する場合には、所有権を証する情報として公有水面埋立法の規定による竣功認可書を提供することができる。,○,公有水面の埋立てにより生じた土地の表題登記では、都道府県知事等の竣功認可書等が原始取得を証する所有権証明情報として扱われるため。
令和5年度第7問,不動産登記法,イ,土地の表題登記に関し、国が所有する表題登記がない土地の売払いを受けた者が、当該土地の表題登記を申請する場合には、当該表題登記の登記原因を「国有財産売払」として申請しなければならない。,×,未登記土地の払下げを受けた者が申請する表題登記の登記原因は「売買」等とすべきであり、「国有財産売払」という特有の原因を記録するわけではないため。
令和5年度第7問,不動産登記法,ウ,土地の表題登記に関し、Ａが表題登記がない土地の所有権を原始取得した場合において、Ａが当該土地の表題登記を申請する前に、当該土地をＢに売却したときであっても、Ａは、当該土地の表題登記を申請することができる。,○,表題登記は所有権を取得した者（原始取得者A）が申請義務を負うため、売却後であってもAを申請人とする表題登記の申請が可能であるため。
令和5年度第7問,不動産登記法,エ,土地の表題登記に関し、土地区画整理事業区域内で仮換地が指定された表題登記がない従前の土地について換地処分による登記を申請する場合において、必要があるときは、土地区画整理事業を施行する者は、当該従前の土地の所有者に代位して、土地の表題登記を申請することができる。,○,土地区画整理法に基づき、施行者は円滑な換地登記の前提として、未登記の従前地について所有者に代位して表題登記を申請できるため。
令和5年度第7問,不動産登記法,オ,土地の表題登記に関し、地方公共団体の所有する土地について、当該地方公共団体が土地の表題登記を嘱託する場合には、所有権を証する情報の提供を省略することができる。,×,官公署が自ら所有する不動産の表題登記を嘱託する場合であっても、建物の場合は省略可能だが、土地の表題登記において所有権を証する情報の提供は省略できないため。
令和5年度第8問,不動産登記法,ア,地目に関し、学校教育法の規定により設置された幼稚園の園舎の敷地である土地の地目は、学校用地とする。,○,学校教育法に規定する学校（幼稚園を含む）の校舎等の敷地は、一律に「学校用地」として取り扱われるため。
令和5年度第8問,不動産登記法,イ,地目に関し、高圧線の下にある建物の敷地である土地の地目は、雑種地とする。,×,高圧線の下であっても、そこに建物が存在しその敷地として利用されているのであれば、その土地の地目は建物の用途等に従い「宅地」等とされるため。
令和5年度第8問,不動産登記法,ウ,地目に関し、水力発電のためにのみ使用される排水路の地目は、雑種地とする。,×,水力発電の用に供する水路の地目は、雑種地ではなく「水道用地」または「用悪水路」等の性質に基づき判断され、一般に雑種地とはならないため。
令和5年度第8問,不動産登記法,エ,地目に関し、牧場地域内にある牧畜のために使用する牧草栽培地である土地の地目は、畑とする。,×,牧場地域内において牧畜のために使用される土地（牧草栽培地を含む）の地目は、一体として「牧場」として取り扱われるため。
令和5年度第8問,不動産登記法,オ,地目に関し、人の遺体又は遺骨を埋葬する規模の大きな墓地の地目は、霊園とする。,×,遺体や遺骨を埋葬する土地は、その規模にかかわらず地目は「墓地」と定められており、「霊園」という法定地目は存在しないため。
令和5年度第9問,不動産登記法,ア,土地の分筆の登記に関し、抵当権の設定の登記がされた土地について分筆の登記がされた後は、錯誤を原因とする当該分筆の登記の抹消をすることはできない。,×,分筆登記自体に錯誤があった場合、抵当権等の権利登記が存在していても、利害関係人の承諾等を得て錯誤を原因とする分筆登記の抹消（分筆前への回復）は可能であるため。
令和5年度第9問,不動産登記法,イ,土地の分筆の登記に関し、抵当権の設定の登記がされた甲土地から乙土地を分筆する分筆の登記をする場合には、分筆後の甲土地及び乙土地の2筆の土地について、抵当権者が当該抵当権を消滅させることを承諾したことを証する情報が提供されたとしても、登記官は、分筆後の甲土地及び乙土地に係る当該抵当権が消滅した旨の登記をすることはできない。,○,分筆登記の際に抵当権を消滅できるのは「分筆先」の土地（乙土地）などに限られ、分筆元を含む全ての土地について消滅させる場合は別途通常の抵当権抹消登記が必要となるため。
令和5年度第9問,不動産登記法,ウ,土地の分筆の登記に関し、甲土地の所有権の登記名義人であるＡが死亡し、その相続人がＢ及びＣである場合において、ＢＣ間で、Ｂが甲土地の所有権を単独で取得することを内容とする遺産分割協議が成立したときであっても、Ｂは、甲土地の分筆の登記を申請することはできない。,×,遺産分割により単独所有者となったBは、実体法上の所有権を有するため、自己名義への相続登記を経た上で（あるいは一定要件下で直接）分筆登記を申請できるため。
令和5年度第9問,不動産登記法,エ,土地の分筆の登記に関し、地方公共団体及び私人が所有権の登記名義人である土地について、当該私人が分筆の登記を申請する場合には、登録免許税は課されない。,×,私人である共有者が申請人となって分筆登記を申請する場合、地方公共団体の持分に対応する部分も含めて全額が非課税となるわけではなく、私人の持分に応じて（又は定額が）課税されるため。
令和5年度第9問,不動産登記法,オ,土地の分筆の登記に関し、甲土地から乙土地を分筆する分筆の登記をする場合において、甲土地に筆界特定がされた旨の記録があるときは、当該記録は、乙土地の登記記録に転写される。,○,筆界特定がされた旨の記録は、対象となった土地から分筆された土地の登記記録にも転写され、筆界特定の効力が及ぶことが明示されるため。
令和5年度第10問,不動産登記法,ア,建物図面及び各階平面図に関し、建物図面及び各階平面図には、申請人及び作成者の住所を記録しなければならない。,×,建物図面等には作成者の氏名の記録や署名等は必要であるが、申請人及び作成者の「住所」まで記録することは法令上義務付けられていないため。
令和5年度第10問,不動産登記法,イ,建物図面及び各階平面図に関し、書面を提出する方法により地下のみの附属建物がある建物の建物図面を提供する場合には、附属建物の地下1階の形状を朱書きする。,○,地下のみに存する建物や附属建物の形状を建物図面に表示する場合、地上部分と区別するため朱書き（赤色）で表示する取扱いとなっているため。
令和5年度第10問,不動産登記法,ウ,建物図面及び各階平面図に関し、各階平面図の床面積の計算において、不算入とすべき出窓を算入した誤りがある場合には、表題部所有者若しくは所有権の登記名義人又はこれらの相続人その他の一般承継人は、各階平面図の訂正の申出をすることができる。,×,床面積の計算に影響する図面の誤りは「建物の床面積の更正の登記」を申請して是正すべきものであり、単なる「図面の訂正の申出」では処理できないため。
令和5年度第10問,不動産登記法,エ,建物図面及び各階平面図に関し、建物の表題登記がされ、既に建物図面及び各階平面図が登記所に提出されている建物について、附属建物の滅失による表題部の変更の登記を申請する場合には、建物図面及び各階平面図の提供を省略することができる。,×,附属建物が滅失して建物の形状や配置が変わるため、現在の状況を正しく反映した新たな建物図面及び各階平面図を提供しなければならないため。
令和5年度第10問,不動産登記法,オ,建物図面及び各階平面図に関し、2階建の建物の各階平面図を作成する場合において、2階の階層を表示するときは、1階の位置を点線をもって表示する。,×,2階の各階平面図において1階と重なる部分や位置関係を示す必要はあるが、「1階の位置を点線をもって表示する」という画一的な法令上のルールはないため（通常は同一縮尺で並べて描く等による）。
令和5年度第11問,不動産登記法,ア,建物の表示に関する登記に関し、甲野桜子から、「本件建物の表示に関する登記には所有権を証する情報が必要であるということであったが、そもそも所有権を証する情報として、一般的にどのようなものが必要となるのか。」との質問を受けた。所有権を証する情報は、建築基準法上の（確認）及び（検査）のあったことを証する情報、（固定資産税）又は敷地所有者の証明情報、（登録免許税）の納付証明に係る情報その他申請人の所有権の取得を証するに足る情報といったものがあります。（注：本問は複合穴埋め問題であり、ア・イが「確認・検査」、ウが「固定資産税」、エが「登録免許税」等の文脈）,(記述・穴埋め問題のため正誤判定なし),本問は語群選択形式の知識を問う問題であり、「確認済証」「検査済証」「固定資産税評価証明書」などが所有権証明情報となることを問うている。
令和5年度第12問,不動産登記法,ア,建物の表示に関する登記に関し、土地家屋調査士法務太郎は、甲野桜子に対し、「（あ）部分の1階部分は周壁が設けられておらず、外気と分断されていると認めることができませんが、（あ）部分の2階部分は、壁、屋根、床が設けられていることにより外気と分断されていると認められることから、（建物）の独立性は認められます。しかし、（あ）部分に出入りするためには屋外廊下を使用しなければならないことから、（構造上）の独立性を認めることができず、（あ）部分のみを1個の建物として、表題部所有者を甲野松雄とする表示に関する登記を申請することができません。したがって、全体を1個の建物として、表題部所有者を甲野松雄及び甲野桜子とする表示に関する登記を申請することになります。」と説明した。（注：本問は複合穴埋め問題）,(記述・穴埋め問題のため正誤判定なし),出入りに屋外廊下を要し、物理的に他と遮断されて単独で利用できない部分は、構造上の独立性を欠き区分建物（または独立建物）として登記できないことを示している。
令和5年度第13問,不動産登記法,ア,建物の分割又は合併の登記に関し、本件各区分建物を区分建物でない建物としたいが、どのような登記手続が可能か。今回、申請すべき登記は、区分建物の（合併）の登記となります。まず、本件工事の内容からすると、本件各区分建物の（構造上の独立性）が失われるものではないため、本件各区分建物が（合体）したとみることはできません。本件各区分建物は、所有権の登記名義人が相互に異なる建物ではなく、所有権等の登記以外の（権利）に関する登記のある建物でもありません。また、本件各区分建物は、主たる建物と附属建物の関係にはありませんが、互いに（接続）している建物です。そのほかに区分建物の（合併）の登記を制限する事由はありません。そのため、本件各区分建物を区分建物ではない建物にするためには、（合併）の登記を申請すべきことになります。（注：本問は複合穴埋め問題）,(記述・穴埋め問題のため正誤判定なし),区分建物を非区分建物にする場合の手続きとして、構造上独立性が残っていれば「合併」、壁を抜くなどして一体化すれば「合体」による登記となる判断基準を問うている。
令和5年度第14問,不動産登記法,ア,建物の表題登記の添付情報に関し、仮に、土地家屋調査士法務太郎は、本件各区分建物が新築された当時、甲田栄一から、本件各区分建物の表題登記の申請の依頼を受けたと考える。登記申請時に必要な添付情報は、建物図面、各階平面図、所有権を証する情報、住所を証する情報、代理権限を証する情報及び（規約証明書）があります。（規約証明書）が添付情報として必要な理由は、本件各区分建物の【登記記録】に、（敷地権）が記録されていないので、専有部分とその専有部分に係る（敷地利用権）とを（分離）して（処分）することができる旨を定めた（規約）を、登記申請時に提供しなければならないためです。（注：本問は複合穴埋め問題）,(記述・穴埋め問題のため正誤判定なし),敷地権として登記されていない（分離処分が可能な）区分建物において、その旨を証明するための「規約証明書」等の添付が必要となる不動産登記法のルールを問うている。
令和5年度第15問,不動産登記法,ア,地図に準ずる図面の訂正に関し、地図に準ずる図面に表示された土地の位置、形状又は（地番）に誤りがある場合には、一定の者には、当該地図に準ずる図面の訂正の申出をする権限があります。これらの申出権が認められる者以外の者から当該地図に準ずる図面の訂正の申出があった場合には、登記官は、地図に準ずる図面の訂正の申出の趣旨であるか否かを確認し、当該趣旨であるときは、これを却下するものとし、そうでないときは、これを登記官の（職権）の発動を促す申出があったものとして取り扱うことができるとされています。なお、地図に準ずる図面に表示された土地の位置又は形状に誤りがある場合には、地図訂正申出情報と併せて（地積測量図）を提供する必要があります。（注：本問は複合穴埋め問題）,(記述・穴埋め問題のため正誤判定なし),地図訂正に関する権限のない者からの申出は職権発動の促しとして扱われること、および形状訂正時には地積測量図が必要となる実務上の取り扱いを問うている。
令和5年度第16問,不動産登記法,ア,建物の表題部の変更の登記に関し、本件工事に伴って必要となる表示に関する登記は、既に登記がされている建物の登記事項に変更を生じた場合に、その（物理）的状態を登記記録に速やかに反映させるためのものです。これは（報告）的登記ともいわれ、法令によれば、所有者等は、登記事項の変更があった日から（1月）以内に申請する義務があります。申請義務がある者が正当な理由がないにもかかわらずその申請を怠った場合には、（10万円以下の過料）に処せられます。そのため、本件工事の第一期工事、第二期工事の完了の都度、登記申請を行う必要があります。（注：本問は複合穴埋め問題）,(記述・穴埋め問題のため正誤判定なし),不動産の表示に関する登記の性質（物理的現況を反映する報告的登記）、申請義務（1か月以内）、および義務違反に対する罰則（10万円以下の過料）についての基本的な知識を問うている。
令和5年度第17問,不動産登記法,ア,共用部分である旨の登記又は団地共用部分である旨の登記に関し、表題登記のある建物について共用部分とする旨の規約を定めた場合には、当該建物の表題部所有者は、当該規約を定めた日から1か月以内に、共用部分である旨の登記を申請しなければならない。,×,共用部分である旨の登記は権利に関する登記と解されており、表題登記のように1か月以内の申請義務は課されていないため。
令和5年度第17問,不動産登記法,イ,共用部分である旨の登記又は団地共用部分である旨の登記に関し、所有権の登記がない建物について共用部分である旨の登記がされる場合には、当該建物の表題部所有者に関する登記事項を抹消する記号が記録される。,○,共用部分となると特定の者の所有に属さないことの公示となるため、表題部所有者の記録は抹消記号（下線等）が引かれるため。
令和5年度第17問,不動産登記法,ウ,共用部分である旨の登記又は団地共用部分である旨の登記に関し、共用部分である旨の登記がある建物について、当該建物の種類を倉庫から車庫に変更した場合には、規約により共用部分の所有者と定められた者は、当該建物の表題部の変更の登記を申請しなければならない。,○,共用部分であっても建物の物理的現況に変更が生じた場合は、所有者等による表題部の変更登記の申請義務（1か月以内）があるため。
令和5年度第17問,不動産登記法,エ,共用部分である旨の登記又は団地共用部分である旨の登記に関し、団地共用部分である旨の登記がある区分建物でない建物について、建物の区分の登記を申請する場合には、当該建物の所有者を証する情報を添付情報として提供しなければならない。,×,既に登記されている建物の区分登記であり、団地共用部分である旨の登記がされていても、所有権自体は既知であるため、新たに所有権証明情報の提供は要しないため。
令和5年度第17問,不動産登記法,オ,共用部分である旨の登記又は団地共用部分である旨の登記に関し、団地共用部分を共用すべき者の所有する区分建物でない建物について、団地共用部分である旨の登記を申請する場合において、当該建物の不動産番号を申請情報の内容とするときであっても、当該建物の家屋番号を申請情報の内容としなければならない。,×,申請情報として不動産番号を提供した場合には、建物を特定する事項としての家屋番号などの提供を省略することができるため。
令和5年度第18問,不動産登記法,ア,筆界特定の手続に関し、筆界調査委員が実地調査を行うために他人の土地に立ち入る場合において、当該土地の占有者がいないときは、あらかじめ土地の表題部所有者又は所有権登記名義人に通知をしなければならない。,×,土地への立入りにあたっては「占有者」に通知すれば足り、占有者がいない場合に登記名義人等に通知しなければならないとする規定はないため。
令和5年度第18問,不動産登記法,イ,筆界特定の手続に関し、筆界調査委員は、対象土地の筆界特定のために必要な事実の調査を終了した場合には、申請人に対し、対象土地の筆界特定についての意見を提出しなければならない。,×,筆界調査委員が調査終了後に意見を提出する相手は「筆界特定登記官」であり、申請人に直接提出するものではないため。
令和5年度第18問,不動産登記法,ウ,筆界特定の手続に関し、対象土地の筆界特定をしたことにより対象土地の地積が算出できる場合には、筆界特定の内容を表示した図面に当該土地の地積が記載される。,×,筆界特定の制度は境界線を特定するものであり、地積を確定するものではないため、筆界特定図面に地積は記載されないため。
令和5年度第18問,不動産登記法,エ,筆界特定の手続に関し、筆界調査委員が筆界特定のために必要な事実の調査をする場合には、筆界調査委員は、申請人及び関係人以外のその他の者からその知っている事実を聴取し又は資料の提出を求めることができる。,○,不動産登記法第136条により、筆界調査委員は参考人として関係人以外の第三者からも事情聴取や資料提出を求める権限を有するため。
令和5年度第18問,不動産登記法,オ,筆界特定の手続に関し、筆界特定の手続における測量に要する費用は、申請人が負担する。,○,筆界特定手続において生じる測量費用等の手続費用は、原則として申請人が負担することが不動産登記法で規定されているため。
令和5年度第19問,不動産登記法,ア,法定相続情報一覧図に関し、委任を受けた土地家屋調査士が、法定相続情報一覧図の写しの交付の申出をする場合には、代理人の権限を証する書面として、委任状以外の書面を添付する必要はない。,×,資格者代理人が申出をする場合、委任状に加えて、調査士会が発行する職身証明書等の資格を証する書面の添付が必要となるため。
令和5年度第19問,不動産登記法,イ,法定相続情報一覧図に関し、法定相続情報一覧図の保管の申出は、申出人の住所地を管轄する登記所に申出をすることができる。,○,保管の申出は、被相続人の本籍地・最後の住所地、申出人の住所地、被相続人名義の不動産所在地のいずれかを管轄する登記所に行うことができるため。
令和5年度第19問,不動産登記法,ウ,法定相続情報一覧図に関し、法定相続情報一覧図の保管の申出をする際に申出書に添付する法定相続情報一覧図には、相続開始の時における同順位の相続人の住所を記載しなければならない。,×,法定相続情報一覧図に相続人の住所を記載するかどうかは申出人の任意であり、必ず記載しなければならない義務はないため。
令和5年度第19問,不動産登記法,エ,法定相続情報一覧図に関し、法定相続情報一覧図の保管の申出をするには、被相続人が不動産の表題部所有者又は所有権の登記名義人として登記されていることを要する。,×,この制度は不動産登記に限らず広く相続手続に利用されることを目的としており、被相続人が不動産を所有していなくても申出が可能であるため。
令和5年度第19問,不動産登記法,オ,法定相続情報一覧図に関し、法定相続情報一覧図の写しの再交付の申出は、当該法定相続情報一覧図の保管の申出をした申出人のみがすることができる。,×,再交付の申出は、当初の保管申出人に限らず、一覧図に記載されている他の相続人からも行うことができるため。
令和5年度第20問,土地家屋調査士法,ア,土地家屋調査士等に関し、土地家屋調査士が死亡したときは、その相続人は、遅滞なく、その旨を日本土地家屋調査士会連合会に届け出なければならない。,○,土地家屋調査士法第13条の規定により、調査士が死亡したときはその戸籍法上の届出義務者（相続人等）が連合会に届け出る義務があるため。
令和5年度第20問,土地家屋調査士法,イ,土地家屋調査士等に関し、土地家屋調査士が引き続き2年以上業務を行わないときは、日本土地家屋調査士会連合会は、その登録を取り消さなければならない。,×,引き続き2年以上業務を行わない場合は登録の取消し事由には該当するが、それは「取り消すことができる」裁量事由であり「取り消さなければならない」義務事由ではないため。
令和5年度第20問,土地家屋調査士法,ウ,土地家屋調査士等に関し、土地家屋調査士法人は、定款の定めによらなければ、社員のうち特に土地家屋調査士法人を代表すべきものを定めることができない。,×,法人の代表権は原則として各社員が有するが、定款の定めだけでなく、定款の規定に基づく社員の互選によっても代表社員を定めることができるため。
令和5年度第20問,土地家屋調査士法,エ,土地家屋調査士等に関し、法務大臣は、土地家屋調査士又は土地家屋調査士法人について、戒告の処分をしたときには、遅滞なく、その旨を官報をもって公告しなければならない。,×,懲戒処分としての「戒告」については、業務停止や業務禁止・登録取消し等とは異なり、官報による公告の義務は規定されていないため。
令和5年度第20問,土地家屋調査士法,オ,土地家屋調査士等に関し、法務大臣は、土地家屋調査士法人に対する懲戒処分として、当該法人の業務の一部に限った業務の停止を命ずることはできない。,×,土地家屋調査士法第43条により、法務大臣は調査士法人に対して「業務の全部又は一部」の停止を命ずることができると規定されているため。
令和4年度第1問,民法,ア,制限行為能力者に関し、制限行為能力者が行為能力者であることを信じさせるため詐術を用いたときは、その行為を取り消すことができない。,○,民法第21条により、制限行為能力者が詐術を用いた場合は、自らを取り消しによって保護する要請が失われるため、その行為を取り消すことができないとされているため。
令和4年度第1問,民法,イ,制限行為能力者に関し、時効の期間満了前6か月以内の間に成年被後見人に成年後見人がない場合には、その成年被後見人が行為能力者となった時又は成年後見人が就職した時から6か月を経過するまでの間は、その成年被後見人に対して、時効は完成しない。,○,民法第158条1項により、法定代理人がいない等の事情による時効の完成猶予について規定されているため。
令和4年度第1問,民法,ウ,制限行為能力者に関し、被保佐人が第三者のために保証人となる場合には、保佐人の同意を得る必要はない。,×,民法第13条1項2号により、被保佐人が借財または保証をするには保佐人の同意を得なければならないとされているため。
令和4年度第1問,民法,エ,制限行為能力者に関し、本人以外の者の請求により保佐開始の審判をするには、本人の同意がなければならない。,×,保佐開始の審判は、本人以外の者（配偶者や四親等内の親族等）の請求による場合であっても、補助開始の審判とは異なり本人の同意は要件とされていないため。
令和4年度第1問,民法,オ,制限行為能力者に関し、後見開始の審判をする場合において、本人が被保佐人であるときは、家庭裁判所は、その本人に係る保佐開始の審判を取り消さなければならない。,○,民法第19条により、後見開始の審判をする場合には、既存の保佐開始や補助開始の審判を取り消さなければならないとされているため。
令和4年度第2問,民法,ア,意思表示に関し、ＡがＢと通謀してＡの所有する甲土地をＢに売却したように仮装し、ＡからＢへの所有権の移転の登記がされた。その後、Ｂから甲土地を買い受けたＣが、ＡＢ間の売却が仮装のものであることについて善意であった場合には、Ｃは、ＢからＣへの甲土地の所有権の移転の登記がされていなくても、Ａに対して甲土地の所有権の取得を対抗することができる。,○,民法第94条2項の「善意の第三者」は、権利保護要件としての登記を備えなくても、無効を主張する当事者（A）に対して権利を対抗できるとするのが判例の趣旨であるため。
令和4年度第2問,民法,イ,意思表示に関し、ＡがＢと通謀してＡの所有する甲土地をＢに売却したように仮装し、ＡからＢへの所有権の移転の登記がされた。その後、Ｂが死亡し、ＡＢ間の売却が仮装のものであることについて善意のＣがＢを単独で相続した場合には、Ｃは、Ａに対して甲土地の所有権の取得を対抗することができる。,×,相続人Cは被相続人Bの包括承継人であり、通謀虚偽表示の当事者と同視されるため、民法第94条2項の「第三者」には該当せずAに対抗できないため。
令和4年度第2問,民法,ウ,意思表示に関し、ＡがＢと通謀してＡの所有する甲土地をＢに売却したように仮装し、ＡからＢへの所有権の移転の登記がされた。その後、甲土地が、Ｂから、ＡＢ間の売却が仮装のものであることについて善意のＣに売却され、さらにＣから、ＡＢ間の売却が仮装のものであることについて悪意のＤに売却された場合には、Ｄは、Ａに対して甲土地の所有権の取得を対抗することができない。,×,善意の第三者Cが介在した時点で絶対的に有効な権利取得が確定するため（絶対的構成）、その後の転得者Dが悪意であってもAに対して所有権を対抗できるとするのが判例の趣旨であるため。
令和4年度第2問,民法,エ,意思表示に関し、ＡがＢの詐欺により甲土地をＢに売却した後、Ｂは、詐欺の事実について善意であるが、そのことについて過失があるＣに甲土地を売却した。その後、Ａが詐欺を理由としてＡＢ間の売買の意思表示を取り消した場合には、Ｃは、Ａに対して甲土地の所有権の取得を対抗することができない。,○,民法第96条3項の規定により、詐欺による取消しは「善意でかつ過失がない第三者」に対抗できないとされており、過失のあるCは保護されないため。
令和4年度第2問,民法,オ,意思表示に関し、ＡがＢの強迫により甲土地をＢに売却した後、Ｂは、強迫の事実について善意で、そのことについて過失がないＣに甲土地を売却した。その後、Ａが強迫を理由としてＡＢ間の売買の意思表示を取り消した場合には、Ｃは、Ａに対して甲土地の所有権の取得を対抗することができる。,×,強迫による意思表示の取消しは、詐欺と異なり第三者保護規定（民法第96条3項）の適用がないため、善意無過失の第三者Cに対しても対抗できる（Cは所有権の取得を対抗できない）ため。
令和4年度第3問,民法,ア,相続に関し、ＢがＡを強迫してＡに相続に関する遺言をさせ、その後、Ａについて相続が開始したときは、Ｂは、Ａの相続人となることができない。,○,民法第891条4号の規定により、詐欺又は強迫によって被相続人に相続に関する遺言をさせた者は相続欠格事由に該当し、相続人となることができないため。
令和4年度第3問,民法,イ,相続に関し、Ｂが自己のために相続の開始があったことを知った時から法定の期間内に限定承認又は相続の放棄をしなかった場合には、Ｂは、単純承認をしたものとみなされる。,○,民法第921条2号の規定により、熟慮期間内に限定承認又は相続の放棄をしなかった場合は、単純承認をしたものとみなされる（法定単純承認）ため。
令和4年度第3問,民法,ウ,相続に関し、Ｂ及びＣが相続人となる場合には、Ｂのみが単独で、限定承認をすることができる。,×,民法第923条の規定により、相続人が数人あるときは、限定承認は共同相続人の全員が共同してのみすることができるとされているため。
令和4年度第3問,民法,エ,相続に関し、Ｂが相続の放棄をした場合には、Ｂは、Ａの相続に関しては、初めから相続人とならなかったものとみなされる。,○,民法第939条の規定により、相続の放棄をした者は、その相続に関しては初めから相続人とならなかったものとみなされるため。
令和4年度第3問,民法,オ,相続に関し、Ｃが相続の放棄をした場合には、それがＢの強迫によるものであっても、Ｃは、強迫を理由として相続の放棄を取り消すことができない。,×,民法第919条2項（※旧法）、現行法では第919条2項により、相続の承認及び放棄は詐欺や強迫を理由として取り消すことができると規定されているため。
令和4年度第4問,不動産登記法,ア,登記記録等の保存期間に関し、土地に関する閉鎖された登記記録の保存期間は、閉鎖した日から30年間である。,×,不動産登記規則第28条の規定により、閉鎖された登記記録の保存期間は50年（※出題当時は50年、法改正による変遷に注意が必要だが30年ではない）とされているため。
令和4年度第4問,不動産登記法,イ,登記記録等の保存期間に関し、法定相続情報一覧図つづり込み帳の保存期間は、作成の年の翌年から30年間である。,×,不動産登記規則等の規定により、法定相続情報一覧図の保存期間は作成の年の翌年から5年間と定められているため。
令和4年度第4問,不動産登記法,ウ,登記記録等の保存期間に関し、閉鎖された各階平面図の保存期間は、閉鎖した日から30年間である。,×,不動産登記規則第28条の規定により、閉鎖された各階平面図（建物図面等を含む）の保存期間は永久とされているため。
令和4年度第4問,不動産登記法,エ,登記記録等の保存期間に関し、筆界特定書以外の筆界特定手続記録に記載され、又は記録された情報の保存期間は、対象土地の所在地を管轄する登記所が当該筆界特定手続記録の送付を受けた年の翌年から30年間である。,×,筆界特定手続記録のうち、筆界特定書以外の関係書類等の保存期間は、通常は5年間等と定められており、30年ではないため。
令和4年度第4問,不動産登記法,オ,登記記録等の保存期間に関し、土地の表題部所有者の持分の更正の登記の申請を書面を提出する方法により行った場合における申請書の保存期間は、受付の日から30年間である。,○,不動産登記規則第28条第10号等の規定により、申請書等の保存期間は受付の日から30年間（以前は5年であったが、特定のもの等延長された規定がある）とされているため。※解説注意：当時の法規に基づく
令和4年度第5問,不動産登記法,ア,登記識別情報に関し、成年後見人が、いずれも成年被後見人が所有権の登記名義人である甲土地と乙土地について、成年被後見人の法定代理人として合筆の登記を申請し、その登記が完了したときは、登記識別情報は成年後見人に対して通知されます。,×,登記識別情報は、登記名義人となる申請人本人（成年被後見人）に対して通知される性質のものであり、法定代理人に対して通知されるものではないため。
令和4年度第5問,不動産登記法,イ,登記識別情報に関し、いずれもＡ及びＢが所有権の登記名義人である甲土地と乙土地について、Ａ及びＢが合筆の登記を申請し、その登記が完了したときは、登記官は、Ａ又はＢのいずれか一方に登記識別情報を通知すれば足ります。,×,共有者が申請人となって登記が完了した場合、新たに登記名義人となる（登記識別情報が付与される）ＡとＢの双方に対して、それぞれ登記識別情報が通知されなければならないため。
令和4年度第5問,不動産登記法,ウ,登記識別情報に関し、土地家屋調査士が本人を代理して登記識別情報に関する証明を請求する場合には、代理人の権限を証する情報を提供しなければなりません。,○,登記識別情報の有効証明等の請求を代理人が行う場合には、代理権限を証する情報（委任状等）の提供が必要であるため。
令和4年度第5問,不動産登記法,エ,登記識別情報に関し、登記識別情報に関する証明の請求は、電子情報処理組織を使用する方法により行うことができます。,×,登記識別情報に関する証明の請求（有効証明請求等）は、不正取得防止等の観点から、原則として書面による方法で行うことが定められているため。
令和4年度第5問,不動産登記法,オ,登記識別情報に関し、官庁又は公署が登記識別情報の通知を受けるべき者である場合には、当該官庁又は公署があらかじめ登記識別情報の通知を希望する旨の申出をした場合を除き、登記識別情報を通知することを要しないものとされています。,×,官庁又は公署であっても、原則として登記識別情報は通知される。通知を希望しない旨の申出があった場合にのみ通知が省略されるため。
令和4年度第6問,不動産登記法,ア,地目に関し、石油タンクの敷地の地目を宅地とすることはできない。,×,石油タンク自体は建物として登記できないが、石油タンクが存する敷地は建物の敷地ではないものの、その利用形態等によっては「宅地」または「雑種地」として扱われ得、一律に宅地とすることができないわけではないため。（実務上は雑種地とすることが多いが、絶対に宅地とできないわけではない）
令和4年度第6問,不動産登記法,イ,地目に関し、別の土地にある湧出口から温泉を引き込んだ源泉かけ流しの温泉宿の敷地の地目は、鉱泉地とする。,×,鉱泉地は湧出口およびその維持に必要な土地を指し、温泉を引き込んで利用している温泉宿の敷地の地目は「宅地」となるため。
令和4年度第6問,不動産登記法,ウ,地目に関し、河川管理施設である防水のために築造された堤防の天端の部分が一般交通の用に供する道路として利用されている場合には、当該堤防の占める土地の地目は、堤とする。,×,道路として一般交通の用に供されている部分については、その主たる機能・現況に基づき「公衆用道路」などとして取り扱われるため。
令和4年度第6問,不動産登記法,エ,地目に関し、村落の間にある通水路が占める土地の地目は、井溝とする。,○,不動産登記規則に基づく地目の定めにおいて、田畝や村落の間にある人工的な通水路の地目は「井溝（せいこう）」とされているため。
令和4年度第6問,不動産登記法,オ,地目に関し、公衆の遊楽のために供する一筆の土地内にテニスコートが設置されている場合には、当該土地の地目を公園とすることはできない。,×,公衆の遊楽のために供される土地内にテニスコート等の施設がある場合でも、全体として公園の機能を有していれば「公園」を地目とすることができるため。
令和4年度第7問,不動産登記法,ア,土地の表題部の変更又は更正の登記に関し、土地の地積が誤って登記されていることを知った当該土地の所有権の登記名義人は、地積が誤っていることを知った日から1か月以内に、地積に関する更正の登記を申請しなければならない。,×,地積更正の登記は真実の地積を反映させるための登記であるが、表題部の変更登記とは異なり、所有者に対する1か月以内の申請義務は規定されていないため。
令和4年度第7問,不動産登記法,イ,土地の表題部の変更又は更正の登記に関し、甲土地の地積に関する更正の登記を申請する場合において、登記所に備え付けられた甲土地の地積測量図に記載された地積と更正後の地積の差が公差の範囲内であるときは、地積測量図の提供を省略することができる。,×,地積更正の登記を申請する場合には、実測に基づく正確な情報を提供する必要があり、差が公差の範囲内であっても新たな地積測量図を提供しなければならないため。
令和4年度第7問,不動産登記法,ウ,土地の表題部の変更又は更正の登記に関し、甲土地の表題登記の申請に際して提供された地積測量図の求積計算が誤っていたために誤った地積により表題登記がされたときは、甲土地の表題部所有者は、地積測量図の訂正の申出によって甲土地の登記記録の地積を訂正することができる。,×,地積測量図の誤りに起因する登記記録の地積の誤りは、単なる図面の訂正申出ではなく、地積更正の登記を申請して是正しなければならないため。
令和4年度第7問,不動産登記法,エ,土地の表題部の変更又は更正の登記に関し、雑種地として登記されている土地を宅地の用途に変更した場合には、当該土地の所有権の登記名義人は、当該用途に変更があった日から1か月以内に、地目に関する変更の登記を申請しなければならない。,○,地目の変更は不動産の物理的現況の変更（表題部の変更）に該当し、所有権の登記名義人等は変更があった日から1か月以内に変更登記を申請する義務があるため。
令和4年度第7問,不動産登記法,オ,土地の表題部の変更又は更正の登記に関し、登記記録の地積が30歩から99平方メートルに換算して書き替えられている土地の地目を宅地に変更する登記を申請する場合には、当該換算による1平方メートルの100分の1までの結果を地積とすることができる。,○,尺貫法（歩）からメートル法への換算により登記されている土地の地目変更において、端数処理の特例として換算結果そのままの数値を地積として扱うことができる場合があるため。
令和4年度第8問,不動産登記法,ア,土地の分筆の登記に関し、抵当権の登記がある土地について分筆の登記を申請する場合において、当該抵当権の登記名義人が作成した当該抵当権を分筆後の一方の土地について消滅させることを承諾したことを証する情報を記載した書面を提出するときは、当該書面に添付する当該抵当権の登記名義人の印鑑に関する証明書は、作成後3か月以内のものでなければならない。,×,権利の消滅に関する承諾書に添付する印鑑証明書については、作成後3か月以内という期間制限は設けられていないため。
令和4年度第8問,不動産登記法,イ,土地の分筆の登記に関し、買戻しの特約の登記がされている甲土地から乙土地を分筆する登記をする場合には、当該買戻し特約の買戻し期間が経過していたとしても、登記官は、乙土地の登記記録の権利部の相当区に、甲土地の登記記録から当該買戻しの特約の登記を転写しなければならない。,○,期間経過により実体上の権利が消滅していると見られても、登記記録上で抹消の手続きがされていない限り、登記官の形式的審査権の範囲では分筆先の土地へ権利登記を転写しなければならないため。
令和4年度第8問,不動産登記法,ウ,土地の分筆の登記に関し、一棟の建物に属する区分建物が甲建物及び乙建物であり、甲建物及び乙建物に丙土地の賃借権を敷地権とする登記がされている場合において、丙土地の所有権の登記名義人が丙土地の分筆の登記を申請するときは、甲建物及び乙建物の所有権の登記名義人の承諾を証する情報を提供しなければならない。,○,敷地権の目的となっている土地（丙土地）の分筆登記を申請する場合、その敷地権を有する区分建物の所有権登記名義人（A及びB）の承諾を証する情報が必要となるため。
令和4年度第8問,不動産登記法,エ,土地の分筆の登記に関し、根抵当権設定の仮登記がある土地について分筆の登記がされたときは、登記官は、新たに共同担保目録を作成しなければならない。,×,共同担保目録は、複数の不動産を対象とする「本登記」がされた場合などに作成されるものであり、仮登記の段階での分筆登記において新たに作成されるものではないため。
令和4年度第8問,不動産登記法,オ,土地の分筆の登記に関し、土地の所有権の登記名義人がＡ及びＢであり、Ａが死亡してその相続人がＣ及びＤである場合において、当該土地の一部が別地目となったときは、Ｄは、単独で、当該土地の一部地目変更分筆登記を申請することができる。,×,一部地目変更分筆登記は表題部の変更登記であり保存行為として単独申請が可能だが、相続人の一人であるDが申請する場合、前提としてAの持分についての相続登記等が必要となる場合があり、また本肢の表現ではDのみでの申請手続の正確性に欠けるため（※ただし、保存行為としてできるとする説もあるが、実務上は扱いが異なるため×とされる）。
令和4年度第9問,不動産登記法,ア,合筆の登記に関し、乙土地が第三者に使用貸借されているとしても、本件合筆の登記を申請することができる。,○,所有権名義人が同一であり、使用貸借権は登記できる権利ではなく合筆制限の事由（地上権、賃借権等）には該当しないため、合筆は可能であるため。
令和4年度第9問,不動産登記法,イ,合筆の登記に関し、いずれも同一の区分建物の敷地権である旨の登記がされている甲土地及び乙土地について、本件合筆の登記を申請することはできない。,×,同一の区分建物の敷地権として登記されている土地同士であれば、権利関係の混乱を生じるおそれがないため、例外的に合筆の登記を申請することができるため。
令和4年度第9問,不動産登記法,ウ,合筆の登記に関し、乙土地にのみ抵当権の設定の登記がある場合であっても、当該抵当権の登記名義人が作成した当該抵当権を消滅させることを承諾したことを証する情報を提供して、本件合筆の登記を申請することができる。,×,一部の土地にのみ抵当権がある場合の合筆は、法第41条の合筆制限に抵触し、抵当権の消滅承諾書があっても合筆登記の中で消滅させることはできず、事前に抵当権抹消登記を行う必要があるため。
令和4年度第9問,不動産登記法,エ,合筆の登記に関し、甲土地及び乙土地の所在する字（地番区域でないものを含む。）が同一であっても、甲土地及び乙土地が同一の地図又は地図に準ずる図面に記録されていないときは、本件合筆の登記を申請することはできない。,×,接続する土地であり字等の要件を満たしていれば、たまたま図面の境界（図郭線）をまたいで別の図面に記載されている場合であっても、合筆の登記を申請することはできるため。
令和4年度第9問,不動産登記法,オ,合筆の登記に関し、甲土地及び乙土地に登記の目的、申請の受付の年月日及び受付番号並びに登記原因及びその日付がいずれも同一の内容である抵当権の設定の登記がされているが、甲土地にのみ抵当権の順位の変更の登記がされている場合には、本件合筆の登記を申請することができる。,×,設定登記の受付番号等が同一（共同抵当）であっても、一方のみに順位変更の登記がされて権利関係の同一性が失われている場合は、合筆の要件を満たさず合筆できないため。
令和4年度第10問,不動産登記法,ア,建物の認定に関し、園芸用の温床施設は、鉄材で骨組みされて地面に固着し、屋根及び周壁が強固なガラスで築造された建造物であっても、建物として登記することはできない。,×,温室等の施設であっても、土地への定着性、外気分断性（屋根・周壁）、用途性などの要件を満たす強固な建造物であれば、建物として登記することができるため。
令和4年度第10問,不動産登記法,イ,建物の認定に関し、円柱状の形をした大型の給水タンクは、建物として登記することはできない。,○,給水タンク等の貯蔵用構築物は、人が出入りして利用する空間を備えた「建物」としての用途性や外気分断性の要件を満たさないため、登記できないため。
令和4年度第10問,不動産登記法,ウ,建物の認定に関し、土地の上に鉄骨柱の土台を置いて基礎とし、この上に組立式で容易に移動可能な事務所を設置した場合には、当該事務所は、建物として登記することができる。,×,組立式で容易に移動可能な事務所（プレハブ等）は、土地への永続的な「定着性」を欠くため、建物として登記することはできないため。
令和4年度第10問,不動産登記法,エ,建物の認定に関し、高架鉄道の線路敷地の高架下を屋根として利用し、外気を分断する周壁を築造して高架下と一体化させた店舗は、建物として登記することができる。,×,高架下の空間を利用し高架構造物自体を屋根として利用している構造の場合、独立した建物としての要件を満たさないとして登記できない取り扱いとされているため。
令和4年度第10問,不動産登記法,オ,建物の認定に関し、海底からの脚柱によって支えられた永久的な構築物である桟橋の上に建築された屋根及び周壁を有する水族館は、建物として登記することができる。,○,定着する基礎が海底等であっても、永久的な構造物の上に建築され、建物としての要件（屋根、周壁、用途性）を備えていれば、建物として登記することができるため。
令和4年度第11問,不動産登記法,ア,建物の所在又は家屋番号に関し、区分建物である甲建物に区分建物でない附属建物があるときは、甲建物の表題部の附属建物の表示欄の構造欄に附属建物の所在が記録される。,×,区分建物に属する附属建物の所在は、それが区分建物でない場合であっても、構造欄に記録されるものではなく、所在を記録すべき特定の欄（又は省略されるルール）があるため。
令和4年度第11問,不動産登記法,イ,建物の所在又は家屋番号に関し、区分建物の属する一棟の建物に共用部分である2階ベランダ部分を増築したことにより一棟の建物が隣接する土地にまたがった場合には、当該隣接する土地の地番を当該一棟の建物の所在欄に加える旨の当該区分建物の表題部の変更の登記を申請することはできない。,○,共用部分の増築により一棟の建物の所在が変更となる場合、表題部変更登記の申請が必要であるが、個々の区分建物の所有者が単独で「一棟の建物の所在のみ」を変更する目的の登記は申請できないため。
令和4年度第11問,不動産登記法,ウ,建物の所在又は家屋番号に関し、4番の土地及び6番の土地にまたがる建物は、当該建物の所在する床面積の多い部分が6番の土地に所在するときであっても、当該建物の所在欄には「4番地、6番地」と記録される。,×,複数の土地にまたがる建物の所在は、建物の主たる部分（床面積の多い部分等）が存する土地の地番を先に（「6番地、4番地」のように）記録するルールがあるため。
令和4年度第11問,不動産登記法,エ,建物の所在又は家屋番号に関し、土地の合筆の登記により建物の所在地番が変更した場合には、家屋番号の変更の登記を併せて申請しなければならない。,×,建物の所在地番が変更になっても、それを理由として当然に家屋番号の変更登記を申請しなければならない義務はなく、そのままの家屋番号が維持されることも多いため。
令和4年度第11問,不動産登記法,オ,建物の所在又は家屋番号に関し、表題登記がある建物がえい行移転により甲登記所の管轄区域から乙登記所の管轄区域に移動した場合には、当該建物の不動産所在事項に関する変更の登記の申請は、甲登記所又は乙登記所のいずれにもすることができる。,×,管轄区域をまたぐ建物の移転の場合、変更の登記の申請は、移動先の新たな所在地を管轄する登記所（乙登記所）に対して行う規定となっているため。
令和4年度第12問,不動産登記法,ア,建物の床面積に関し、建物の出窓の高さが1.5メートル未満であっても、出窓の下部が床面と同一の高さであれば、床面積に算入する。,○,出窓の床面積不算入の要件（高さ1.5m未満かつ床面より高い位置にあること）を満たさず、下部が床面と同一の高さであれば、居室の一部として床面積に算入されるため。
令和4年度第12問,不動産登記法,イ,建物の床面積に関し、建物の屋上にある建物内部との出入口としてのみ使用される階段室であっても、外気分断性がある場合には、床面積に算入する。,×,屋上の階段室（塔屋）で、単に出入口や機械室としての用途にしか供されない小規模なものは、建物の床面積に算入しない取り扱いとなっているため。
令和4年度第12問,不動産登記法,ウ,建物の床面積に関し、建物に附属する屋根及び手すりの付いている屋外の階段は、床面積に算入しない。,○,屋外階段は、屋根や手すりが付いていても周壁による外気分断性を欠くため、原則として建物の床面積には算入されないため。
令和4年度第12問,不動産登記法,エ,建物の床面積に関し、次の〔図1〕のとおり、建物の内部にあるダストシュートの一部が外部にまたがっている場合には、斜線部分のみを床面積に算入する。,×,ダストシュートや煙突などの施設で建物内部にあるものは床面積に算入されない（吹き抜けと同様に扱われるか、一部のみ算入される特則はない）ため。
令和4年度第12問,不動産登記法,オ,建物の床面積に関し、次の〔図2〕のとおり、停車場の上屋を有する乗降場がある場合には、その乗降場の床面積は、斜線部分の面積により計算する。,○,鉄道の停車場などの特例として、上屋の柱等で囲まれた部分（一定の投影面積）を基準として床面積を算出するルールがあるため。
令和4年度第13問,不動産登記法,ア,建物の表題登記に関し、区分建物でない建物の表題登記を申請する場合には、建物の名称を申請情報の内容とすることはできない。,×,区分建物でない一般の建物であっても、工場やビル等の名称がある場合には、建物の名称を申請情報の内容とし登記記録に記録することができるため。
令和4年度第13問,不動産登記法,イ,建物の表題登記に関し、Ａが所有する土地上に建物が新築された場合において、当該建物の所有者であるＢが当該建物の表題登記を申請するときは、Ｂは、当該土地の借地権を有していることを証する情報を提供しなければならない。,×,建物の表題登記の申請において、敷地の利用権（借地権等）を証する情報の提供は不動産登記法上要求されていないため。
令和4年度第13問,不動産登記法,ウ,建物の表題登記に関し、共用部分である旨の登記がある建物について、共用部分である旨を定めた規約を廃止したときは、当該規約の廃止後に当該建物の所有権を取得した者は、その所有権の取得の日から1か月以内に、当該建物の表題登記を申請しなければならない。,×,規約を廃止した場合、建物の物理的状況としての表題登記を新たに申請するのではなく、共用部分である旨の登記の抹消と所有権の保存（または移転）の登記を申請することとなるため。
令和4年度第13問,不動産登記法,エ,建物の表題登記に関し、新築した区分建物でない建物をＡ及びＢが共有する場合には、Ａは、単独で、Ａ及びＢを表題部所有者とする当該建物の表題登記を申請することができる。,○,建物の表題登記は不動産の保存行為に該当するため、共有者の一人であるAから、共有者全員のために単独で申請することができるため。
令和4年度第13問,不動産登記法,オ,建物の表題登記に関し、Ａが区分建物である甲建物を新築した後、ＡがＢに甲建物を売却した場合には、甲建物の表題登記の申請は、Ａ及びＢが共同してしなければならない。,×,未登記建物の譲受人Bは、原始取得者Aを経ることなく、自己を表題部所有者として単独で直接表題登記を申請できるため。
令和4年度第14問,不動産登記法,ア,附属建物に関し、区分建物でない乙建物を敷地権付き区分建物である甲建物の附属建物とする建物の合併の登記を申請することはできない。,○,敷地権の登記がある区分建物と、敷地権の概念がない非区分建物を合併することは、権利関係の不一致と混乱を招くため認められないため。
令和4年度第14問,不動産登記法,イ,附属建物に関し、主である建物とその附属建物がいずれも同一の一棟の建物に属する敷地権のある区分建物である場合には、登記記録の表題部には、当該主である建物に係る敷地権と当該附属建物に係る敷地権を区別して記録しなければならない。,×,同一の一棟の建物に属する主たる建物と附属建物で敷地権が共通する場合、敷地権の表示は区分建物の表題部に一括して記録され、区別して記録されるわけではないため。
令和4年度第14問,不動産登記法,ウ,附属建物に関し、同一の土地上にいずれも区分建物であって、それぞれ別の一棟の建物に属する甲建物と乙建物がある場合において、甲建物を主である建物、乙建物を附属建物とする表題登記を申請するときは、乙建物が属する一棟の建物の所在地番を申請情報の内容とすることを要しない。,○,同一土地上にあり、主・従の関係として一括申請する場合、附属建物の所在は主たる建物から明らかなため提供を省略できる規定があるため。
令和4年度第14問,不動産登記法,エ,附属建物に関し、甲建物とその附属建物である乙建物が同一の土地上にある場合において、甲建物を取り壊して、当該土地上に同じ床面積の丙建物を新築したときは、甲建物の登記記録の主である建物の表示を丙建物の表示に変更する建物の表題部の変更の登記を申請することはできない。,○,主である建物を取壊して新築した場合、建物の同一性が失われるため変更登記ではなく、滅失登記と新たな表題登記を行わなければならないため。
令和4年度第14問,不動産登記法,オ,附属建物に関し、主である建物とその附属建物が同時に取り壊された場合において、建物の滅失の登記をするときは、その登記原因及び日付は「年月日主である建物取壊し、年月日附属建物取壊し」と記録される。,×,主である建物と全ての附属建物が同時に滅失した場合、原因日付は単に「年月日取壊し」と記録すれば足り、個別に書き分ける必要はないため。
令和4年度第15問,不動産登記法,ア,合体による登記等に関し、表題登記のみがある甲建物と所有権の登記がある乙建物が合体して一個の建物となった後に、表題部所有者の更正の登記により甲建物の表題部所有者となった者は、当該登記から1か月以内に、合体による登記等を申請しなければならない。,○,合体により建物の物理的現況が変わった場合、合体後の所有者となった者は、その変更があった時（更正登記等で確定した時）から1か月以内に合体による登記等を申請する義務があるため。
令和4年度第15問,不動産登記法,イ,合体による登記等に関し、Ａ及びＢが共有する表題登記がない甲建物と、Ｃ及びＤが表題部所有者である表題登記のみがある乙建物と、Ｅ及びＦが所有権の登記名義人である所有権の登記がある丙建物が合体して1個の建物となった場合には、Ａは、単独で、合体による登記等を申請することができる。,×,複数の異なる権利主体の建物が合体した場合の登記は、共有持分の認定など複雑な権利変動を伴うため、関係者全員（A～F）の共同申請または同意が必要となるため。
令和4年度第15問,不動産登記法,ウ,合体による登記等に関し、一棟の建物にいずれも所有権の登記がある区分建物である甲建物及び乙建物が属する場合において、甲建物及び乙建物の隔壁を除去して1個の区分建物でない建物としたときは、甲建物及び乙建物の所有権の登記名義人は、合体による登記等を申請することはできない。,×,区分建物同士の隔壁を除去して物理的に一個の建物（合体）とし、さらに区分建物の要件を失って非区分建物となった場合でも、合体等の登記手続きを申請することは可能であるため。
令和4年度第15問,不動産登記法,エ,合体による登記等に関し、表題登記がない甲建物と所有権の登記がある乙建物が合体して一個の建物となった場合における合体による登記等の申請と表題登記がない甲建物の所有者を合体後の建物の登記名義人とする所有権の登記の申請は、併せてすることを要しない。,×,未登記建物と既登記建物の合体においては、権利関係を合体後の建物に正しく引き継ぐため、合体による登記等と未登記部分の所有権保存登記等を併せて申請しなければならないため。
令和4年度第15問,不動産登記法,オ,合体による登記等に関し、いずれも表題登記がない甲建物及び乙建物が合体して一個の建物となった場合において、当該建物について表題登記をするときは、登記原因及びその日付は「年月日合体」と記録される。,×,いずれも未登記の建物が合体した後に初めて表題登記をする場合、合体という従前の登記からの変更の過程を記載するのではなく、新築等による取得原因が記録されるため。
令和4年度第16問,不動産登記法,ア,建物の合併の登記に関し、甲建物及び乙建物の所有権の登記名義人であるＡが死亡した場合には、Ａの相続人であるＢは、甲建物及び乙建物について相続による所有権の移転の登記をした後でなければ、本件合併の登記を申請することができない。,×,相続人Ｂは、所有権の移転の登記（相続登記）を経ることなく、直接自己を申請人として建物の合併の登記を申請することができるため。
令和4年度第16問,不動産登記法,イ,建物の合併の登記に関し、甲建物及び乙建物がそれぞれ異なる登記所の管轄に属する場合であっても、本件合併の登記を申請することができる。,×,合併の登記は物理的に一個の建物となることを前提としており、異なる管轄に属する建物を法的に一つにまとめる合併登記は認められないため。
令和4年度第16問,不動産登記法,ウ,建物の合併の登記に関し、乙建物の種類に変更が生じている場合には、当該変更に係る建物の表題部の変更の登記及び本件合併の登記の申請は、一の申請情報によってすることができる。,○,建物の種類変更と建物の合併は関連する物理的現況の変更であり、手続きの便宜上、一の申請情報によって併せて申請することができるため。
令和4年度第16問,不動産登記法,エ,建物の合併の登記に関し、いずれも同一の一棟の建物に属する区分建物であり、共用部分である旨の登記がされている甲建物及び乙建物について、本件合併の登記を申請することはできない。,○,共用部分である旨の登記がされている建物は、特定の者の所有物として処分等が行われる通常の建物とは異なる性質を持つため、合併の登記は認められないため。
令和4年度第16問,不動産登記法,オ,建物の合併の登記に関し、住居表示の実施により甲建物及び乙建物の所有権の登記名義人であるＡの住所に変更があったときは、Ａは、住所の変更の登記をすることなく、住居表示の実施を証する情報を提供して、本件合併の登記を申請することができる。,×,所有権登記名義人の住所に変更がある場合、合併登記の前提として、必ず住所変更登記（名義人表示変更登記）を行わなければならないため。
令和4年度第17問,不動産登記法,ア,区分建物の登記に関し、いずれも表題登記がある区分建物でない甲建物及び乙建物が増築工事により相互に接続して区分建物となった場合における甲建物及び乙建物についての表題部の変更の登記の申請は、一括してしなければならない。,×,独立の建物が接続して区分建物となった場合、それぞれの建物の表題部変更登記は各所有者が単独で行うことができ、必ずしも一括申請が義務付けられているわけではないため。
令和4年度第17問,不動産登記法,イ,区分建物の登記に関し、区分建物の所有権の登記名義人Ａが当該区分建物について当該区分建物が属する一棟の建物の床面積の変更の登記を申請する場合には、併せて当該一棟の建物に属する他の区分建物についての一棟の建物の床面積の変更の登記を申請しなければならない。,○,一棟の建物の床面積は各区分建物の登記記録の表題部に記録される事項であり、変更が生じた場合は代位等により一括して全体の変更登記を申請しなければならないため。
令和4年度第17問,不動産登記法,ウ,区分建物の登記に関し、区分建物が属する一棟の建物が新築された場合において、当該区分建物が敷地権付き区分建物でないときは、当該区分建物の表題登記の申請は、当該一棟の建物に属する他の区分建物についての表題登記の申請と併せてすることを要しない。,×,敷地権の有無にかかわらず、新たに一棟の建物に属する区分建物を新築した場合、他の区分建物の表題登記も（代位等により）一括して申請しなければならないのが原則であるため。
令和4年度第17問,不動産登記法,エ,区分建物の登記に関し、表題登記がある区分建物でない建物に接続して区分建物が新築された場合には、当該区分建物についての表題登記の申請は、当該区分建物でない建物についての表題部の変更の登記の申請と併せてしなければならない。,○,非区分建物に接続して区分建物が新築され、全体として一棟の区分建物群を構成することになる場合、整合性を保つため既存建物の変更登記と新築建物の表題登記を併せて申請する必要があるため。
令和4年度第17問,不動産登記法,オ,区分建物の登記に関し、区分建物をＡが新築した後にＡが死亡した場合には、Ａの唯一の相続人であるＢは、当該区分建物を相続した日から1か月以内に、当該区分建物についての表題登記を申請しなければならない。,×,新築による表題登記の申請義務は「新築した日から1か月以内」であり、相続した日から起算されるわけではないため。
令和4年度第18問,不動産登記法,ア,敷地権・規約等の特例に関し、Ａは、甲土地及び乙土地のＡの共有持分権を敷地権として、表題登記がない丁区分建物について表題登記を申請することはできない。,×,区分建物の新築に際して、敷地利用権が自己の共有持分権のみであっても、その持分を敷地権として表題登記を申請することは可能であるため。
令和4年度第18問,不動産登記法,イ,敷地権・規約等の特例に関し、丙土地が規約により表題登記がある戊区分建物の敷地とされた場合には、Ｂは、丙土地が敷地となった日から1か月以内に、丙土地について有する登記された敷地利用権を敷地権として表示する戊区分建物の表題部の変更の登記を申請しなければならない。,×,規約敷地を追加設定することによる敷地権の変更登記は、1か月以内の申請義務（報告的義務）の対象とはされていないため。
令和4年度第18問,不動産登記法,ウ,敷地権・規約等の特例に関し、Ａは、丙土地を丁区分建物の敷地とすることについてＡのみが賛成した旨が記載された集会の議事録を申請書に添付することにより、丙土地のＡの共有持分権を敷地権として、丁区分建物の表題登記を申請することができる。,×,丙土地を規約敷地とするためには、丙土地の所有者（共有者）全員の同意または規約の設定が必要であり、Ａ単独の賛成のみの議事録では足りないため。
令和4年度第18問,不動産登記法,エ,敷地権・規約等の特例に関し、丁区分建物及び戊区分建物の表題部に甲土地及び乙土地に係る敷地権が登記されている場合には、Ａは、丁区分建物についてのみ甲土地及び乙土地の敷地利用権との分離処分可能規約を設定したことを証する情報を提供して、丁区分建物についてのみ甲土地及び乙土地に係る敷地権の登記を抹消する表題部の変更の登記を申請することができる。,○,分離処分可能規約が設定された区分建物についてのみ、当該規約を証する情報を提供して、敷地権の表示を抹消する表題部変更の登記を申請することができるため。
令和4年度第18問,不動産登記法,オ,敷地権・規約等の特例に関し、甲土地のＡの共有持分権に丁区分建物の敷地権である旨の登記がされている場合において、当該敷地権である旨の登記がされた後の売買を原因とする当該共有持分権の移転の登記をしようとするときは、その前提として、当該共有持分権に係る敷地権の登記を抹消する丁区分建物の表題部の変更の登記をすることを要しない。,×,敷地権である旨の登記がされた後は、敷地権と専有部分の分離処分が禁止されるため、土地の持分のみを移転するには前提として敷地権の抹消登記等が必要となるため。
令和4年度第19問,不動産登記法,ア,筆界特定に関し、筆界特定の申請人は、筆界特定の申請後、遅滞なく、筆界特定の申請をした旨を関係人に自ら通知しなければならない。,×,筆界特定の手続において関係人等への通知や公告を行うのは法務局（筆界特定登記官）の職務であり、申請人自らが通知する義務はないため。
令和4年度第19問,不動産登記法,イ,筆界特定に関し、既に筆界特定がされている土地の筆界について更に筆界特定の申請がされた場合には、既にされた筆界特定の内容に明白かつ重大な誤りがあったとしても、筆界特定登記官は、当該申請を却下しなければならない。,×,既に筆界特定がされていても、その内容に明白かつ重大な誤りがある場合などの特段の事情があれば、例外的に再度の申請を受理し判断を変更することができるとする運用があるため。
令和4年度第19問,不動産登記法,ウ,筆界特定に関し、対象土地の所有権の登記名義人は、筆界特定の申請人でない場合であっても、筆界特定の手続における測量に要する費用の概算額の一部を予納しなければならない。,×,測量費用等の手続費用を予納する義務を負うのは「申請人」のみであり、申請人以外の対象土地所有者（関係人）に予納義務はないため。
令和4年度第19問,不動産登記法,エ,筆界特定に関し、筆界特定の申請は、申請の趣旨を明らかにしてしなければならない。,○,不動産登記法第131条等の規定により、筆界特定の申請には、対象土地の表示や筆界特定の趣旨（対象となる境界線）を明確に記載して行う必要があるため。
令和4年度第19問,不動産登記法,オ,筆界特定に関し、甲土地及び乙土地を対象土地とする筆界特定の申請と甲土地及び丙土地を対象土地とする筆界特定の申請は、一の筆界特定申請情報によってすることができる。,○,同一の申請人が複数の隣接する筆界（甲-乙間、甲-丙間）について筆界特定を求める場合、手続の便宜から一の申請情報で申請することができるため。
令和4年度第20問,土地家屋調査士法,ア,土地家屋調査士等に関し、土地家屋調査士は、日本土地家屋調査士会連合会の定める様式により事件簿を調製し、その閉鎖後7年間保存しなければならない。,×,事件簿の保存期間は土地家屋調査士法施行規則等により定められているが、閉鎖後「10年間」（法改正後、または以前の規定の差異に注意。問題文の「7年」は誤り）保存しなければならないため。
令和4年度第20問,土地家屋調査士法,イ,土地家屋調査士等に関し、土地家屋調査士会は、所属の会員に対し土地家屋調査士法の規定により注意勧告をしたときは、その旨を公表しなければならない。,×,注意勧告は内部的な指導措置であり、懲戒処分等とは異なり公表する法的義務は定められていないため。
令和4年度第20問,土地家屋調査士法,ウ,土地家屋調査士等に関し、土地家屋調査士法人は、社員が2名以上いる場合には、社員のうち土地家屋調査士法人を代表すべきものを定款で定めなければならない。,○,社員が複数いる法人において代表権を特定の社員に限定する場合等は、代表すべき者を定款（または定款に基づく互選）で定める必要があるため。
令和4年度第20問,土地家屋調査士法,エ,土地家屋調査士等に関し、土地家屋調査士法人の社員は、総社員の同意があるときであっても、自己又は第三者のためにその土地家屋調査士法人の業務の範囲に属する業務を行ってはならない。,×,競業避止義務の規定により原則として禁止されるが、総社員の同意がある場合には例外的に自己又は第三者のために業務を行うことができるため。
令和4年度第20問,土地家屋調査士法,オ,土地家屋調査士等に関し、従たる事務所を設置する土地家屋調査士法人は、その従たる事務所に、当該事務所の所在地を管轄する法務局又は地方法務局の管轄区域内に設立された土地家屋調査士会の会員である社員を常駐させなければならない。,×,従たる事務所には社員を常駐させる義務があるが、その社員が「当該事務所の管轄の調査士会の会員であること」という要件（複数入会の強制等）までは調査士法上求められていないため。（※法人は主たる事務所の会に入会する）
令和3年度第1問,民法,ア,民法上の代理又は無権代理に関し、Ａからの委任により代理人となったＢは，やむを得ない事由がある場合には，Ａの許諾を得ることなく，復代理人を選任することができる。,○,民法第104条により、任意代理人は本人の許諾を得たとき、又はやむを得ない事由があるときでなければ復代理人を選任できないと規定されており、やむを得ない事由があれば許諾なく選任できるため。
令和3年度第1問,民法,イ,民法上の代理又は無権代理に関し、Ａが未成年者Ｂを代理人に選任し，ＢがＡのためにすることを示してＣに意思表示をした場合には，Ａは，Ｂが未成年者であることを理由として，その意思表示を取り消すことはできない。,○,民法第102条により、制限行為能力者が代理人としてした行為は、行為能力の制限を理由としては取り消すことができないと規定されているため。
令和3年度第1問,民法,ウ,民法上の代理又は無権代理に関し、Ｂが，Ａから与えられていた代理権限を越えて，Ａの代理人としてＣとの間で契約を締結した場合において，ＣがＢに権限があると信ずべき正当な理由があるが，Ｃがそのように信ずるに至ったことについてＡに過失がないときは，Ａは，Ｂの行為について，表見代理による責任を負わない。,×,権限外の行為の表見代理（民法第110条）の成立には、相手方Cが代理権があると信ずべき正当な理由（善意無過失）があれば足り、本人Aの過失の有無は要件とされていないため。
令和3年度第1問,民法,エ,民法上の代理又は無権代理に関し、代理人が本人のためにすることを示さないでした意思表示は，相手方において代理人が本人のためにすることを知り，又は知ることができたときを除き，代理人自身のためにしたものとみなされる。,○,民法第100条本文の規定により、顕名がない場合は原則として代理人自身のためにしたものとみなされるため。
令和3年度第1問,民法,オ,民法上の代理又は無権代理に関し、Ａから何らの代理権を与えられていないＢが，Ａの代理人と称してＣとの間で契約を締結した場合には，Ｃは，ＡがＣに対して追認をした後であっても，その契約を取り消すことができる。,×,民法第115条の規定により、無権代理の相手方の取消権は、本人が追認をしない間に行使しなければならず、追認があった後には取り消すことができなくなるため。
令和3年度第2問,民法,ア,占有権に関し、他人のために占有をする者であっても，その占有を奪われたときは，占有回収の訴えを提起することができる。,○,民法第200条1項により、代理占有者（他人のために占有をする者）であっても、直接の占有者として占有回収の訴えを提起することができるため。
令和3年度第2問,民法,イ,占有権に関し、甲土地の占有者であるＡから占有の訴えを提起されたＢは，その訴えに対する防御方法として，甲土地の所有権が自らにあることを主張することができる。,×,民法第202条2項の規定により、占有の訴えについては本権（所有権など）に関する理由で裁判をすることができず、これを防御方法として主張することは許されないため。
令和3年度第2問,民法,ウ,占有権に関し、占有者が占有物の所持を失った場合には，その占有者は，占有回収の訴えを提起して勝訴し，現実にその占有物の占有を回復したとしても，その占有物の所持を失っていた間の占有の継続を主張することはできない。,×,民法第203条ただし書の規定により、占有回収の訴えにより占有を回復したときは、占有は初めから失われなかったものとみなされ、占有の継続を主張できるため。
令和3年度第2問,民法,エ,占有権に関し、甲土地を占有していたＡからその占有を承継したＢは，自己の占有にＡの占有を併せて主張することはできるが，自己の占有のみを主張することはできない。,×,民法第187条1項の規定により、占有者の承継人は、自己の占有のみを主張するか、または自己の占有に前の占有者の占有を併せて主張するかを選択することができるため。
令和3年度第2問,民法,オ,占有権に関し、代理人が自己の占有物について以後本人のために占有する意思を表示したときは，本人は，これにより占有権を取得する。,○,民法第183条の占有改定の規定により、代理人が以後本人のために占有する意思を表示することによって、本人は間接占有を取得するため。
令和3年度第3問,民法,ア,相続に関し、被相続人Ｘの相続人が配偶者Ａと兄Ｂのみであるときは，Ｂの法定相続分は４分の１となります。,○,民法第900条3号により、配偶者と兄弟姉妹が相続人である場合、配偶者の相続分は4分の3、兄弟姉妹の相続分は4分の1となるため。
令和3年度第3問,民法,イ,相続に関し、被相続人Ｙには配偶者Ｃとの婚姻中の子Ｄ及びＥがおり，Ｄの子ＦがＹの養子でもある場合において，Ｙの相続開始時にはＣとＤが既に死亡していたためにＹの相続人がＥとＦのみとなるときは，Ｆの法定相続分は３分の２となります。,○,Ｆは、代襲相続人（Ｄの分）としての地位と、養子としての地位を兼ねるため、相続分を合算し、結果として全体の3分の2を取得することになるため。
令和3年度第3問,民法,ウ,相続に関し、被相続人Ｚの相続人が子Ｇ及びＨのみであり，甲不動産がＺの遺産に属するという事例について、Ｇは，甲不動産について法定相続分に相当する共有持分を有しているので，民法第256条第１項に規定する共有物の分割の請求をすることができます。,×,遺産共有状態にある財産の分割は、共有物分割請求の訴えではなく、遺産分割手続（家庭裁判所の審判等）によらなければならないとするのが判例であるため。
令和3年度第3問,民法,エ,相続に関し、ＧとＨとの間で甲不動産をＧが単独で取得する旨の遺産分割協議が成立したにもかかわらず，Ｈが，その旨の登記がされる前に，甲不動産について法定相続分に相当する２分の１の共有持分を有しているとして，これをＩに譲渡し，その旨の登記がされたとします。この場合において，Ｇは，Ｉに対して，甲不動産について自らの法定相続分を超える部分の所有権を承継したことを主張することができません。,○,遺産分割による権利の取得は、法定相続分を超える部分については登記を備えなければ第三者（I）に対抗できないとするのが判例及び民法第899条の2の趣旨であるため。
令和3年度第3問,民法,オ,相続に関し、Ｚが「遺産である甲不動産を相続人Ｇに相続させる。」との遺言をし，これがＧに甲不動産を単独で相続させる旨の遺産分割の方法の指定と認められる場合には，甲不動産の所有権は，遺産分割の協議又は審判を経ることなく，Ｚの死亡の時に直ちに相続によりＧに承継されませんか。オ「いいえ。遺産分割の協議又は審判を経ることなく，甲不動産の所有権がＧに承継されることはありません。」,×,「相続させる」旨の遺言（特定財産承継遺言）があった場合、特段の事情がない限り、被相続人の死亡時に直ちに当該財産が当該相続人に承継されるのが判例の趣旨であるため。
令和3年度第4問,不動産登記法,ア,登記の申請に関し、土地の所有権の登記名義人が登記識別情報を記載した書面の交付を受ける方法により登記識別情報の通知を受けていた場合において，電子申請の方法による当該土地の合筆の登記の申請について申請情報と併せて当該登記識別情報を提供するときは，代理人である調査士は，当該書面をスキャナにより読み取って作成した電磁的記録に，調査士による電子署名を付したものを提供することができます。,×,登記識別情報を電子申請で提供する場合は、書面をスキャナで読み取るのではなく、暗号化等の所定の方法により情報（文字列）自体を送信する必要があるため。
令和3年度第4問,不動産登記法,イ,登記の申請に関し、電子申請の方法により土地の合筆の登記の申請をする場合において，不動産登記令附則第５条に規定する添付情報の提供方法に関する特例により添付情報が記載された書面を登記所に提出するときは，代理人である調査士は，当該書面を登記所へ持参するか、送付する方法のいずれかによることができます。,○,特例方式による書面提出は、登記所への持参又は書留郵便等による送付の方法のいずれかで行うことができるため。
令和3年度第4問,不動産登記法,ウ,登記の申請に関し、調査士が代理人として電子申請の方法により土地の合筆の登記の申請をする場合において，申請人が代理人の権限を証する情報が記載された委任状をスキャナにより読み取って当該情報が記録された電磁的記録を作成したときは，調査士は，調査士による電子署名を付した上で，当該電磁的記録に記録した情報を添付情報とすることができますか。ウ「申請人による電子署名が付されていませんので，添付情報とすることはできません。」,×,調査士報告方式（電子署名のない委任状のPDF等に調査士が電子署名して提供する特例）を利用することで、申請人の電子署名がなくても添付情報とすることができるため。
令和3年度第4問,不動産登記法,エ,登記の申請に関し、調査士報告方式により当該登記の申請をした場合には，登記官に対して当該委任状原本の提示を省略することはできません。,×,調査士報告方式の要件を満たす場合、原則として添付情報の基となった書面（委任状の原本等）の提示を省略できる（求められない）取扱いとなっているため。
令和3年度第4問,不動産登記法,オ,登記の申請に関し、電子申請の方法により土地の合筆の登記の申請をした場合において，その後，当該申請を取り下げるときは，当該申請を取り下げる旨の情報を記載した書面を登記所に提出する方法によってすることができます。,×,電子申請でされた登記申請の取下げは、書面の提出ではなく、原則として電子情報処理組織を使用する方法（オンライン）で行わなければならないため。
令和3年度第5問,不動産登記法,ア,登記の申請の添付情報に関し、共通する添付情報のある２つの申請を同一の登記所に対して同時に行う場合において，当該添付情報を一の申請の申請情報と併せて提供し，その旨を他の申請の申請情報の内容としたときは，当該他の申請について当該添付情報を提供することを要しない。,○,不動産登記規則第54条の規定（添付情報の援用）により、一の申請において提供された添付情報を他の申請に援用し、重複する提供を省略できるため。
令和3年度第5問,不動産登記法,イ,登記の申請の添付情報に関し、隣り合って所在するＡが所有権の登記名義人である甲区分建物とＢが所有権の登記名義人である乙区分建物について，これらの間の隔壁を除去して甲区分建物と乙区分建物が１個の丙区分建物となったことによる登記の申請をＡが単独でする場合には，Ａ及びＢが丙区分建物について有することとなる持分の割合を証する情報を提供することを要する。,○,合体により新たに生じる持分割合は登記記録から明らかではないため、AとBが合意した持分割合を証する情報（合体後の持分証明書等）の提供が必要となるため。
令和3年度第5問,不動産登記法,ウ,登記の申請の添付情報に関し、土地家屋調査士法人が建物の表題登記の申請手続を代理する場合において，当該土地家屋調査士法人の会社法人等番号を提供したときは，当該会社法人等番号の提供をもって，当該代理人の代表者の資格を証する情報の提供に代えることができる。,○,法人が代理人となる場合、会社法人等番号を提供することにより、代表者の資格証明書（登記事項証明書等）の添付を省略できるため。
令和3年度第5問,不動産登記法,エ,登記の申請の添付情報に関し、所有権の登記がある区分建物でない甲建物と所有権の登記はないが表題登記がある区分建物でない乙建物とが増築工事により合体して１個の区分建物でない建物となった場合において，合体による建物の表題登記及び合体前の建物についての表題部の登記の抹消並びに所有権の保存の登記の申請をするときは，乙建物の新築時の建築基準法第７条の検査済証を当該申請情報と併せて提供すべき所有権を証する情報とすることができる。,×,検査済証は建物の物理的状況や適法性を証するものではあるが、所有権の保存の登記申請における「所有権を証する情報（所有権証明書）」としてそれ単独で用いることは原則としてできないため。
令和3年度第5問,不動産登記法,オ,登記の申請の添付情報に関し、電子申請の方法によって登記を申請する場合において，登記事項証明書を併せて提供しなければならないものとされているときは，登記事項証明書の提供に代えて，当該申請に係る不動産の不動産番号を送信しなければならない。,○,電子申請において他の不動産の登記事項証明書の添付が求められる場合、その不動産番号を申請情報の内容として提供することで添付に代えることができるため。
令和3年度第6問,不動産登記法,ア,登記の申請の却下に関し、一の申請情報によって二以上の登記の目的に係る登記の申請がされた場合において，当該登記の申請のうち一の登記の目的に係る申請についてのみ却下すべき事由があるときは，当該登記の申請の全部が却下される。,×,一括申請された複数の登記目的のうち一部にのみ却下事由がある場合、申請人が補正等を行わなければ、当該一部の目的についてのみ却下（一部却下）することができるとされているため。
令和3年度第6問,不動産登記法,イ,登記の申請の却下に関し、地積に関する更正の登記の申請について，登記官による調査の結果，当該申請に係る土地の筆界を確認することができない場合には，当該登記の申請は却下される。,○,地積更正登記において筆界が確認できない場合は、登記の前提となる物理的現況の特定が不可能なため、申請は却下されるべき事由に該当するため。
令和3年度第6問,不動産登記法,ウ,登記の申請の却下に関し、土地の分筆の登記の申請があった場合において，その添付情報として提供された地積測量図が，基本三角点等の成果を利用することができたにもかかわらず，これを利用することなく作成されたものであるときは，当該登記の申請は却下される。,×,地積測量図の作成方法の不備（基本三角点等を利用していない等）は補正可能な事項であり、直ちに却下される事由には該当しないため。
令和3年度第6問,不動産登記法,エ,登記の申請の却下に関し、登記の申請に不備があっても，その内容が補正することができるものであり，登記官が定めた相当の期間内に申請人がこれを補正したときは，当該登記の申請は却下されない。,○,不動産登記法第25条の規定により、却下事由に該当しても補正可能なものであって、指定期間内に補正された場合は却下されないため。
令和3年度第6問,不動産登記法,オ,登記の申請の却下に関し、電子申請の方法によってされた登記の申請を却下するときは，その決定書は電磁的記録をもって作成される。,×,却下の決定は、電子申請であっても、原則として「決定書（書面）」を作成し、これを申請人に交付または送達する方法で行われるため。
令和3年度第7問,不動産登記法,ア,登記完了証に関し、登記完了証に記録される申請情報には，申請人又は代理人の電話番号その他の連絡先が記録される。,×,登記完了証に記録される申請情報の内容に、申請人や代理人の電話番号等の連絡先は含まれないため。
令和3年度第7問,不動産登記法,イ,登記完了証に関し、表示に関する登記の申請人が二人以上ある場合には，当該登記が完了した際に交付される登記完了証は，その一人に通知すれば足りる。,○,不動産登記規則第181条第2項の規定により、表示に関する登記の申請人が複数いる場合、登記完了証はそのうちの一人に通知すれば足りるとされているため。
令和3年度第7問,不動産登記法,ウ,登記完了証に関し、土地の分筆の登記により新たに共同担保目録を作成した場合には，当該登記が完了した際に交付される登記完了証には，当該共同担保目録の記号及び目録番号が記録される。,×,表示に関する登記（分筆等）の完了による登記完了証には、新たに作成された共同担保目録の記号や番号は記録事項とされていないため。
令和3年度第7問,不動産登記法,エ,登記完了証に関し、建物の名称が登記されている建物の表題部の変更の登記が完了した際に通知される登記完了証には，当該名称が記録される。,×,表題部変更登記の登記完了証において、建物の名称は原則として記録される必須の項目とはされていないため。
令和3年度第7問,不動産登記法,オ,登記完了証に関し、電子申請の方法によってされた登記の申請に基づく登記が完了した場合において，登記完了証の交付を受けるべき者が，登記完了証を電子情報処理組織を使用した送信を受けることが可能になった時から３か月を経過しても自己の使用に係る電子計算機に備えられたファイルに記録しないときは，当該登記完了証は廃棄される。,×,電子的な登記完了証のダウンロード可能期間は通知から一定期間（例えば30日等）と運用されており、「3か月を経過しても記録しないときは廃棄される」という明文規定はないため。
令和3年度第8問,不動産登記法,ア,表題部所有者に関し、建物の表題部所有者として登記されているＡの住所についての更正の登記と，Ａの婚姻による氏についての変更の登記とは，一の申請情報によって申請することができる。,○,同一の不動産につき、表題部所有者の表示（住所及び氏名）に関する更正と変更は、密接に関連するため一の申請情報により申請できるため。
令和3年度第8問,不動産登記法,イ,表題部所有者に関し、表題部所有者としてＡが登記されている土地が，ＡからＢ，ＢからＣへと順次売却された場合には，Ｃは，ＡからＣへの表題部所有者についての変更の登記を申請することができる。,×,未登記不動産の所有権が移転した場合、表題部所有者の変更登記は認められず、A名義の表題登記を経た上で所有権保存登記・移転登記を行うか、Cが直接所有権保存登記を行うべきであるため。
令和3年度第8問,不動産登記法,ウ,表題部所有者に関し、土地の真の所有者がＡ及びＢであるにもかかわらず，誤ってＡのみが表題部所有者として登記された場合において，Ａの持分を３分の１，Ｂの持分を３分の２とする表題部所有者についての更正の登記をＢが申請するときは，Ｂの住所を証する情報をも提供しなければならない。,○,表題部所有者の更正登記により新たに登記名義人（表題部所有者）となるBについて、住所を証する情報の提供が必要となるため。
令和3年度第8問,不動産登記法,エ,表題部所有者に関し、表題部所有者としてＡ及びＢが登記されている建物について，Ａ及びＢの持分が誤って登記されている場合には，Ａは，Ｂの承諾を証する情報を提供して，単独で，Ａ及びＢの持分についての更正の登記を申請することができる。,×,持分の更正登記において、自らの持分が減少し不利益を受ける側（この場合はAまたはB）の承諾のみならず、利益を受ける側の関与が必要であり、Aが単独で（Bの承諾情報を提供するだけで）申請することは原則としてできないため（共同申請が必要となる）。
令和3年度第8問,不動産登記法,オ,表題部所有者に関し、建物の表題部所有者として登記されているＡの住所に変更があった場合には，Ａは，その変更の日から１か月以内に，表題部所有者の住所についての変更の登記を申請しなければならない。,×,表題部所有者の住所変更等については、建物の新築や滅失などの物理的状況の変更とは異なり、1か月以内の申請義務は課されていないため。
令和3年度第9問,不動産登記法,ア,土地の地番又は建物の家屋番号に関し、合筆により登記記録が閉鎖された土地の地番は，特別の事情がない限り，再使用されない。,○,不動産登記規則等において、合筆や滅失により閉鎖された土地の地番は、混乱を避けるため原則として再使用しない取扱いとなっているため。
令和3年度第9問,不動産登記法,イ,土地の地番又は建物の家屋番号に関し、登記官は，地番が著しく錯雑している場合には，必要があると認められるときであっても，当該地番を変更することができない。,×,不動産登記法等により、登記官は地番が著しく錯雑している等の必要がある場合には、職権で地番を変更する（地番変更）ことができるため。
令和3年度第9問,不動産登記法,ウ,土地の地番又は建物の家屋番号に関し、10番1の土地と10番2の土地とを合筆する場合には，登記官は，特別の事情がないときであっても，合筆後の土地の地番を10番2とすることができる。,×,合筆後の地番は、原則として合筆前の地番のうち最も若い番号（首位の地番）を付すこととされており、この場合は「10番1」となるべきであるため。
令和3年度第9問,不動産登記法,エ,土地の地番又は建物の家屋番号に関し、地番が10番1の土地に2個の建物が存する場合において，当該2個の建物のうち先に登記された建物の家屋番号が「10番1の1」のときは，後に登記する他の建物の家屋番号は「10番1の2」となる。,○,同一地番上に複数の建物が存在する場合、家屋番号は地番に支号（の1、の2等）を付して区別して付番されるため。
令和3年度第9問,不動産登記法,オ,土地の地番又は建物の家屋番号に関し、地番が「5番1」である土地と「6番1」である土地にまたがって建物が存し，これらの土地上に他に登記された建物が存しない場合において，当該建物の床面積が多い部分の存する「5番1」の土地がＡ登記所の管轄区域に属し，「6番1」の土地が当該建物に関する登記の事務をつかさどる指定を受けたＢ登記所の管轄区域に属するときは，当該建物の家屋番号は「6番1」となる。,×,複数の土地にまたがる建物の家屋番号は、管轄の指定を受けた登記所にかかわらず、建物の主たる部分（床面積が多い部分）が存する土地の地番（5番1）を基礎として定められるべきであるため。
令和3年度第10問,不動産登記法,ア,地目に関し、山林の急傾斜地に土砂崩れや地滑り防止のための擁壁が構築されているときは，当該擁壁が占める土地の地目は，堤である。,×,土砂崩れ防止のための擁壁が占める土地は、独立して「堤」とはされず、その周囲の土地と一体として「山林」等のまま取り扱われるため。
令和3年度第10問,不動産登記法,イ,地目に関し、耕地かんがい用の用水貯留池にえん堤が設けられているときは，当該えん堤が存する土地の地目は，ため池である。,○,かんがい用水貯留のための池及びそのえん堤等の維持に必要な土地は、一体として「ため池」として取り扱われるため。
令和3年度第10問,不動産登記法,ウ,地目に関し、主に動物の遺骸又は遺骨を埋める土地の地目は，墓地である。,×,「墓地」は人の遺体または遺骨を埋葬する土地を指し、動物用のものは「雑種地」等として取り扱われるため。
令和3年度第10問,不動産登記法,エ,地目に関し、宗教法人の宗教上の儀式行事に利用されている聖堂が存する土地の地目は，境内地である。,○,宗教法人の本殿、拝殿、聖堂などの敷地およびその維持に供される土地の地目は「境内地」と定められているため。
令和3年度第10問,不動産登記法,オ,地目に関し、山林を整地した一筆の土地上にマンションを建築する予定があるが，当該建築工事の着工前である場合において，当該土地上に当該建築工事のための仮設事務所が設置されているときは，当該土地の地目は，宅地である。,×,宅地造成の完了前や仮設事務所が設置されているに過ぎない段階では、まだ「宅地」としての用途に変更されたとは認められず、現況に基づいて判断されるため。
令和3年度第11問,不動産登記法,ア,分筆の登記に関し、甲土地の所有権の登記名義人であるＡが死亡した場合において，Ａの死亡前にＢがＡから甲土地を買い受けていたが，当該売買に基づく甲土地の所有権の移転の登記がされていないときは，Ｂは，甲土地の所有権を取得したことを証する情報を提供して，甲土地の分筆の登記を申請することができる。,×,未登記の権利取得者（B）は直接自己名義で分筆登記を申請できず、Aの相続人を名義人とする相続登記等を経るか、Aの相続人に代位して申請しなければならないため。
令和3年度第11問,不動産登記法,イ,分筆の登記に関し、賃借権の設定の登記がされている甲土地の所有権の登記名義人であるＡは，当該賃借権の登記名義人であるＢが承諾したことを証する情報を提供することなく，甲土地の分筆の登記を申請することができる。,○,分筆登記は表題部の変更であり、賃借権等の権利が消滅するわけではないため、権利部名義人（賃借権者B）の承諾情報は法令上要求されていないため。
令和3年度第11問,不動産登記法,ウ,分筆の登記に関し、抵当権の設定の登記がされている甲土地から乙土地を分筆する分筆の登記を申請する場合において，当該抵当権の登記名義人が分筆後の乙土地について当該抵当権を消滅させることを承諾したことを証する情報を提供したときは，分筆後の乙土地の登記記録には，当該抵当権が消滅した旨が記録される。,○,不動産登記法第76条により、権利の一部消滅の承諾情報が提供された場合、分筆先（乙土地）の登記記録にはその権利（抵当権）が転写されない（消滅した旨の処理がされる）ため。
令和3年度第11問,不動産登記法,エ,分筆の登記に関し、Ａの相続財産の管理人として選任されたＢが，亡Ａ相続財産を所有権の登記名義人とする土地の分筆の登記を申請するときは，その申請情報と併せて家庭裁判所の許可を証する情報を提供しなければならない。,×,分筆登記は不動産の保存行為に該当し、相続財産管理人が単独で行うことができ、家庭裁判所の許可（権限外行為許可）を証する情報の提供は不要であるため。
令和3年度第11問,不動産登記法,オ,分筆の登記に関し、Ａ及びＢが所有権の登記名義人である土地の分筆の登記をしようとする場合には，Ａが当該登記の申請情報と併せてＢがこれに承諾したことを証する情報を提供したとしても，Ａは，単独で，当該登記の申請をすることはできない。,×,分筆登記は保存行為として各共有者が単独で申請できるため、Bの承諾情報の有無に関わらず、Aは単独で申請することができるため。
令和3年度第12問,不動産登記法,ア,建物の表示に関する登記の登記事項に関し、主である建物の所在する土地と附属建物の所在する土地の地番がそれぞれ異なる場合において，附属建物の床面積が主である建物の床面積のおおよそ2倍あるときは，建物の表題部の所在欄には附属建物が所在する土地の地番が先に記録され，主である建物が所在する土地の地番は後に記録される。,×,建物の所在は、主である建物が所在する土地の地番を先に記録し、その後に附属建物が所在する土地の地番を記録するルールであるため。
令和3年度第12問,不動産登記法,イ,建物の表示に関する登記の登記事項に関し、建物の表題部の所在欄には，地番区域でない字を記録することはできない。,×,建物の所在欄には、地番区域に代えて、又はそれに加えて「字」等の名称を記録することができる場合があるため（地方の慣行等による）。
令和3年度第12問,不動産登記法,ウ,建物の表示に関する登記の登記事項に関し、名称のある一棟の建物に属する区分建物の表題登記を申請する場合において，当該一棟の建物の名称を申請情報の内容とするときは，当該一棟の建物の名称を定めた規約を設定したことを証する情報を提供しなければならない。,×,一棟の建物の名称（マンション名等）は、規約によって定められるものではなく、申請人の申し出（実態）に基づき登記されるため、規約証明情報の提供は不要であるため。
令和3年度第12問,不動産登記法,エ,建物の表示に関する登記の登記事項に関し、表題登記のある甲建物の附属建物が取り壊され，その後に建築された建物が甲建物の附属建物となった場合において，これによる甲建物の表題部の変更の登記を申請するときは，附属建物の符号として，取り壊された附属建物に付されていた符号を再使用することはできない。,○,建物の同一性が異なるため、閉鎖・滅失した建物の符号（家屋番号や附属建物の符号）は混乱を避けるため再使用しないルールとなっているため。
令和3年度第12問,不動産登記法,オ,建物の表示に関する登記の登記事項に関し、表題登記のある建物について数次にわたり増築がされたが，その旨の建物の表題部の変更の登記がされていない場合において，建物の表題部の変更の登記を申請するときは，最後の増築に係る登記原因及びその日付のみを申請情報の内容とすれば足りる。,×,数次にわたる増築等の履歴がある場合、そのすべての変更の履歴（登記原因および日付）を申請情報の内容としなければならないため。
令和3年度第13問,不動産登記法,ア,建物図面又は各階平面図に関し、建物をえい行移転したことによる建物の所在の変更の登記を申請する場合には，当該変更後の建物図面を提供しなければならない。,○,建物をそのままの形状で移動させる曳家（えいこう）移転の場合、建物の敷地上の配置（所在や位置）が変わるため、変更後の建物図面を提供する必要があるため。
令和3年度第13問,不動産登記法,イ,建物図面又は各階平面図に関し、仮換地として指定された土地上に建物を新築した場合において，これによる建物表題登記の申請について提供すべき建物図面には，仮換地の形状及び当該建物の位置を点線で図示しなければならない。,×,仮換地上の建物であっても、建物図面には「仮換地の形状を実線で図示する」取扱いとされているため（点線ではない）。
令和3年度第13問,不動産登記法,ウ,建物図面又は各階平面図に関し、2階部分についての各階平面図の訂正の申出は，訂正後の各階平面図に併せて訂正のない建物図面をも提供してしなければならない。,×,各階平面図の一部（2階部分等）の訂正であれば、訂正に係る部分を含む各階平面図を提供すればよく、変更のない建物図面まで合わせて提供する必要はないため。
令和3年度第13問,不動産登記法,エ,建物図面又は各階平面図に関し、団地共用部分である旨の登記がある建物について団地共用部分である旨を定めた規約を廃止したために当該建物の表題登記を申請する場合には，建物図面及び各階平面図を提供することを要しない。,○,団地共用部分の規約廃止による表題登記は、既に登記所に保存されている図面を援用できるため、新たな図面の提供は不要であるため。
令和3年度第13問,不動産登記法,オ,建物図面又は各階平面図に関し、甲建物を乙建物の附属建物とする合併の登記を申請する場合において，甲建物と乙建物の床面積に変更がないときは，合併後の各階平面図を提供することを要しない。,×,建物の合併により、独立した建物から主従関係を持つ建物群へと物理的構成が変わるため、床面積に変更がなくても合併後の建物図面及び各階平面図を提供しなければならないため。
令和3年度第14問,不動産登記法,ア,建物の種類の定め方に関し、100個の区分建物からなる一棟の建物に属する1個の甲区分建物が事務所として利用されているが，それ以外の99個の区分建物が独立して居住の用に供されているときは，甲区分建物に関する建物の種類は、「居宅」と定められますか。ア「その場合には，一棟の建物に属するほぼ全ての区分建物が居住の用に供されていますので，甲区分建物に関する建物の種類も「居宅」と定められます。」,×,区分建物の種類は、一棟の建物の全体の用途ではなく、当該区分建物（専有部分）ごとの主たる用途によって定められるため、事務所として利用されているなら「事務所」となるため。
令和3年度第14問,不動産登記法,イ,建物の種類の定め方に関し、区分建物でない建物として登記されている6階建てのビルについて，1階から3階までをパチンコ店，4階から5階までを映画館，6階をオーナーが居住する部分として利用されている場合には，当該ビルに関する建物の種類は、「遊技場・映画館・居宅」と定められますか。イ「当該ビルに関する建物の種類は「遊技場・映画館・居宅」と定められます。」,×,建物の種類は主たる用途を並記するが、実務上、併記するのは原則として2つ（多くても主要なもの）であり、3つ以上を列挙することは適当でないとされる場合があるため（※又は、このような複合ビルの場合は「店舗・居宅」などに集約するか、床面積の割合等で判断される）。
令和3年度第14問,不動産登記法,ウ,建物の種類の定め方に関し、区分建物でない建物に店舗として利用されている部分と居宅として利用されている部分とがある場合において，当該店舗として利用されている部分の面積が当該居宅として利用されている部分の面積に比べて著しく小さいときは，当該建物に関する建物の種類を「居宅・店舗」と定めることができますか。ウ「店舗として利用される部分も当該建物の主な用途と認められるのであれば「居宅・店舗」と定めることができます。」,○,一部の面積が小さくても、建物の効用として独立した主要な用途として認められる場合には、複数の用途を併記して「居宅・店舗」等と定めることができるため。
令和3年度第14問,不動産登記法,エ,建物の種類の定め方に関し、野球場として利用される開閉式円形ドーム屋根付きの建物について，当該建物内に店舗や駐車場が設けられている場合には，これら全ての用途を建物の種類として定める必要がありますか。エ「はい。当該建物の種類は「野球場・店舗・駐車場」と定めなければなりません。」,×,ドーム球場のような大規模施設において内部に付随する店舗等があっても、全体の主たる用途である「野球場」（または運動場等）と定めるのが通常であり、全ての用途を併記する必要はないため。
令和3年度第14問,不動産登記法,オ,建物の種類の定め方に関し、「保育所」や「教習所」を建物の種類として定めることはできますか。オ「いいえ。「保育所」や「教習所」は，不動産登記規則及び不動産登記事務取扱手続準則に規定された種類の区分に該当しないので，建物の種類として定めることはできません。」,×,準則等に例示がない種類であっても、建物の主な用途を的確に表すものであれば、「保育所」や「教習所」を建物の種類として定めることができるため。
令和3年度第15問,不動産登記法,ア,建物の表題部の変更又は更正の登記に関し、表題部所有者は，附属建物の新築の年月日を更正する登記を申請することができる。,×,表題部所有者は、原始的な物理的状況に関する表題登記の申請はできるが、登記後の事後的な「更正の登記」を申請する権限を有しない（所有権登記名義人が申請する）とする見解や、新築年月日はそもそも更正の対象とならない等から不可とされるため。
令和3年度第15問,不動産登記法,イ,建物の表題部の変更又は更正の登記に関し、表題登記のある建物の2階部分を増築した場合において，当該建物の1階部分の床面積が誤って登記されていることが判明したときは，登記の目的を「建物の表題部の変更登記」として，当該建物の1階部分及び2階部分の床面積を現況と合致させる旨の登記を申請することができる。,×,事後的な増築（変更）と、当初からの誤り（更正）が混在する場合、登記の目的を単一の「変更登記」として一括申請することはできず、更正登記と変更登記をそれぞれ（又は併せて）行う必要があるため。
令和3年度第15問,不動産登記法,ウ,建物の表題部の変更又は更正の登記に関し、甲建物の附属建物の床面積についての表題部の更正の登記をするときは，附属建物の表示に関する表題部に附属建物の種類，構造及び更正後の床面積の全部を記録し，符号を除いた従前の登記事項の全部を抹消する。,○,附属建物の表示を更正する場合、一部の更正であっても、新たな状況を記録した上で従前の事項（符号以外）を抹消する形式で記録されるため。
令和3年度第15問,不動産登記法,エ,建物の表題部の変更又は更正の登記に関し、区分建物の登記記録の一棟の建物の表示に関する表題部の記録事項に誤りがあった場合には，その一棟の建物に属する区分建物の所有権の登記名義人は，他の区分建物の所有権の登記名義人に代位して，当該他の区分建物についても表題部の更正の登記の申請をすることができる。,○,一棟の建物の表示の更正は全ての区分建物に影響するため、区分所有者の一人は他の区分所有者に代位して一括して更正登記を申請することができるため。
令和3年度第15問,不動産登記法,オ,建物の表題部の変更又は更正の登記に関し、甲建物に附属建物が2個ある場合において，一方の附属建物を取り壊したが，誤って現存する他方の附属建物の滅失による建物の表題部の変更の登記がされた場合には，甲建物の所有権の登記名義人は，建物の表題部の更正の登記を申請してこれを是正することはできない。,×,登記官の過誤や申請の誤りにより誤った附属建物が抹消された場合であっても、真実の状況に合致させるための「表題部の更正の登記」を申請して是正することは可能であるため。
令和3年度第16問,不動産登記法,ア,建物の分割又は合併の登記に関し、甲建物の附属建物及び乙建物の附属建物が区分建物である場合において，甲建物からその附属建物を分割して乙建物の附属建物に合併する建物の分割の登記及び建物の合併の登記の申請は，乙建物の附属建物が甲建物の附属建物と接続していないときは，することができない。,×,区分建物である附属建物同士の合併においては、必ずしも物理的に接続している必要はなく、一棟の建物に属する等の要件を満たせば合併登記が可能であるため。
令和3年度第16問,不動産登記法,イ,建物の分割又は合併の登記に関し、甲建物から附属建物を分割して乙建物の附属建物とする建物の分割の登記及び附属合併の登記をするときは，乙建物の登記記録の表題部に甲建物から分割した旨が記録される。,○,甲建物の附属建物を分割して乙建物の附属建物とする場合、乙建物の登記記録には、取得の原因として「甲建物（家屋番号）から分割」した旨の履歴が記録されるため。
令和3年度第16問,不動産登記法,ウ,建物の分割又は合併の登記に関し、甲建物から附属建物を分割して乙建物とする建物の分割の登記を申請する場合において，当該分割により甲建物の所在地番に変更が生じるときは，当該申請に併せて建物表題部の変更の登記を申請する必要はない。,×,附属建物の分割により主たる建物の敷地（所在地番）の構成が変わる場合、実体を反映させるため、甲建物の表題部変更の登記を併せて申請する必要があるため。
令和3年度第16問,不動産登記法,エ,建物の分割又は合併の登記に関し、甲建物について，所有権の保存の登記がされた後に，新築した建物を甲建物の附属建物とする旨の表題部の変更の登記がされている場合には，当該附属建物を分割して乙建物の附属建物とする建物の分割及び合併の登記の申請は，当該分割前の甲建物の所有権の保存の登記が完了した際に通知された登記識別情報を提供してすることができる。,×,附属建物新築時に所有権変更の登記識別情報は発行されていないが、甲建物の保存登記の識別情報のみでは、後から追加された附属建物の処分（分割・合併）についての登記識別情報としては不完全とされる場合があるため（※登記実務の特則に関する問題）。
令和3年度第16問,不動産登記法,オ,建物の分割又は合併の登記に関し、相互に接続する区分建物であり，甲建物及び乙建物に登記された敷地権がいずれも丙土地の所有権である場合において，甲建物と乙建物の敷地権の割合が相互に異なるときは，甲建物を乙建物に合併する登記は，申請することができない。,×,敷地権の割合が異なる区分建物同士であっても、合併後に持分割合を再計算等して調整することが可能であり、合算した割合を敷地権とする合併登記を申請することができるため。
令和3年度第17問,不動産登記法,ア,建物の滅失に関し、甲建物の所有権の登記の登記名義人であるＡがＢに対して甲建物を売却したが，ＡからＢに対する所有権の移転の登記がされる前に甲建物が滅失した場合には，Ａは，甲建物の滅失の登記を申請することができる。,×,実体法上所有権がBに移転している以上、登記名義がAであっても、現在の真実の所有者であるBが滅失登記を申請すべきであるため（Aには申請権限がない）。
令和3年度第17問,不動産登記法,イ,建物の滅失に関し、取壊し年月日が同一である主である建物と附属建物について滅失の登記をする場合には，当該附属建物の表示欄の原因及びその日付欄には，何らの記録を要しない。,×,主である建物と附属建物が同時に滅失した場合、登記記録の原因日付欄には「年月日取壊し」のように一括して記録されるか、またはそれぞれに記録する必要があるため（何らの記録も要しないわけではない）。
令和3年度第17問,不動産登記法,ウ,建物の滅失に関し、抵当権の設定の登記がされている建物が取り壊されて滅失した場合には，当該抵当権の設定の登記を抹消した後でなければ，建物の滅失の登記を申請することができない。,×,建物の滅失は物理的事実に基づくため、抵当権抹消登記を経ることなく、直接滅失登記を申請することができるため。
令和3年度第17問,不動産登記法,エ,建物の滅失に関し、共用部分である旨の登記がされている建物が滅失したために当該建物の滅失の登記を申請する場合には，その申請情報と併せて当該建物の所有権を証する情報を提供しなければならない。,×,共用部分である旨の登記がある建物の滅失登記においては、物理的滅失の事実があれば足り、所有権証明情報の提供は不要であるため。
令和3年度第17問,不動産登記法,オ,建物の滅失に関し、一棟の建物がいずれもＡが所有権の登記名義人である甲区分建物及び乙区分建物のみで構成されている場合において，乙区分建物が滅失したときは，Ａは，乙区分建物の滅失の登記と，甲区分建物を区分建物でない建物とする建物の表題部の変更の登記とを，一括して申請しなければならない。,○,一棟の建物内の他の区分建物が全て滅失し、残存するのが1個のみとなった場合、もはや区分建物の要件を欠くため、滅失登記と非区分建物への変更登記を一括して申請しなければならないため。
令和3年度第18問,不動産登記法,ア,共用部分である旨の登記等に関し、一棟の建物に属する1個の区分建物についての共用部分である旨の登記の申請は，その申請情報と併せて共用部分である旨を定めた規約を設定したことを証する情報を提供した場合には，当該一棟の建物に属する他の区分建物の所有権の登記名義人がすることができる。,×,共用部分である旨の登記を申請できるのは、当該建物の「所有権登記名義人」又は「表題部所有者」のみであり、他の区分所有者が代位等で申請することはできないため。
令和3年度第18問,不動産登記法,イ,共用部分である旨の登記等に関し、建物の所有権の登記名義人全員が当該建物について共用部分である旨の登記の申請をする場合には，共用部分である旨を定めた規約を設定したことを証する情報を提供することを要しない。,×,所有者全員の合意や申請であっても、共用部分とする根拠としての「規約」の存在を証する情報の提供は法令上必須とされているため。
令和3年度第18問,不動産登記法,ウ,共用部分である旨の登記等に関し、団地共用部分である旨の登記がある建物について，団地共用部分である旨を定めた規約を廃止したときは，当該建物の所有者は，当該規約の廃止の日から1か月以内に，当該建物の表題登記を申請しなければならない。,×,規約廃止による登記は、共用部分である旨の登記の抹消と所有権登記（保存又は移転）を行うものであり、表題登記の申請義務（1か月以内）の対象とはならないため。
令和3年度第18問,不動産登記法,エ,共用部分である旨の登記等に関し、区分建物が属する一棟の甲建物と半年後に完成予定の一棟の乙建物とが共に団地を形成する予定である場合には，甲建物内の専有部分である管理人室について，団地共用部分である旨を定めた規約を設定したことを証する情報を提供して，当該団地についての団地共用部分である旨の登記を申請することができる。,×,団地共用部分の登記は、団地内に「数棟の建物」が現に存在していることが前提となるため、乙建物が未完成の段階では申請することができないため。
令和3年度第18問,不動産登記法,オ,共用部分である旨の登記等に関し、抵当権の設定の登記がされている建物について共用部分である旨の登記を申請する場合には，その申請情報と併せて当該抵当権の登記名義人の承諾を証する当該登記名義人が作成した情報又は当該登記名義人に対抗することができる裁判があったことを証する情報を提供しなければならない。,○,共用部分である旨の登記がされると当該建物上の権利が消滅するため、登記上の利害関係人である抵当権者の承諾情報等の提供が必要となるため。
令和3年度第19問,不動産登記法,ア,筆界特定に関し、甲土地の所有権の登記名義人から売買により甲土地の所有権の全部を取得した者は，当該売買を登記原因とする所有権の移転の登記がされていない場合であっても，当該所有権を取得したことを証する情報を提供することにより，甲土地とこれに隣接する乙土地との筆界について，筆界特定の申請をすることができる。,○,筆界特定の申請は「対象土地の所有者（実体法上の所有者）」であれば行うことができ、登記が未了であっても所有権取得を証する情報を提供すれば申請できるため。
令和3年度第19問,不動産登記法,イ,筆界特定に関し、甲土地とこれに隣接する乙土地とを対象土地とする筆界特定の申請がされた後，筆界特定がされる前に甲土地が売却され，当該売買を登記原因とする所有権の移転の登記により新たに甲土地の所有権の登記名義人になった者がいる場合には，当該者から当該筆界特定の申請人の地位を承継する申出があったとしても，当該筆界特定の申請は却下される。,×,対象土地の譲受人は、所定の手続きを行うことで申請人の地位を承継することができるため、直ちに却下されるわけではないため。
令和3年度第19問,不動産登記法,ウ,筆界特定に関し、甲土地とこれに隣接する乙土地とを対象土地とする筆界特定の申請がされた後，意見聴取等の期日前に，関係土地の所有権の登記名義人が死亡した場合には，当該所有権の登記名義人の相続人は，関係土地について相続を原因とする所有権の移転の登記をすることなく，相続を証する情報を提供して当該意見聴取等の期日に出席することができる。,○,相続人は実体法上の所有者（関係人）としての地位を当然に承継するため、相続登記を経ることなく期日に出席することができるため。
令和3年度第19問,不動産登記法,エ,筆界特定に関し、甲土地とこれに隣接する乙土地とを対象土地とする筆界特定の申請がされた場合には，甲土地について設定されている抵当権の登記名義人は，筆界特定の申請人から提出された資料を閲覧することができる。,○,対象土地の抵当権者等も筆界特定手続上の「利害関係人」に該当するため、資料の閲覧を請求することができるため。
令和3年度第19問,不動産登記法,オ,筆界特定に関し、表題登記がある甲土地の表題部所有者は，甲土地とこれに隣接する乙土地との筆界について，筆界特定の申請をすることができる。,×,筆界特定の申請権者は原則として「所有権の登記名義人」又は「真実の所有者」であり、単なる「表題部所有者」は所有権の登記名義人ではないため、原則として申請できない（※実体上の所有権を証する必要がある）ため。
令和3年度第20問,土地家屋調査士法,ア,土地家屋調査士等に関し、土地家屋調査士法人の解散及び清算は，主たる事務所の所在地を管轄する法務局又は地方法務局の長の監督に属する。,×,法人の解散及び清算の監督は、法務局等の行政機関ではなく、「裁判所」の監督に属するため。
令和3年度第20問,土地家屋調査士法,イ,土地家屋調査士等に関し、土地家屋調査士となる資格を有する者が日本土地家屋調査士会連合会に登録申請書を提出するときは，事務所を設けようとする地を管轄する法務局又は地方法務局を経由して提出しなければならない。,×,登録申請書は、管轄する法務局等ではなく、入会しようとする「土地家屋調査士会」を経由して日本土地家屋調査士会連合会に提出しなければならないため。
令和3年度第20問,土地家屋調査士法,ウ,土地家屋調査士等に関し、土地家屋調査士は，補助者を置いたときは，遅滞なく，その旨を所属の土地家屋調査士会及び事務所の所在地を管轄する法務局又は地方法務局の長に届け出なければならない。,×,補助者の設置の届出先は所属の「土地家屋調査士会」であり、法務局長等へ直接届け出る義務は規定されていないため。
令和3年度第20問,土地家屋調査士法,エ,土地家屋調査士等に関し、土地家屋調査士は，筆界特定の手続についての代理に関する業務についての事件の依頼を承諾しないときは，速やかに，その旨を依頼者に通知しなければならない。,○,依頼を承諾しない場合の速やかな通知義務は、登記申請業務等に限らず、筆界特定手続代理業務においても適用されるため。
令和3年度第20問,土地家屋調査士法,オ,土地家屋調査士等に関し、土地家屋調査士法人は，正当な事由がある場合でなければ，不動産の表示に関する登記の申請手続の代理の依頼を拒むことはできない。,○,土地家屋調査士法人についても、個人たる土地家屋調査士と同様に、正当な事由なく受任を拒んではならないという受任義務（応諾義務）が課されているため。
令和2年度第1問,民法,ア,権利能力なき社団に関し、ある団体が法人格を有しない社団すなわち権利能力なき社団であると認められるためには、団体としての組織を備え，多数決の原則が行われ，構成員の変更にもかかわらず団体そのものが存続し，その組織において代表の方法，総会の運営，財産の管理その他団体として主要な点が確定しているものであることが必要である。,○,権利能力なき社団の要件について、最高裁判例（最判昭39.10.15等）で示された定義そのものであり正しいため。
令和2年度第1問,民法,イ,権利能力なき社団に関し、権利能力なき社団Ａの代表者であるＢが，Ａを代表して，Ｃとの間で，Ａの活動に充てるための資金として100万円を借り受ける金銭消費貸借契約を締結した場合において，権利能力なき社団の取引上の債務は，その社団の構成員全員に帰属することになるので，Ｂを含むＡの構成員各自は，Ｃに対して，直接の貸金返還債務を負う。,×,権利能力なき社団の取引上の債務は、社団の総有財産のみが責任財産となり、構成員個人は直接の義務（貸金返還債務等）を負わないとするのが判例であるため。
令和2年度第1問,民法,ウ,権利能力なき社団に関し、権利能力なき社団Ａの資産である不動産について，これを登記するためには、Ａ名義で登記をすることはできないが，Ａの構成員全員による共有名義で登記をすることや，Ａの代表者であるＢの個人名義で登記をすることは可能である。,○,権利能力なき社団名義での不動産登記は認められていないが、代表者個人の名義や、構成員全員の共有名義として登記することは認められているため。
令和2年度第1問,民法,エ,権利能力なき社団に関し、権利能力なき社団において，規約で定められていた改正手続に従い，総会における多数決により，構成員の資格要件を変更する旨の規約の改正が決議された場合，構成員の資格要件の変更については構成員各自の承諾を得る必要があり，当該決議について承諾をしていない構成員に対しては，改正後の規約は適用されない。,×,正当な手続き（規約に定められた多数決等）によって規約が改正された場合、その決議に反対・承諾していない構成員に対しても改正後の規約は適用されるため。
令和2年度第1問,民法,オ,権利能力なき社団に関し、権利能力なき社団である入会団体において，共有の性質を有する入会権の処分について，人会団体の構成員全員の同意を要件とすることなく，人会団体の役員会の全員一致の決議に委ねる旨の慣習が存在する場合，共有の性質を有する入会権については，各地方の慣習よりも民法の規定が優先的に適用されるから，この慣習に基づいてされた処分は効力を有しない。,×,民法第268条及び第294条の規定により、入会権については各地方の慣習が民法の規定に優先して適用されるため、慣習に基づく処分は効力を有するため。
令和2年度第2問,民法,ア,不動産の取得時効に関し、甲不動産を所有の意思なく占有していたＡが死亡し，Ｂがその占有を相続により承継した場合には，Ｂは，新たに甲不動産を事実上支配することによって占有を開始し，その占有に所有の意思があるとみられ，かつ，Ｂの占有開始後，所有権の時効取得に必要とされる期間その占有を継続したとしても，自己の占有のみを主張して甲不動産の所有権を時効取得することはできない。,×,相続人が、被相続人の占有とは別に、新たに自己の固有の占有として所有の意思をもって事実上の支配を始めたと認められる場合は、新たな権原による自主占有として時効取得が可能となるため。
令和2年度第2問,民法,イ,不動産の取得時効に関し、Ａから甲不動産を買い受けてその占有を取得したＢが，売買契約当時甲不動産の所有者はＡではなくＣであり，売買によって直ちにその所有権を取得するものでないことを知っていた場合には，Ｂは，その後，所有権の時効取得に必要とされる期間，甲不動産を継続して占有したとしても，甲不動産の所有権を時効取得することはできない。,×,他人物売買であることを知っていた（悪意の）場合であっても、買主としての所有の意思（自主占有）は認められるため、20年の期間が経過すれば時効取得することは可能であるため。
令和2年度第2問,民法,ウ,不動産の取得時効に関し、甲不動産につき賃借権を有するＡがその対抗要件を具備しない間に，甲不動産に抵当権が設定されてその旨の登記がされた場合には，Ａは，その後，賃借権の時効取得に必要とされる期間，甲不動産を継続的に用益したとしても，抵当権の実行により甲不動産を買い受けた者に対し，賃借権の時効取得を対抗することはできない。,○,抵当権設定後に賃借権の時効取得期間が完成した場合であっても、抵当権の実行（競売）による買受人に対しては、その賃借権の時効取得を対抗することはできないとするのが判例であるため。
令和2年度第2問,民法,エ,不動産の取得時効に関し、Ａが，甲不動産を10年間占有したことを理由として甲不動産の所有権の時効取得を主張する場合，その占有の開始の時に，Ａが甲不動産を自己の所有と信じたことにつき無過失であったことは推定されない。,○,民法上、占有の「善意・平穏・公然」は推定されるが、「無過失」は推定されないため、短期取得時効（10年）を主張する者は自ら無過失を立証する必要があるため。
令和2年度第2問,民法,オ,不動産の取得時効に関し、取得時効を援用する者が，時効期間の起算点を任意に選択し，時効完成の時期を早めたり遅らせたりすることは許されない。,○,取得時効の起算点は「占有を開始した時」で客観的に固定されており、時効完成の時期を調整するために起算点を任意に選択することは判例上許されていないため。
令和2年度第3問,民法,ア,相隣関係に関し、他の土地に囲まれて公道に通じない土地（袋地）の譲受人は，袋地について所有権の移転の登記を経由しなくとも，その袋地を囲んでいる他の土地（囲繞地）の所有者に対して，公道に至るため，囲繞地を通行することができる権利（囲繞地通行権）を主張することができる。,○,公道に至るための他の土地の通行権（旧・囲繞地通行権）は、袋地の所有権に伴い法律上当然に発生する権利であるため、登記がなくても主張することができるため。
令和2年度第3問,民法,イ,相隣関係に関し、他の土地及び水路によって囲まれており，水路を通行すれば公道に至ることができる土地の所有者は，公道に至るため，当該他の土地を通行することはできない。,×,池沼、河川、水路等を通らなければ公道に至ることができない土地については、事実上公道に出られない袋地と同様に扱われ、他の土地を通行することが認められるため（民法第210条1項後段）。
令和2年度第3問,民法,ウ,相隣関係に関し、自動車による通行を前提とする囲繞地通行権は，囲繞地の所有者の承諾がなければ成立しない。,×,自動車による通行であっても、それが袋地の利用に必要かつ相当であり、囲繞地に著しい損害を与えない等の要件を満たせば、承諾の有無に関わらず通行権が認められる場合があるため。
令和2年度第3問,民法,エ,相隣関係に関し、囲繞地について囲繞地通行権を有する袋地の所有者が，囲繞地に通路を開設するためには，囲繞地の所有者の承諾を要する。,×,通行権を有する者は、通行に必要な通路を自ら開設することができ、その際に囲繞地の所有者の承諾は不要である（ただし損害が最も少ない方法を選ぶ義務がある）ため。
令和2年度第3問,民法,オ,相隣関係に関し、共有物の分割によって袋地を生じた場合に，袋地の所有者が，公道に至るため，他の分割者の所有する土地について有する通行権は，当該他の分割者の所有する土地に特定承継が生じた場合であっても，消滅しない。,○,共有物の分割によって生じた袋地の無償通行権は、他の分割者の土地が第三者に譲渡された（特定承継が生じた）場合であっても、引き続きその第三者に対して主張することができるため。
令和2年度第4問,不動産登記法,ア,代理人による登記申請に関し、申請人Ａが土地家屋調査士Ｂに対して土地の合筆の登記の申請を委任し，委任事項として「土地の合筆の登記申請に関する一切の権限」とのみ記載されている場合、Ｂは，土地の合筆の登記を申請した後にＡが登記申請意思を撤回したとしても，当該申請を取り下げることはできない。,○,登記申請の取下げは「申請に関する一切の権限」に含まれず、特別の授権（委任）が必要となるため、明記されていない以上取り下げる権限はないため。
令和2年度第4問,不動産登記法,イ,代理人による登記申請に関し、申請人Ａが土地家屋調査士Ｂに対して土地の合筆の登記の申請を委任し，委任事項として「土地の合筆の登記申請に関する一切の権限」とのみ記載されている場合、Ｂは，土地の合筆の登記の申請の際に納付した登録免許税に過誤納があった場合，その還付金を受領することができない。,○,登録免許税等の還付金の受領権限は、登記申請行為そのものには含まれず特別の授権が必要であるため、明記されていない以上受領することはできないため。
令和2年度第4問,不動産登記法,ウ,代理人による登記申請に関し、申請人Ａが土地家屋調査士Ｂに対して土地の合筆の登記の申請を委任し，委任事項として「土地の合筆の登記申請に関する一切の権限」とのみ記載されている場合、Ｂは，電子申請の方法により，土地の合筆の登記を申請する場合，添付情報として，登記識別情報を提供することができる。,×,代理人が登記識別情報を提供するためには、「登記識別情報を提供すること」についての特別の授権（委任）が必要とされているため。
令和2年度第4問,不動産登記法,エ,代理人による登記申請に関し、申請人Ａが土地家屋調査士Ｂに対して土地の合筆の登記の申請を委任し，委任事項として「土地の合筆の登記申請に関する一切の権限」とのみ記載されている場合、Ｂは，電子申請の方法により，土地の合筆の登記を申請し，当該登記が完了した場合Ｂの使用に係る電子計算機に備え付けられたファイルに記録する方法で，登記識別情報の通知を受けることができる。,×,代理人が登記識別情報の通知を受領（復号）するためには、「登記識別情報を受領すること」についての特別の授権が必要とされているため。
令和2年度第4問,不動産登記法,オ,代理人による登記申請に関し、申請人Ａが土地家屋調査士Ｂに対して土地の合筆の登記の申請を委任し，委任事項として「土地の合筆の登記申請に関する一切の権限」とのみ記載されている場合、Ｂは，土地の合筆の登記を申請した後，当該申請が却下された場合，却下処分に対し，Ａの代理人として審査請求をすることができる。,×,行政不服審査法に基づく審査請求を行うためには、登記申請の代理権とは別に、審査請求をすることについての特別の授権が必要となるため。
令和2年度第5問,不動産登記法,ア,法定相続情報一覧図に関し、所有権の登記名義人の相続人が土地の分筆の登記を申請するに当たり，当該土地の所在地を管轄する登記所の法定相続情報一覧図つづり込み帳に，当該登記名義人の法定相続情報一覧図がつづり込まれている場合には当該法定相続情報一覧図の写しに記載された法定相続情報番号の提供をもって，相続があったことを証する情報の提供に代えることができる。,×,書面申請において、法定相続情報番号の提供のみで相続証明情報の提供に代えることはできず、法定相続情報一覧図の写し（書面）そのものを提供しなければならないため。（※電子申請の場合は例外あり）
令和2年度第5問,不動産登記法,イ,法定相続情報一覧図に関し、所有権の登記名義人の相続人が，土地の分筆の登記を申請するに当たり，法定相続情報一覧図の写しを提供して相続があったことを証する情報の提供に代えた場合，当該相続人は，当該法定相続情報一覧図の写しの還付を請求することはできない。,×,法定相続情報一覧図の写しも、他の添付書面と同様に原本還付の対象となり、登記完了後に還付を請求することができるため。
令和2年度第5問,不動産登記法,ウ,法定相続情報一覧図に関し、所有権の登記名義人の相続人が，土地の合筆の登記を申請するに当たり，法定相続情報一覧図の写しを提供して相続があったことを証する情報の提供に代える場合，この法定相続情報一覧図の写しは，作成後3月以内のものでなければならない。,○,合筆の登記を相続人が申請する場合、提供する相続証明情報は「登記名義人の承諾を証する情報」の性質も併せ持つため、作成後3か月以内のものを提供しなければならないため。
令和2年度第5問,不動産登記法,エ,法定相続情報一覧図に関し、被相続人Ａの妻Ｂが相続人から廃除されたため，Ａの子Ｃのみが相続権を有する場合において，Ｃが，所有権の登記名義人がＡである土地の分筆の登記を申請するに当たり，法定相続情報一覧図の写しを提供したときは，Ｂが廃除された旨の記載がされていることを証する戸籍の全部事項証明書の提供を省略することができる。,×,法定相続情報一覧図には相続人の廃除等の事由は記載されないため、単独相続であることを証するためには、Ｂが廃除された旨が記載された戸籍謄本等を別途提供しなければならないため。
令和2年度第5問,不動産登記法,オ,法定相続情報一覧図に関し、地図に表示された土地の表題部所有者の相続人が，地図の訂正の申出をする場合，法定相続情報一覧図の写しの提供をもって，相続があったことを証する情報の提供に代えることができる。,○,地図の訂正申出の手続においても、相続証明情報として法定相続情報一覧図の写しを利用することができるため。
令和2年度第6問,不動産登記法,ア,地目に関し、地目が畑として登記されている一筆の土地について，当該土地を宅地にするための工事が完了し，当該土地を敷地とする建物の建築について建築基準法に基づく確認済証が交付されたが建物の建築工事が始まっていない場合，当該土地の地目を宅地と認定することはできない。,×,宅地造成工事が完了していれば、実際に建物の建築工事が始まっていなくても、その現況から宅地として地目を認定することができるため。
令和2年度第6問,不動産登記法,イ,地目に関し、マンションの居住者のために屋外駐車場として利用されている土地について，当該駐車場部分が公道によりマンションの敷地と判然と区分されている場合，当該屋外駐車場として利用されている土地の地目は宅地とする。,×,公道によりマンション敷地と判然と区分されている屋外駐車場は、マンション敷地（宅地）とは一体性を有しないものとして、地目は「雑種地」として取り扱われるため。
令和2年度第6問,不動産登記法,ウ,地目に関し、ゴルフ場として一団で利用されている数筆の土地の地目は，その一部の土地上に建物がある場合であっても，当該建物の敷地以外の土地の利用を主とし，当該建物はその付随的なものに過ぎないと認められるときは，その全部を一団として雑種地とする。,○,ゴルフ場の一団の土地は、クラブハウス等の建物があっても全体としてゴルフ場の利用が主であると認められる場合は、一括して「雑種地」として取り扱うため。
令和2年度第6問,不動産登記法,エ,地目に関し、海産物を乾燥する場所として一団で利用されている数筆の土地がある場合において，その一部の土地上に永久的設備と認められる建物があるときは，当該建物の敷地の区域に属する土地の地目は宅地とする。,○,海産物の乾燥場等のうち、永久的な建物（倉庫等）が存在しその敷地として機能していると認められる区域については、「宅地」として取り扱われるため。
令和2年度第6問,不動産登記法,オ,地目に関し、建物の敷地である一筆の土地の地中に地下鉄道設備があり，その建物が病院として利用されている場合，当該土地の地目は鉄道用地とする。,×,地目の認定は主として地表の利用状況によって判断されるため、地表が病院の敷地として利用されているのであれば、地中に鉄道設備があっても地目は「宅地」となるため。
令和2年度第7問,不動産登記法,ア,地目の変更の登記に関し、敷地権である旨の登記がされている土地については，敷地権である旨の登記を抹消した後でなければ地目を宅地以外の地目に変更する登記を申請することはできない。,×,敷地権である旨の登記がされている土地であっても、現実に地目が変更された場合は、敷地権を抹消することなく地目の変更の登記を申請することができるため。
令和2年度第7問,不動産登記法,イ,地目の変更の登記に関し、地目が山林である土地の地上権の登記名義人が当該土地を切り開いて宅地とした場合，当該土地の所有権の登記名義人は，地目の変更の登記を申請しなければならない。,○,地目の変更は不動産の物理的状況の変更であるため、現実に地目変更をもたらした者が誰であるかにかかわらず、所有権の登記名義人は変更から1か月以内に変更登記を申請する義務を負うため。
令和2年度第7問,不動産登記法,ウ,地目の変更の登記に関し、地目の変更が数回あったがいずれも地目の変更の登記がされていない土地について，地目の変更の登記を申請する場合，各地目の変更に係る登記原因及びその日付をいずれも申請情報の内容としなければならない。,×,地目の変更が数回あった場合でも、建物の増築等とは異なり中間過程を省略し、最終の現況地目への変更に係る原因及び日付のみを申請情報とすれば足りるため。
令和2年度第7問,不動産登記法,エ,地目の変更の登記に関し、1平方メートル未満の端数を切り捨てて地積が表示されている土地について，その地目を宅地に変更する登記の申請は，地積の変更の登記の申請と併せてしなければならない。,×,地目を宅地に変更する場合、必ずしも地積の変更（小数点以下の端数表示への変更）を同時に申請しなければならないわけではなく、現況の地積に変更がなければ地目変更のみで足るため。
令和2年度第7問,不動産登記法,オ,地目の変更の登記に関し、地目を畑から宅地に変更する登記を申請する場合において，申請情報の内容となる登記原因の日付は，農地法所定の許可があった日ではなく，その主たる用途に変更が生じた日である。,○,地目の変更の登記原因日付は、農地転用の許可日等ではなく、現実に土地の用途が変更された日となるため。
令和2年度第8問,不動産登記法,ア,地積に関する更正の登記に関し、登記記録の地積に錯誤があることが判明した土地の抵当権の登記名義人は当該土地の地積に関する更正の登記を申請することができる。,×,地積更正登記の申請適格を有するのは、表題部所有者又は所有権の登記名義人であり、抵当権者は（代位原因等がない限り）自ら直接申請することはできないため。
令和2年度第8問,不動産登記法,イ,地積に関する更正の登記に関し、甲土地の地積に関する更正の登記と甲土地を乙土地に合筆する合筆の登記は，一の申請情報により申請することができる。,○,同一の不動産に関する表題部の更正登記と合筆の登記は、目的が関連しているため一括して一の申請情報で申請することが可能であるため。
令和2年度第8問,不動産登記法,ウ,地積に関する更正の登記に関し、一筆の土地に係る全ての筆界について筆界特定がされた場合において，筆界特定手続記録により，当該土地の登記記録の地積に錯誤があると認められるときは，当該土地の管轄登記所の登記官は，当該土地の表題部所有者又は所有権の登記名義人に対して地積に関する更正の登記の申請を促すことなく，職権で地積に関する更正の登記をしなければならない。,×,登記官は、地積に錯誤があることを発見したとしても、直ちに職権で更正するのではなく、まずは所有権の登記名義人等に対して更正登記の申請を勧告（促すこと）が原則とされるため。
令和2年度第8問,不動産登記法,エ,地積に関する更正の登記に関し、土地の地積に関する更正の登記を申請する場合において，更正後の土地の地積が増加するときは，添付情報として，増加部分の所有権を有することを証する情報を提供しなければならない。,×,地積更正登記は、元々所有していた土地の面積の表示を真実に合わせる手続であり、新たに別の土地の所有権を取得するわけではないため、所有権証明情報の提供は不要であるため。
令和2年度第8問,不動産登記法,オ,地積に関する更正の登記に関し、土地の所有権の登記名義人が死亡し，その相続人の一人が当該土地の地積に関する更正の登記を申請する場合には，添付情報として，他の相続人の承諾を証する情報を提供することを要しない。,○,地積に関する更正の登記は、不動産の現状を正しく公示するための保存行為に該当するため、共同相続人の一人が単独で申請でき、他の相続人の承諾情報は不要であるため。
令和2年度第9問,不動産登記法,ア,土地の分筆の登記に関し、登記官は，地図を作成するため必要があると認めるときは，所有権の登記名義人の異議の有無にかかわらず，職権で，分筆の登記をすることができる。,×,地図作成のためであっても、登記官が職権で分筆登記を行うことができるのは「所有権の登記名義人の異議がないとき」に限られるため。
令和2年度第9問,不動産登記法,イ,土地の分筆の登記に関し、一筆の土地の一部が別の地目になったことにより，地目に関する変更の登記と分筆の登記とを一の申請情報により申請するときは，登記原因及びその日付を申請情報の内容としなければならない。,○,一部地目変更・分筆登記を一括して申請する場合、分筆の原因として「一部地目変更」等の登記原因及びその日付を申請情報の内容として提供しなければならないため。
令和2年度第9問,不動産登記法,ウ,土地の分筆の登記に関し、一筆の土地の一部が河川法の定める河川区域内の土地となった場合において，その旨の登記を登記所に嘱託するときは，河川管理者は，土地の所有権の登記名義人に代わって，当該土地の分筆の登記を登記所に嘱託することはできない。,×,河川管理者は、河川区域内となった土地について、登記を嘱託する前提として、所有権の登記名義人に代位して当該土地の分筆の登記を嘱託することができるため。
令和2年度第9問,不動産登記法,エ,土地の分筆の登記に関し、共有に属する土地の一部の持分について，当該持分を有する共有者と国との間で買収協議が成立した場合，国は，その者に代位して分筆の登記を申請することができる。,×,共有地の一部について持分を買収しただけでは、物理的な土地の一部を特定して取得したわけではなく、国が単独で代位して分筆登記を申請することはできないため（共有物分割等が必要）。
令和2年度第9問,不動産登記法,オ,土地の分筆の登記に関し、共有物分割請求訴訟において2名の共有に属する土地を分割する判決が確定した場合において，一方の所有権の登記名義人が分筆の登記の申請に協力しないときは，他方の所有権の登記名義人がその者に代位してその土地の分筆の登記を申請することができる。,○,確定判決による共有物分割の場合、一方の共有者は判決に基づき、登記手続きに協力しない他方の共有者に代位して単独で分筆登記を申請することができるため。
令和2年度第10問,不動産登記法,ア,土地の合筆の登記に関し、甲土地と乙土地に，それぞれ登記の目的，申請の受付の年月日及び受付番号並びに登記原因及びその日付が同一の抵当権の設定の登記がされており，その後，両抵当権について，それぞれ登記の目的，申請の受付の年月日及び受付番号並びに登記原因及びその日付が同一の抵当権の変更の登記がされているときは，合筆の登記を申請することができる。,○,同一の受付番号等で設定された共同抵当権について、その後の変更登記も全て同一の受付番号等でされている場合、権利関係の同一性が保たれているため合筆の制限（法41条）の例外となり合筆可能であるため。
令和2年度第10問,不動産登記法,イ,土地の合筆の登記に関し、甲土地と乙土地の地番区域が相互に異なるときは，合筆の登記を申請することはできない。,○,不動産登記法第41条の規定により、相互に地番区域（大字など）が異なる土地同士の合筆は禁止されているため。
令和2年度第10問,不動産登記法,ウ,土地の合筆の登記に関し、甲土地と乙土地に，いずれも信託の登記がされている場合には，当該信託の登記について，各信託目録に記録された登記事項が同一であっても，合筆の登記を申請することはできない。,×,信託目録に記録された登記事項が全く同一である信託の登記がされている土地同士は、権利の混乱が生じないため、例外的に合筆することができるため。
令和2年度第10問,不動産登記法,エ,土地の合筆の登記に関し、甲土地と乙土地に，いずれも丙土地を承役地とする地役権の登記がされており，それぞれ地役権設定の目的及び範囲並びに登記の年月日が同一であるときは，合筆の登記を申請することができる。,×,甲・乙土地は「要役地」であり、要役地についてする地役権の登記は「所有権の登記以外の権利に関する登記」に該当する。合筆の例外となるのは「承役地」についてする地役権の登記であり、要役地の合筆は制限されるため合筆できない。
令和2年度第10問,不動産登記法,オ,土地の合筆の登記に関し、甲土地と乙土地に，それぞれ登記の目的，申請の受付の年月日及び受付番号並びに登記原因及びその日付が同一の所有権の移転の仮登記がされている場合には，合筆の登記を申請することはできない。,○,合筆の例外規定に「仮登記」は含まれておらず、たとえ受付番号等が同一であっても所有権移転の仮登記がある土地同士の合筆はできないため。
令和2年度第11問,不動産登記法,ア,土地の分筆の登記に関し、甲土地の所有権の登記名義人であるＡが死亡した場合において，Ａの死亡前にＢがＡから甲土地を買い受けていたが，当該売買に基づく甲土地の所有権の移転の登記がされていないときは，Ｂは，甲土地の所有権を取得したことを証する情報を提供して，甲土地の分筆の登記を申請することができる。,×,分筆登記の申請権者は原則として表題部所有者又は所有権の登記名義人であり、未登記の権利取得者であるＢは、自らを申請人として直接分筆登記を申請することはできず、Ａの相続人に代位する等の方法によらなければならないため。
令和2年度第11問,不動産登記法,イ,土地の分筆の登記に関し、賃借権の設定の登記がされている甲土地の所有権の登記名義人であるＡは，当該賃借権の登記名義人であるＢが承諾したことを証する情報を提供することなく，甲土地の分筆の登記を申請することができる。,○,分筆登記は不動産の物理的現況の変更（表題部に関する登記）であり、分筆によって賃借権等の権利が消滅・不利益を受けるわけではないため、権利の登記名義人であるＢの承諾情報は法令上要求されていないため。
令和2年度第11問,不動産登記法,ウ,土地の分筆の登記に関し、抵当権の設定の登記がされている甲土地から乙土地を分筆する分筆の登記を申請する場合において，当該抵当権の登記名義人が分筆後の乙土地について当該抵当権を消滅させることを承諾したことを証する情報を提供したときは，分筆後の乙土地の登記記録には，当該抵当権が消滅した旨が記録される。,○,不動産登記法第76条の規定により、抵当権等の権利の一部消滅の承諾情報が提供された場合、分筆によって新たに作成される土地（乙土地）の登記記録には、当該抵当権の登記が転写されず消滅した旨の処理がされるため。
令和2年度第11問,不動産登記法,エ,土地の分筆の登記に関し、Ａの相続財産の管理人として選任されたＢが，亡Ａ相続財産を所有権の登記名義人とする土地の分筆の登記を申請するときは，その申請情報と併せて家庭裁判所の許可を証する情報を提供しなければならない。,×,土地の分筆登記は、不動産の物理的状況を正確に公示するための「保存行為」に該当すると解されており、相続財産管理人が単独で行うことができ、家庭裁判所の権限外行為許可を証する情報の提供は不要であるため。
令和2年度第11問,不動産登記法,オ,土地の分筆の登記に関し、Ａ及びＢが所有権の登記名義人である土地の分筆の登記をしようとする場合には，Ａが当該登記の申請情報と併せてＢがこれに承諾したことを証する情報を提供したとしても，Ａは，単独で，当該登記の申請をすることはできない。,×,土地の分筆の登記の申請は不動産の保存行為に該当するため、共有者の一人であるＡから、他の共有者Ｂの承諾情報の有無に関わらず、単独で当該登記の申請をすることができるため。
令和2年度第12問,不動産登記法,ア,建物の表示に関する登記の登記事項に関し、主である建物の所在する土地と附属建物の所在する土地の地番がそれぞれ異なる場合において，附属建物の床面積が主である建物の床面積のおおよそ2倍あるときは，建物の表題部の所在欄には附属建物が所在する土地の地番が先に記録され，主である建物が所在する土地の地番は後に記録される。,×,建物の所在は、床面積の大小にかかわらず、主である建物が所在する土地の地番を先に記録し、その後に附属建物が所在する土地の地番を記録するルールとなっているため。
令和2年度第12問,不動産登記法,イ,建物の表示に関する登記の登記事項に関し、建物の表題部の所在欄には，地番区域でない字を記録することはできない。,×,建物の所在欄には、地番区域（大字など）の名称に代えて、又はそれに加えて「字」等の名称を記録することができる場合があるため。
令和2年度第12問,不動産登記法,ウ,建物の表示に関する登記の登記事項に関し、名称のある一棟の建物に属する区分建物の表題登記を申請する場合において，当該一棟の建物の名称を申請情報の内容とするときは，当該一棟の建物の名称を定めた規約を設定したことを証する情報を提供しなければならない。,×,一棟の建物の名称（マンション名等）は、規約によって定められるべき事項ではなく、申請人の申し出（実際の名称）に基づき登記記録に記録されるため、規約証明情報の提供は不要であるため。
令和2年度第12問,不動産登記法,エ,建物の表示に関する登記の登記事項に関し、表題登記のある甲建物の附属建物が取り壊され，その後に建築された建物が甲建物の附属建物となった場合において，これによる甲建物の表題部の変更の登記を申請するときは，附属建物の符号として，取り壊された附属建物に付されていた符号を再使用することはできない。,○,建物の同一性が異なるため、閉鎖・滅失した建物の符号（家屋番号や附属建物の符号）は、権利関係や履歴の混乱を避けるために再使用しないルールとなっているため。
令和2年度第12問,不動産登記法,オ,建物の表示に関する登記の登記事項に関し、表題登記のある建物について数次にわたり増築がされたが，その旨の建物の表題部の変更の登記がされていない場合において，建物の表題部の変更の登記を申請するときは，最後の増築に係る登記原因及びその日付のみを申請情報の内容とすれば足りる。,×,数次にわたる増築等の履歴がある場合、現在の物理的状況に至るまでのすべての変更の履歴（各回の登記原因および日付）を申請情報の内容としなければならないため。
令和2年度第13問,不動産登記法,ア,建物図面又は各階平面図に関し、建物をえい行移転したことによる建物の所在の変更の登記を申請する場合には，当該変更後の建物図面を提供しなければならない。,○,曳家（えいこう）移転等により建物をそのままの形状で移動させた場合、敷地上の建物の配置（所在や位置）が変わるため、現在の状況を反映した新たな建物図面を提供する必要があるため。
令和2年度第13問,不動産登記法,イ,建物図面又は各階平面図に関し、仮換地として指定された土地上に建物を新築した場合において，これによる建物表題登記の申請について提供すべき建物図面には，仮換地の形状及び当該建物の位置を点線で図示しなければならない。,×,仮換地上の建物であっても、建物図面においては「仮換地の形状を実線で図示する」取扱いとされており、点線で図示するわけではないため。
令和2年度第13問,不動産登記法,ウ,建物図面又は各階平面図に関し、2階部分についての各階平面図の訂正の申出は，訂正後の各階平面図に併せて訂正のない建物図面をも提供してしなければならない。,×,各階平面図の一部（2階部分など）のみの訂正の申出を行う場合、訂正に係る部分を含む各階平面図を提供すればよく、変更のない建物図面まで合わせて提供する必要はないため。
令和2年度第13問,不動産登記法,エ,建物図面又は各階平面図に関し、団地共用部分である旨の登記がある建物について団地共用部分である旨を定めた規約を廃止したために当該建物の表題登記を申請する場合には，建物図面及び各階平面図を提供することを要しない。,○,団地共用部分の規約廃止による表題登記の申請では、当該建物について既に登記所に保存されている建物図面等を援用できるため、新たな図面の提供は不要であるため。
令和2年度第13問,不動産登記法,オ,建物図面又は各階平面図に関し、甲建物を乙建物の附属建物とする合併の登記を申請する場合において，甲建物と乙建物の床面積に変更がないときは，合併後の各階平面図を提供することを要しない。,×,建物の合併により、独立した建物から主従関係を持つ建物群へと物理的構成が変わるため、床面積に変更がなくても合併後の建物図面及び各階平面図を提供しなければならないため。
令和2年度第14問,不動産登記法,ア,建物の種類の定め方に関し、100個の区分建物からなる一棟の建物に属する1個の甲区分建物が事務所として利用されているが，それ以外の99個の区分建物が独立して居住の用に供されているときは，甲区分建物に関する建物の種類は「居宅」と定められる。,×,区分建物の種類は、一棟の建物全体の用途ではなく、当該区分建物（専有部分）ごとの主たる用途によって定められるため、事務所として利用されている甲区分建物の種類は「事務所」となるため。
令和2年度第14問,不動産登記法,イ,建物の種類の定め方に関し、区分建物でない建物として登記されている6階建てのビルについて，1階から3階までをパチンコ店，4階から5階までを映画館，6階をオーナーが居住する部分として利用されている場合には，当該ビルに関する建物の種類は「遊技場・映画館・居宅」と定められる。,×,建物の種類は主たる用途を定めるが、実務上、併記するのは原則として2つまでとされており、3つ以上を列挙して「遊技場・映画館・居宅」と定めることは適当でないとされる場合があるため。
令和2年度第14問,不動産登記法,ウ,建物の種類の定め方に関し、区分建物でない建物に店舗として利用されている部分と居宅として利用されている部分とがある場合において，当該店舗として利用されている部分の面積が当該居宅として利用されている部分の面積に比べて著しく小さいときは，店舗として利用される部分も当該建物の主な用途と認められるのであれば当該建物に関する建物の種類を「居宅・店舗」と定めることができる。,○,一部の面積が小さくても、建物の効用として独立した主要な用途として認められる場合には、複数の用途を併記して「居宅・店舗」等と定めることができるため。
令和2年度第14問,不動産登記法,エ,建物の種類の定め方に関し、野球場として利用される開閉式円形ドーム屋根付きの建物について，当該建物内に店舗や駐車場が設けられている場合には，当該建物の種類は「野球場・店舗・駐車場」と定めなければならない。,×,ドーム球場のような大規模施設において内部に付随する店舗等があっても、全体の主たる用途である「野球場」（または運動場等）と定めるのが通常であり、全ての用途を併記する必要はないため。
令和2年度第14問,不動産登記法,オ,建物の種類の定め方に関し、「保育所」や「教習所」は，不動産登記規則及び不動産登記事務取扱手続準則に規定された種類の区分に該当しないので，建物の種類として定めることはできない。,×,不動産登記事務取扱手続準則等に例示がない種類であっても、建物の主な用途を的確に表すものであれば、「保育所」や「教習所」を建物の種類として定めることができるため。
令和2年度第15問,不動産登記法,ア,建物の表題部の変更又は更正の登記に関し、表題部所有者は，附属建物の新築の年月日を更正する登記を申請することができる。,×,表題部所有者は原始的な物理的状況に関する表題登記の申請権限は有するが、事後的な「更正の登記」を申請する権限は有しない（更正登記は所有権登記名義人が申請する）か、そもそも新築年月日は更正の対象とならない性質のものであるため。
令和2年度第15問,不動産登記法,イ,建物の表題部の変更又は更正の登記に関し、表題登記のある建物の2階部分を増築した場合において，当該建物の1階部分の床面積が誤って登記されていることが判明したときは，登記の目的を「建物の表題部の変更登記」として，当該建物の1階部分及び2階部分の床面積を現況と合致させる旨の登記を申請することができる。,×,事後的な増築（変更）と、当初からの誤り（更正）が混在する場合、登記の目的を単一の「変更登記」として一括して申請することはできず、更正登記と変更登記をそれぞれ（又は原因を併記して）行う必要があるため。
令和2年度第15問,不動産登記法,ウ,建物の表題部の変更又は更正の登記に関し、甲建物の附属建物の床面積についての表題部の更正の登記をするときは，附属建物の表示に関する表題部に附属建物の種類，構造及び更正後の床面積の全部を記録し，符号を除いた従前の登記事項の全部を抹消する。,○,附属建物の表示を更正する場合、一部の更正であっても、新たな状況を明確にするために全てを記録した上で、従前の事項（符号以外）を抹消する形式で記録されるため。
令和2年度第15問,不動産登記法,エ,建物の表題部の変更又は更正の登記に関し、区分建物の登記記録の一棟の建物の表示に関する表題部の記録事項に誤りがあった場合には，その一棟の建物に属する区分建物の所有権の登記名義人は，他の区分建物の所有権の登記名義人に代位して，当該他の区分建物についても表題部の更正の登記の申請をすることができる。,○,一棟の建物の表示の更正は全ての区分建物に影響する保存行為であるため、区分所有者の一人は、他の全ての区分所有者に代位して一括して更正登記を申請することができるため。
令和2年度第15問,不動産登記法,オ,建物の表題部の変更又は更正の登記に関し、甲建物に附属建物が2個ある場合において，一方の附属建物を取り壊したが，誤って現存する他方の附属建物の滅失による建物の表題部の変更の登記がされた場合には，甲建物の所有権の登記名義人は，建物の表題部の更正の登記を申請してこれを是正することはできない。,×,登記官の過誤や申請の誤りにより誤った附属建物が抹消された場合であっても、真実の状況に合致させるための「表題部の更正の登記」を申請して是正することは可能であるため。
令和2年度第16問,不動産登記法,ア,建物の分割又は合併の登記に関し、甲建物の附属建物及び乙建物の附属建物が区分建物である場合において，甲建物からその附属建物を分割して乙建物の附属建物に合併する建物の分割の登記及び建物の合併の登記の申請は，乙建物の附属建物が甲建物の附属建物と接続していないときは，することができない。,×,区分建物である附属建物同士の合併においては、必ずしも物理的に接続している必要はなく、一棟の建物に属する等の要件を満たせば合併登記が可能であるため。
令和2年度第16問,不動産登記法,イ,建物の分割又は合併の登記に関し、甲建物から附属建物を分割して乙建物の附属建物とする建物の分割の登記及び附属合併の登記をするときは，乙建物の登記記録の表題部に甲建物から分割した旨が記録される。,○,甲建物の附属建物を分割して乙建物の附属建物とする場合、乙建物の登記記録には、取得の経緯を明らかにするため原因欄に「甲建物（家屋番号）から分割」した旨が記録されるため。
令和2年度第16問,不動産登記法,ウ,建物の分割又は合併の登記に関し、甲建物から附属建物を分割して乙建物とする建物の分割の登記を申請する場合において，当該分割により甲建物の所在地番に変更が生じるときは，当該申請に併せて建物表題部の変更の登記を申請する必要はない。,×,附属建物の分割により主たる建物の敷地（所在地番）の構成が変わる場合、実体を正しく反映させるため、甲建物の表題部変更の登記（所在の変更）を併せて申請する必要があるため。
令和2年度第16問,不動産登記法,エ,建物の分割又は合併の登記に関し、甲建物について，所有権の保存の登記がされた後に，新築した建物を甲建物の附属建物とする旨の表題部の変更の登記がされている場合には，当該附属建物を分割して乙建物の附属建物とする建物の分割及び合併の登記の申請は，当該分割前の甲建物の所有権の保存の登記が完了した際に通知された登記識別情報を提供してすることができる。,×,保存登記後に新築された附属建物については、当該附属建物に対する権利取得時の登記識別情報が存在しないため、保存登記時の登記識別情報のみでは分割・合併等に際しての登記義務者の本人確認手段として不完全とされる場合があるため。
令和2年度第16問,不動産登記法,オ,建物の分割又は合併の登記に関し、相互に接続する区分建物であり，甲建物及び乙建物に登記された敷地権がいずれも丙土地の所有権である場合において，甲建物と乙建物の敷地権の割合が相互に異なるときは，甲建物を乙建物に合併する登記は，申請することができない。,×,敷地権の割合が異なる区分建物同士であっても、合併後に持分割合を合算するなどして調整することが可能であり、合算した割合を敷地権とする合併登記を申請することができるため。
令和2年度第17問,不動産登記法,ア,建物の滅失の登記に関し、甲建物の所有権の登記の登記名義人であるＡがＢに対して甲建物を売却したが，ＡからＢに対する所有権の移転の登記がされる前に甲建物が滅失した場合には，Ａは，甲建物の滅失の登記を申請することができる。,○,不動産登記法上、滅失の登記の申請権限を有するのは表題部所有者または所有権の登記名義人であり、形式的に登記名義を有するＡは、実体上の所有権移転後であっても滅失登記を申請することができるため。
令和2年度第17問,不動産登記法,イ,建物の滅失の登記に関し、取壊し年月日が同一である主である建物と附属建物について滅失の登記をする場合には，当該附属建物の表示欄の原因及びその日付欄には，何らの記録を要しない。,×,主である建物と附属建物が同時に滅失した場合でも、登記記録の原因日付欄には一括して「年月日取壊し」などと記録されるか、またはそれぞれに記録する必要があり、「何らの記録も要しない」わけではないため。
令和2年度第17問,不動産登記法,ウ,建物の滅失の登記に関し、抵当権の設定の登記がされている建物が取り壊されて滅失した場合には，当該抵当権の設定の登記を抹消した後でなければ，建物の滅失の登記を申請することができない。,×,建物の滅失は物理的事実に基づくものであり、抵当権抹消登記を経ることなく、直接滅失登記を申請することができるため（滅失により抵当権も消滅するため）。
令和2年度第17問,不動産登記法,エ,建物の滅失の登記に関し、共用部分である旨の登記がされている建物が滅失したために当該建物の滅失の登記を申請する場合には，その申請情報と併せて当該建物の所有権を証する情報を提供しなければならない。,×,共用部分である旨の登記がある建物の滅失登記においては、物理的滅失の事実があれば足り、所有権証明情報の提供は不要であるため。
令和2年度第17問,不動産登記法,オ,建物の滅失の登記に関し、一棟の建物がいずれもＡが所有権の登記名義人である甲区分建物及び乙区分建物のみで構成されている場合において，乙区分建物が滅失したときは，Ａは，乙区分建物の滅失の登記と，甲区分建物を区分建物でない建物とする建物の表題部の変更の登記とを，一括して申請しなければならない。,○,一棟の建物内の他の区分建物が全て滅失し、残存するのが1個のみとなった場合、もはや区分建物の要件を欠くため、滅失登記と非区分建物への変更登記を一括して申請しなければならないため。
令和2年度第18問,不動産登記法,ア,共用部分である旨の登記等に関し、一棟の建物に属する1個の区分建物についての共用部分である旨の登記の申請は，その申請情報と併せて共用部分である旨を定めた規約を設定したことを証する情報を提供した場合には，当該一棟の建物に属する他の区分建物の所有権の登記名義人がすることができる。,×,共用部分である旨の登記を申請できるのは、当該建物の「所有権登記名義人」又は「表題部所有者」のみであり、他の区分所有者が代位等で申請することはできないため。
令和2年度第18問,不動産登記法,イ,共用部分である旨の登記等に関し、建物の所有権の登記名義人全員が当該建物について共用部分である旨の登記の申請をする場合には，共用部分である旨を定めた規約を設定したことを証する情報を提供することを要しない。,×,所有権登記名義人全員での申請であっても、共用部分とする根拠としての「規約」の存在を証する情報の提供は法令上必須とされているため。
令和2年度第18問,不動産登記法,ウ,共用部分である旨の登記等に関し、団地共用部分である旨の登記がある建物について，団地共用部分である旨を定めた規約を廃止したときは，当該建物の所有者は，当該規約の廃止の日から1か月以内に，当該建物の表題登記を申請しなければならない。,○,団地共用部分の規約が廃止されると、当該建物は通常の区分建物ではない一般の建物に戻る場合などがあり、物理的・法的な現況に適合させるため1か月以内に表題登記（または変更登記等）を申請する義務があるため。
令和2年度第18問,不動産登記法,エ,共用部分である旨の登記等に関し、区分建物が属する一棟の甲建物と半年後に完成予定の一棟の乙建物とが共に団地を形成する予定である場合には，甲建物内の専有部分である管理人室について，団地共用部分である旨を定めた規約を設定したことを証する情報を提供して，当該団地についての団地共用部分である旨の登記を申請することができる。,○,団地共用部分の登記は、将来団地を形成する予定であることが確実であれば、他の建物が未完成の段階であっても、規約を設定して申請することができるため。
令和2年度第18問,不動産登記法,オ,共用部分である旨の登記等に関し、抵当権の設定の登記がされている建物について共用部分である旨の登記を申請する場合には，その申請情報と併せて当該抵当権の登記名義人の承諾を証する当該登記名義人が作成した情報又は当該登記名義人に対抗することができる裁判があったことを証する情報を提供しなければならない。,×,共用部分である旨の登記を行うと所有権以外の権利は消滅するため、単に承諾情報等を提供するだけでは足りず、前提として抵当権の抹消登記を申請しなければならないため。
令和2年度第19問,不動産登記法,ア,登録免許税に関し、いずれも所有権の登記のある2筆の土地の合筆の登記の申請と、所有権の登記のある土地の一部の地目が墓地になったためにする一部地目変更及び当該土地を2筆にする分筆の登記の申請の登録免許税は、いずれも1000円である。,○,合筆の登記は筆数が減少するため1000円。分筆の登記は分割後の筆数（2筆）から1を引いた数×1000円で1000円となり、いずれも1000円であるため。
令和2年度第19問,不動産登記法,イ,登録免許税に関し、2筆の土地の所有権を敷地権とする所有権の登記のある1個の区分建物を2個の区分建物とする再区分の登記の申請と、国と私人が共有する所有権の登記のある土地を2筆にする分筆の登記の申請の登録免許税は、いずれも2000円である。,○,再区分登記は建物が1個増加するため1000円×2=2000円と敷地権土地2筆分の変更1000円（または建物増加分と土地変更分で算出）。国と私人の共有地の分筆は、非課税割合を除いた私人持分に基づく計算等により2000円（※法的な計算結果が一致する）となるため。
令和2年度第19問,不動産登記法,ウ,登録免許税に関し、一棟の建物にいずれも所有権の登記のある2個の区分建物が属する場合に当該2個の区分建物を1個の区分建物でない建物とする区分建物の合併の登記の申請と、いずれも所有権の登記のある2個の建物が合体して1個の建物となったためにする合体による登記等の申請の登録免許税は、いずれも非課税である。,×,合併の登記は非課税であるが、所有権の登記のある建物同士の合体による登記においては、合体後の建物に対する所有権変更登記等が含まれるため課税される場合があり、いずれも非課税とはならないため。
令和2年度第19問,不動産登記法,エ,登録免許税に関し、いずれも所有権の登記のある2筆の土地の合筆の登記を，錯誤を原因として抹消する登記の申請と、私人を所有権の登記名義人とする土地の一部を取得した地方公共団体が，私人に代位して行う当該土地を2筆にする分筆の登記の嘱託の登録免許税は、いずれも非課税である。,×,錯誤を原因とする合筆の抹消登記は、1筆の土地について1000円の登録免許税が課されるため、非課税ではないため。
令和2年度第19問,不動産登記法,オ,登録免許税に関し、1個の建物の表題部所有者の住所の変更の登記の申請と、宗教法人が所有権の登記名義人である土地を2筆にする分筆の登記の申請の登録免許税は、いずれも非課税である。,×,表題部所有者の住所変更登記は非課税であるが、宗教法人が所有する土地の分筆登記については、原則として1000円の登録免許税が課され非課税ではないため。
令和2年度第20問,土地家屋調査士法,ア,土地家屋調査士等に関し、土地家屋調査士は，公務員として職務上取り扱った事件については，その業務を行うことができない。,○,土地家屋調査士法第22条の2等の規定により、公務員として職務上取り扱った事件に関する業務は、職務の公正を保つため行うことが禁止されているため。
令和2年度第20問,土地家屋調査士法,イ,土地家屋調査士等に関し、土地家屋調査士法人の清算人は，土地家屋調査士である必要はない。,×,土地家屋調査士法人の清算人は、その業務の性質上、社員であった者等の土地家屋調査士でなければならないとされているため。
令和2年度第20問,土地家屋調査士法,ウ,土地家屋調査士等に関し、日本土地家屋調査士会連合会により引き続き2年以上業務を行わないことを理由に土地家屋調査士の登録を取り消された者は，取消しに不服があるときは，法務大臣に対して審査請求をすることができる。,○,連合会が行った登録取消し処分に対して不服がある者は、行政不服審査法に基づき、監督官庁である法務大臣に対して審査請求をすることができるため。
令和2年度第20問,土地家屋調査士法,エ,土地家屋調査士等に関し、土地家屋調査士法人は，定款で定めるところにより，当事者その他関係人の依頼を受けて，鑑定人に就任し，土地の筆界に関する鑑定を行う業務をすることができる。,○,土地家屋調査士法第3条等の業務範囲に関する規定により、筆界に関する鑑定業務は調査士（法人含む）の業務として認められているため。
令和2年度第20問,土地家屋調査士法,オ,土地家屋調査士等に関し、土地家屋調査士は，土地の表示に関する登記について必要な測量の業務の依頼を受けた場合において，自ら当該業務を行うことができない正当な事由があるときは，補助者に当該業務を取り扱わせることができる。,×,測量業務は土地家屋調査士の独占的かつ専門的な業務であり、正当な事由があっても、補助者に全面的に取り扱わせる（名義貸し等）ことは禁止されているため。
令和元年度第1問,民法,ア,物権的請求権に関し、Ａに無断で甲土地上に乙建物を建てたＢが，自己名義の保存登記をした後に乙建物をＣに売却したが，登記名義がＢのままである場合，Ａは甲土地の所有権に基づき，Ｂに対しては乙建物の収去を求めることができるが，Ｃに対しては求めることができない。,×,他人の土地上の建物の所有権を取得した者は、自らの意思で所有権取得の登記を経由した以上、建物を譲渡しても登記名義を保有する限り土地所有者に対し建物収去・土地明渡しの義務を免れない（最判平6.2.8）。また、実際の所有者であるＣに対しても当然に収去を求めることができるため。
令和元年度第1問,民法,イ,物権的請求権に関し、ＡがＢに甲土地を売却したが，所有権の登記名義人がＡのままである場合において，Ｃが甲土地を違法に占有しているときは，Ｂは甲土地の所有権に基づき，Ｃに対し甲土地の明渡しを求めることができる。,○,未登記の所有者であっても、不法占拠者に対しては所有権に基づいて妨害排除（明渡し）を請求することができるため。
令和元年度第1問,民法,ウ,物権的請求権に関し、ＣがＢ所有の乙動産を無断で持ち出し，Ａの甲土地上に放置した場合において，Ａが乙動産を所有するＢに対し撤去を請求したとき，Ｂは，放置したのがＣであることを理由にその請求を拒絶することができない。,○,物権的請求権の相手方は、現に妨害状態を生じさせている者または妨害物の所有者である。Ｂは自らの行為でなくとも動産の所有者として撤去義務を負うため。
令和元年度第1問,民法,エ,物権的請求権に関し、Ｂが20年間，所有の意思をもって，平穏に，かつ，公然と甲土地を占有し取得時効を援用した後は，ＡはＢに対し，甲土地につき所有権に基づく物権的請求権を行使することができない。,○,取得時効の援用によりＢが甲土地の所有権を原始取得し、Ａは所有権を失うため、Ａは物権的請求権を行使できなくなるため。
令和元年度第1問,民法,オ,物権的請求権に関し、Ｂが甲土地に地役権を有する場合において，Ｃが違法かつ恒常的に駐車して地役権を侵害しているとき，Ｂは，地役権に基づき，Ａに対しては必要な措置を求めることができるが，Ｃに対しては侵害行為の禁止を求めることはできない。,×,地役権者は、地役権という物権に基づいて、妨害している第三者（Ｃ）に対して直接、妨害排除または妨害予防の請求（地役権侵害行為の禁止）を求めることができるため。
令和元年度第2問,民法,ア,共有に関し、Ａ，Ｂ及びＣが各3分の1の持分で共有する甲土地について，無権利者Ｄが単独で所有する旨の不実の登記をした場合，ＡはＢ及びＣの同意を得ない限り，Ｄに対してその登記の抹消を請求することはできない。,×,不実の登記の抹消請求は、共有物の保存行為に該当するため、各共有者（Ａ）が単独で行うことができるため。
令和元年度第2問,民法,イ,共有に関し、Ａ，Ｂ及びＣが各3分の1の持分で共有する甲土地を第三者Ｄが違法に占有している場合，ＡはＢ及びＣの同意を得なくても，Ｄに対して甲土地の明渡しを請求することができる。,○,不法占有者に対する明渡請求は共有物の保存行為に該当するため、各共有者（Ａ）が単独で行うことができるため。
令和元年度第2問,民法,ウ,共有に関し、ＡがＢ及びＣに無断で共有する甲土地に変更を加える行為をしている場合において，Ｂは，Ｃの同意を得ていないときは，Ａに対して当該行為の禁止を求めることはできない。,×,他の共有者が無断で共有物に変更を加える場合、その差し止め（禁止）を求めることは保存行為に該当し、各共有者（Ｂ）が単独で請求できるため。
令和元年度第2問,民法,エ,共有に関し、Ａ，Ｂ及びＣが各3分の1の持分で共有する甲土地を第三者Ｄが違法に占有している場合，ＡはＤに対して，Ｂ及びＣに生じた損害についての賠償を請求することができない。,○,不法行為に基づく損害賠償請求権は、各共有者がその持分の割合に応じて個別に取得・行使するものであり、他の共有者の損害分まで請求することはできないため。
令和元年度第2問,民法,オ,共有に関し、Ａ，Ｂ及びＣが共同して甲土地をＤに賃貸している場合において，Ｄに債務不履行があるときは，Ａは，Ｂ及びＣの同意を得なくても，当該賃貸借契約を解除することができる。,×,共有物の賃貸借契約の解除は、共有物の管理行為に該当するため、持分の価格の過半数で決する必要があり、Ａが単独で（過半数を得ずに）解除することはできないため。
令和元年度第3問,民法,ア,遺言に関し、未成年者であっても，15歳に達していれば，法定代理人の同意がなくとも，有効な遺言をすることができる。,○,民法第961条の規定により、15歳に達した者は、単独で有効な遺言をすることができるため。
令和元年度第3問,民法,イ,遺言に関し、自筆証書遺言の作成日付を「平成31年1月吉日」と記載した遺言も有効である。,×,自筆証書遺言には日付の記載が必要であり、「吉日」のような特定できない記載は日付の要件を満たさず、遺言全体が無効となるため。
令和元年度第3問,民法,ウ,遺言に関し、自筆証書遺言については，印章に代えて，指頭に朱肉を付けて押捺することができる。,○,自筆証書遺言における押印は、実印でなくともよく、また指印（拇印）であっても要件を満たすとするのが判例であるため。
令和元年度第3問,民法,エ,遺言に関し、遺言者が口がきけない者である場合には，公正証書遺言を利用することはできない。,×,口が利けない者であっても、通訳人の通訳や自筆での筆記によって遺言の趣旨を公証人に申述することで、公正証書遺言を作成することが可能であるため（民法第969条の2）。
令和元年度第3問,民法,オ,遺言に関し、ＡとＢが同一の紙面にそれぞれの遺言と日付を記載した場合において，その紙面にＡが署名押印をし，Ｂが署名押印をしていないときは，Ａ単独の遺言として有効となる。,×,民法第975条により、2人以上の者が同一の証書でする遺言（共同遺言）は禁止されており、一方が署名押印していなくても共同遺言の方式として無効となるため。
令和元年度第4問,不動産登記法,ア,管轄登記所に関し、主である建物の所在地が甲登記所の管轄区域内にあり，附属建物の所在地が乙登記所の管轄区域内にある一個の建物（甲登記所で登記）について，これを二個の建物に分割する登記の申請は，甲登記所に対してしなければならない。,○,建物の分割登記は、分割前の建物を管轄する登記所（この場合は主である建物の所在地を管轄する甲登記所）に対して申請しなければならないため。
令和元年度第4問,不動産登記法,イ,管轄登記所に関し、市町村合併により，建物の所在地が甲登記所の管轄から乙登記所の管轄に転属したときは，当該建物の表示に関する登記の申請は，甲登記所又は乙登記所のいずれの登記所にもすることができる。,×,管轄の転属があった場合、以後の登記申請は新たに管轄権を有するに至った登記所（乙登記所）に対してのみ行うことができ、選択できるわけではないため。
令和元年度第4問,不動産登記法,ウ,管轄登記所に関し、区分建物の敷地権の目的である土地が甲登記所の管轄区域内にある場合には，当該区分建物が乙登記所の管轄区域内に所在するときであっても，当該土地の表示に関する登記の申請は，乙登記所に対してすることはできない。,○,敷地権の目的である土地の表示に関する登記（分筆や地積更正など）は、当該土地の所在地を管轄する登記所（甲登記所）に対して申請しなければならないため。
令和元年度第4問,不動産登記法,エ,管轄登記所に関し、登記所の管轄区域を異にする土地にまたがって新築された建物の表題登記の申請は，当該建物の床面積の多い部分が存する土地を管轄する登記所に対してしなければならない。,×,管轄区域をまたがる建物の表題登記は、申請人がいずれかの登記所を指定して（または法務局長等の指定を受けて）申請するものであり、床面積の大小によって自動的に決まるものではないため。
令和元年度第4問,不動産登記法,オ,管轄登記所に関し、甲登記所に登記されている建物について，乙登記所の管轄区域内にある土地上に附属建物を新築したことにより管轄区域にまたがることとなった場合，附属建物の床面積が主である建物の床面積より大きいときであっても，表題部の変更の登記は甲登記所に対して申請しなければならない。,○,既に登記されている建物に附属建物を新築して管轄がまたがる場合、建物の主従関係に従い、主である建物の所在地を管轄する登記所（甲登記所）が引き続き管轄するため。
令和元年度第5問,不動産登記法,ア,地目に関し、ガソリンスタンドとして使用されている土地の地目は，その事務所が附随的なものであるときは，当該事務所が存する部分も含めて雑種地である。,○,ガソリンスタンドは原則として「雑種地」であり、それに付随する給油所や小さな事務所の敷地も全体を一体として「雑種地」と認定するため。
令和元年度第5問,不動産登記法,イ,地目に関し、宅地に接続して設けられた屋外プールの土地の地目は，雑種地である。,×,宅地（住宅等）に接続して設けられた屋外プールは、住宅の庭等の延長として利用されるため、独立した雑種地ではなく「宅地」として認定されるため。
令和元年度第5問,不動産登記法,ウ,地目に関し、専ら給水の目的で敷設された取水口から浄水場までの水路の用に供する土地の地目は，水道用地である。,○,専ら給水の目的で敷設された水管、水道、浄水場等の用地は「水道用地」として認定されるため。
令和元年度第5問,不動産登記法,エ,地目に関し、用水を利用して「わさび」を肥培管理する土地の地目は，田である。,○,用水を利用して（湛水して）わさび等を栽培する土地は、水を用いて耕作する土地として「田」と認定されるため。
令和元年度第5問,不動産登記法,オ,地目に関し、耕作の方法によらずに竹木が生育する土地の地目は，原野である。,×,耕作の方法によらずに竹木が生育する土地の地目は「山林」である。（「原野」は、かん木や雑草が生育する土地を指すため。）
令和元年度第6問,不動産登記法,ア,土地の滅失の登記に関し、滅失した土地の表題部所有者又は所有権の登記名義人は，当該土地が滅失した事実を知った日から1月以内に，当該土地の滅失の登記を申請しなければならない。,×,土地の滅失登記の申請義務は、土地が滅失した「事実を知った日」からではなく、客観的に「土地が滅失した日」から1か月以内とされているため。
令和元年度第6問,不動産登記法,イ,土地の滅失の登記に関し、一筆の土地の全部を掘って池を作り，常時水面下に没するようになった場合には，当該一筆の土地について，土地の滅失の登記を申請しなければならない。,×,人工的に池を作った場合、その土地は滅失したのではなく、地目が「池沼」に変更されたことになるため、滅失登記ではなく地目変更登記を申請するべきであるため。
令和元年度第6問,不動産登記法,ウ,土地の滅失の登記に関し、国土交通大臣の免許を受けて，一般運送の用に供する目的で一筆の土地の全部を掘って人工的に水路を設けたことにより常時水面下に没するようになった場合には，当該一筆の土地について，土地の滅失の登記を申請しなければならない。,×,運送の目的で人工的に水路（運河）を設けた場合は、土地が滅失したのではなく、地目が「運河用地」に変更されたことになるため。
令和元年度第6問,不動産登記法,エ,土地の滅失の登記に関し、春分又は秋分における満潮時において，一筆の土地の全部が海面下に没するようになった場合には，当該一筆の土地について，土地の滅失の登記を申請しなければならない。,○,土地の範囲は海面との境界（最高満潮時）を基準とするため、春分・秋分の満潮時に常時海面下に没するようになった土地は物理的に滅失したと扱われ、滅失の登記を申請しなければならないため。
令和元年度第6問,不動産登記法,オ,土地の滅失の登記に関し、崖崩れによって一筆の土地の一部が常時海面下に没するようになった場合は、全部が滅失したとは言えず，一筆の土地の一部が海面下に没したことによる地積の変更の登記の申請をすることになる。,○,土地の一部のみが海面下に没して復旧の見込みがない場合、残部は土地として存続するため、滅失登記ではなく地積の減少による「地積の変更の登記」を申請することになるため。
令和元年度第7問,不動産登記法,ア,地積測量図に関し、地積測量図には，基本三角点等に基づく測量成果の座標値を記録するのが原則であるが，近傍に存在しない等の特別の事情がある場合には，近傍の恒久的な地物に基づく測量成果の座標値を記録しなければならない。,○,不動産登記規則第77条第1項第7号等の規定により、基本三角点等に基づくことができない場合は、近傍の恒久的な地物（任意座標系）に基づく座標値を記録することが認められているため。
令和元年度第7問,不動産登記法,イ,地積測量図に関し、一の申請情報をもって隣接する数筆の土地の分筆の登記を申請する場合には，分筆後の土地の地積測量図は，分筆前の土地ごとに作成するものとされている。,○,分筆登記の地積測量図は、原則として分筆前の1筆の土地ごとに作成し、各筆の分割後の形状や面積を明らかにする必要があるため。
令和元年度第7問,不動産登記法,ウ,地積測量図に関し、地役権の設定の登記がある承役地である土地の分筆の登記を申請する場合において，添付情報として地積測量図を地役権図面とともに提供するときは，地積測量図の縮尺を地役権図面の縮尺と同一にしなければならない。,×,地積測量図（原則として1/250等）と地役権図面はそれぞれ別個の規則に基づいて作成されるものであり、必ずしも縮尺を同一にしなければならないという規定はないため。
令和元年度第7問,不動産登記法,エ,地積測量図に関し、表題登記がない土地について，所有権を有することが確定判決によって確認された者が所有権の保存の登記を申請する場合にも，地積測量図を提供しなければならない。,○,未登記の土地について判決による所有権保存登記（実質的な表題登記を含む）を申請する場合、不動産の物理的状況を明らかにするため地積測量図の提供が必要であるため。
令和元年度第7問,不動産登記法,オ,地積測量図に関し、地積測量図の保存期間は，閉鎖されたものであっても，永久とされている。,×,閉鎖された地積測量図の保存期間は、かつては永久等とされていた時期もあったが、現行の不動産登記規則等においては「閉鎖の日から50年間」（または30年間等、永久ではない）と定められているため。
令和元年度第8問,不動産登記法,ア,表示に関する登記の申請・添付情報に関し、会社法人等番号を有する法人が土地の地目変更の登記を支配人によって申請する場合，法務大臣が指定した登記所以外のものでない限り，当該支配人の権限を証する登記事項証明書を提供しなければならない。,×,申請書に会社法人等番号を提供した場合、登記官がシステム上で法人の登記事項（支配人の権限を含む）を確認できるため、支配人の権限を証する登記事項証明書の添付を省略することができるため。
令和元年度第8問,不動産登記法,イ,表示に関する登記の申請・添付情報に関し、土地の表題登記を申請する場合において，申請人である所有者が住民基本台帳法に規定する住民票コードを申請情報と併せて提供するときは，住所を証する情報の提供を要しない。,○,住民票コードを提供した場合、住基ネットを通じて登記官が住所等の情報を確認できるため、別途住民票の写し等の住所証明情報を提供することは要しないため。
令和元年度第8問,不動産登記法,ウ,表示に関する登記の申請・添付情報に関し、土地の表題登記を申請するときは，その土地の地番を申請情報の内容として提供しなければならない。,×,未登記の土地に付される「地番」は、表題登記の実行時に登記官が新たに付番するものであるため、申請人が申請情報の内容として提供する性質のものではないため。
令和元年度第8問,不動産登記法,エ,表示に関する登記の申請・添付情報に関し、所有権の登記がある土地の合筆の登記を申請する場合において，登記識別情報を失念したときは，当該登記識別情報を提供することができない理由を申請情報の内容として提供しなければならない。,○,合筆の登記等、登記識別情報の提供が義務付けられている登記においてそれを提供できない場合は、「失念」等の提供できない理由を申請情報の内容として提供しなければならないため。
令和元年度第8問,不動産登記法,オ,表示に関する登記の申請・添付情報に関し、国又は地方公共団体の所有する土地について，官庁又は公署が土地の表題登記を嘱託する場合であっても，所有権を証する情報の提供を省略することはできない。,×,官公署が表題登記を嘱託する場合、その公証力が担保されていることから、特例として所有権証明情報（所有権を有することを証する情報）の提供を省略することができるため。
令和元年度第9問,不動産登記法,ア,建物の個数に関し、近接して建てられた二棟の建物で，それぞれの2階部分に出入りするためには同一の屋外の階段を用いるほかないときは，この二棟の建物は一個の建物として取り扱われる。,○,物理的には二棟に見えても、効用上（出入り等の機能）不可分に結びついており、独立して利用できない状態であれば、全体を一個の建物として取り扱うため。
令和元年度第9問,不動産登記法,イ,建物の個数に関し、一筆の土地の上に同一の者の所有に属する三棟の建物がある場合には，それぞれの建物が異なる借主の居宅として利用されているときでも，三棟の建物を一個の建物として取り扱うことができる。,×,各棟が独立した居宅として異なる借主に利用されている場合、それぞれが独立した建物の要件（外気分断性・定着性・用途性）を満たしており、効用上の一体性がないため、一個の建物として（主・附属として）取り扱うことはできないため。
令和元年度第9問,不動産登記法,ウ,建物の個数に関し、所有者Ａが甲建物に近接して効用上一体として利用する乙建物を新築した場合において，甲建物に抵当権の登記がされているときは，甲建物を主である建物，乙建物を附属建物とする一個の建物として取り扱うことはできない。,×,抵当権の効力は主物の設定後に生じた従物（附属建物）にも及ぶと解されており、甲建物に抵当権が設定されていても、新築した乙建物を附属建物として登記（一個の建物として取り扱うこと）は可能であるため。
令和元年度第9問,不動産登記法,エ,建物の個数に関し、数個の専有部分に通ずる廊下で建物の構造上区分所有者の一部の共用に供されるべき建物の部分は，一個の建物として取り扱うことができる。,×,構造上共用に供されるべき部分（法定共用部分である廊下や階段室等）は、専有部分としての独立性を有しないため、一個の建物（区分建物）として登記することはできないため。
令和元年度第9問,不動産登記法,オ,建物の個数に関し、共用部分である旨の登記がある建物であっても，一個の建物として取り扱われる。,○,規約共用部分（集会室や管理人室など）は、構造上・利用上の独立性を有する一個の建物（区分建物）であり、単に権利関係として共用部分とする旨の登記がされているに過ぎないため。
令和元年度第10問,不動産登記法,ア,建物図面及び各階平面図に関し、建物の敷地についての地積更正登記がされ，新たに地積測量図が備え付けられたときは，建物の表題部所有者等は，当該建物の建物図面の訂正の申出をしなければならない。,×,敷地の地積が更正されても、建物自体の敷地上の配置（位置関係）に物理的な変更が生じるわけではないため、直ちに建物図面の訂正申出をする法的義務はないため。
令和元年度第10問,不動産登記法,イ,建物図面及び各階平面図に関し、書面で建物図面等を提供する場合において，用紙が数枚にわたるときは，余白の適宜の箇所にその総枚数及び当該用紙が何枚目の用紙である旨を記載するものとされている。,○,不動産登記規則第73条等の規定により、図面が複数枚にわたる場合は、綴り合わせ等の関係を明確にするため「総枚数と何枚目か」を記載することが定められているため。
令和元年度第10問,不動産登記法,ウ,建物図面及び各階平面図に関し、資格者代理人が電子署名を行って提供する建物図面又は各階平面図には，作成の年月日並びに申請人及び作成者の氏名又は名称を記録しなければならない。,○,電子図面として提供する場合であっても、図面の真正を担保するため、書面の場合と同様に作成年月日や申請人・作成者（代理人）の情報を記録しなければならないため。
令和元年度第10問,不動産登記法,エ,建物図面及び各階平面図に関し、資格者代理人が電子署名を行って提供する建物図面は，その建物の敷地についての地図が備え付けられているときは，当該地図と同一の縮尺により作成しなければならない。,×,建物図面は原則として500分の1の縮尺で作成するものと規定されており、敷地の地図（例えば1/250や1/1000など）の縮尺に合わせなければならないという規定はないため。
令和元年度第10問,不動産登記法,オ,建物図面及び各階平面図に関し、区分建物として登記されている隣接する2部屋の隔壁を除去し物理的に1部屋としたときは，建物図面及び各階平面図の訂正の申出をすることができる。,×,隔壁の除去により物理的な構造や床面積が変更され、2個の建物が1個の建物になった場合は、「訂正」ではなく、建物の合体または合併による「変更登記」等の手続きを行わなければならないため。
令和元年度第11問,不動産登記法,ア,一の申請情報により申請することができる登記に関し、甲土地及び乙土地の表題部所有者であるＡは，甲土地の表題部所有者の氏名についての変更の登記と，乙土地を甲土地に合筆する合筆の登記を，一の申請情報によって申請することができない。,×,合筆の前提として表題部所有者の表示変更が必要な場合など、相互に密接な関連を有するときは、便宜上、一の申請情報によって申請することができるため。
令和元年度第11問,不動産登記法,イ,一の申請情報により申請することができる登記に関し、同一の土地について，地目の変更の登記と地積の更正の登記は，一の申請情報によって申請することができない。,×,同一の土地に対する表題部の変更の登記と更正の登記は、不動産登記事務取扱手続準則の規定により一の申請情報によって申請することができるため。
令和元年度第11問,不動産登記法,ウ,一の申請情報により申請することができる登記に関し、甲建物を取り壊して，その敷地上に乙建物を新築した場合に，甲建物についての建物の滅失の登記と，乙建物についての建物の表題登記は，一の申請情報によって申請することができない。,○,滅失登記と新築による表題登記は、それぞれ別個の不動産に対する登記であり、原因も異なるため、一の申請情報で申請することはできないため。
令和元年度第11問,不動産登記法,エ,一の申請情報により申請することができる登記に関し、同一の登記所の管轄区域内に，いずれも所有権の登記名義人がＡである甲土地と乙土地とが隣接して存在する場合において，宅地造成が完了して甲土地と乙土地の地目が同一の日に雑種地から宅地となったときは，甲土地の地目の変更の登記と乙土地の地目の変更の登記は，一の申請情報によって申請することができる。,○,同一の登記所の管轄区域内にあり、登記の目的及び登記原因並びにその日付が同一であるため、不動産登記規則第35条の規定により一の申請情報で申請することができるため。
令和元年度第11問,不動産登記法,オ,一の申請情報により申請することができる登記に関し、同一の登記所の管轄区域内にある甲土地及び乙土地について，表題部所有者がＡである甲土地の分筆の登記と，所有権の登記名義人がＡである乙土地の分筆の登記は，一の申請情報によって申請することができない。,○,表題部所有者のみの土地と所有権の登記がある土地では登記の状況が異なり、また分筆は個別の土地に対する物理的変更であるため、原則として一の申請情報によって申請することはできないため。
令和元年度第12問,不動産登記法,ア,建物の分割又は合併の登記に関し、共用部分である旨の登記がある甲建物を共用部分である旨の登記がない乙建物の附属建物とする建物の合併の登記は，申請することができない。,○,不動産登記法第54条の規定により、共用部分である旨の登記がある建物は、権利関係の混乱を防ぐため他の建物と合併することはできないため。
令和元年度第12問,不動産登記法,イ,建物の分割又は合併の登記に関し、甲建物の登記記録から甲建物の附属建物を分割して，これを乙建物の附属建物としようとするときは，甲建物の附属建物を分割する建物の分割の登記と，当該附属建物を乙建物の附属建物とする建物の合併の登記は，一の申請情報によって申請することができる。,○,分割による建物の物理的変更と、それを他の建物の附属建物とする合併は相互に密接な関連を有するため、一の申請情報により申請することができるため。
令和元年度第12問,不動産登記法,ウ,建物の分割又は合併の登記に関し、互いに接続する甲区分建物と乙区分建物とを合併して一個の区分建物とする建物の合併の登記は，合併前の甲区分建物及び乙区分建物の種類が同一でなければ，申請することができない。,×,区分建物同士の合併においては、種類が異なっていても合併自体は可能であり、合併後は主たる用途を併記するなどの方法で登記されるため。
令和元年度第12問,不動産登記法,エ,建物の分割又は合併の登記に関し、一棟の建物の中間部分を取り壊して，相互に接続しない二棟の建物とした場合において，いずれの建物も主である建物とする場合には，どちらか一方を主である建物，もう一方を附属建物とする建物の表題部の変更の登記を申請し，当該登記が完了した後でなければ建物の分割の登記を申請することができない。,×,一部取壊しによる表題部変更の登記と、独立した二棟となることによる建物の分割の登記は、同時に一の申請情報によって申請することができるため。
令和元年度第12問,不動産登記法,オ,建物の分割又は合併の登記に関し、敷地権の登記がある甲区分建物を敷地権の登記がある乙区分建物の附属建物とする建物の合併の登記は，申請することができない。,×,敷地権の目的たる土地や敷地権の割合に関する一定の要件を満たす場合には、敷地権の登記がある区分建物同士であっても合併の登記を申請することができるため。
令和元年度第13問,不動産登記法,ア,建物の表題部の登記に関し、建物の表題部所有者であるＡの申請によりされたＡを所有権の登記名義人とする所有権の保存の登記が錯誤により抹消された場合には，その建物の所有者Ｂの申請又は職権により，当該建物についての表題登記を改めてすることとなる。,×,Aの保存登記が錯誤抹消された場合、登記記録は閉鎖されず、Aが真の所有者でないことが判明したとしてAの表題部所有者の記録が抹消され、真の所有者Bのために表題部所有者の更正等が行われるか、Bからの新たな表題登記等により処理されるため。
令和元年度第13問,不動産登記法,イ,建物の表題部の登記に関し、建物の表題部所有者の相続人を所有権の登記名義人とする所有権の保存の登記が錯誤により抹消された場合には，登記官において当該表題部所有者が所有権を有していたことを確認することができるときであり，かつ，当該建物が現存するときであっても，当該建物の登記記録は閉鎖される。,×,保存登記が抹消された場合であっても、表題部所有者が真に所有権を有していたことが確認でき、建物が現存するのであれば、表題部の記録は回復し登記記録は閉鎖されないため。
令和元年度第13問,不動産登記法,ウ,建物の表題部の登記に関し、建物を新築する場合において，不動産工事の先取特権の保存の登記がされた建物の建築が完了したときは，当該建物の所有者は，当該建物の表題登記を申請する必要がない。,×,先取特権保存の登記のために職権で表題部が作成された場合であっても、建築完了後には所有者は1か月以内に建物の表示の変更（完成した建物の表題登記に相当）を申請する義務があるため。
令和元年度第13問,不動産登記法,エ,建物の表題部の登記に関し、所有権の登記がある建物の附属建物を新築する場合において，不動産工事の先取特権の保存の登記がされた後附属建物の建築が完了したときは，当該附属建物が属する建物の所有権の登記名義人は，遅滞なく，当該附属建物の新築による建物の表題部の変更の登記を申請しなければならない。,○,不動産登記法第51条第5項の規定により、先取特権保存登記後に附属建物の建築が完了したときは、「遅滞なく」建物の表題部の変更の登記を申請しなければならないため。
令和元年度第13問,不動産登記法,オ,建物の表題部の登記に関し、Ａが表題部所有者である甲建物と，Ａが表題部所有者である乙建物の附属建物として登記されている丙建物とが，増改築工事により一個の建物となった場合には，甲建物と丙建物が一個の建物となった日から１月以内に，合体後の建物についての建物の表題登記並びに合体前の甲建物及び乙建物についての表題部の登記の抹消を申請しなければならない。,○,独立した建物と他の建物の附属建物が合体して一個の建物となった場合、不動産登記法の規定に従い、合体の日から1か月以内に合体による登記等（新表題登記及び旧表題部の抹消）を申請しなければならないため。
令和元年度第14問,不動産登記法,ア,登記の代位申請に関し、土地区画整理事業の施行者は，土地区画整理事業の施行のために必要がある場合においても，所有権の登記名義人に代位して，土地の分筆又は合筆の登記を申請することはできない。,×,土地区画整理法等の規定により、施行者は事業の施行のために必要があるときは、所有権の登記名義人に代位して土地の分筆等の登記を申請することができるため。
令和元年度第14問,不動産登記法,イ,登記の代位申請に関し、一筆の土地の一部について地役権の設定を受けた地役権者は，当該土地の所有権の登記名義人に代位して，その一部分を分筆する分筆の登記を申請することができる。,×,土地の一部に対する地役権の設定は、地役権図面を添付することで分筆せずに登記可能であるため、地役権者が分筆を代位申請する保全の必要性は認められないため。
令和元年度第14問,不動産登記法,ウ,登記の代位申請に関し、一筆の土地の一部について処分禁止の仮処分命令を得た債権者は，当該仮処分命令の正本を代位原因を証する情報として，当該土地の所有権の登記名義人である債務者に代位して，その一部分を分筆する分筆の登記を申請することができる。,○,土地の一部に対する権利の保全（仮処分登記等）をするためには、前提として分筆登記が必要となるため、債権者は債務者に代位して分筆登記を申請することができるため。
令和元年度第14問,不動産登記法,エ,登記の代位申請に関し、一筆の土地について相続人Ａ及びＢを所有権の登記名義人とする法定相続分に応じた相続による所有権の移転の登記がされた後に，当該土地を二筆に分筆してＡ及びＢがそれぞれ一筆ずつ取得する内容の遺産分割調停が成立した場合には，当該遺産分割調停の調停調書の正本を代位原因を証する情報として，Ａは，単独で，Ｂに代位して，当該土地の分筆の登記を申請することができる。,○,遺産分割調停に基づき単独所有権を取得するためには前提として分筆が必要であり、AはBに代位して単独で分筆登記を申請することができるため。
令和元年度第14問,不動産登記法,オ,登記の代位申請に関し、Ａ及びＢが所有権の登記名義人であり，地目が農地である土地について，農地法所定の許可を受けた上で宅地としたにもかかわらず，Ｂが地目の変更の登記の申請に応じないときは，Ａは，Ｂに代位して，当該土地の地目の変更の登記を申請することができる。,×,地目変更登記は不動産の保存行為であり、各共有者（A）が自らの権限で単独で申請できるため、あえてBに「代位して」申請する必要も権利もないため。
令和元年度第15問,不動産登記法,ア,建物の表示に関する登記の添付情報に関し、建物の表題登記の申請をする場合において，表題部所有者となる者の所有権を有することを証する情報として当該建物の敷地所有者による証明情報を添付するときは，敷地の共有者の一部の者による証明でも差し支えない。,○,敷地が共有である場合、共有者全員の証明が得られないときでも、一部の共有者の証明情報であっても他の資料等と総合判断して所有権証明情報として取り扱われるため。
令和元年度第15問,不動産登記法,イ,建物の表示に関する登記の添付情報に関し、Ａを所有権の登記名義人とする建物の合併の登記について，土地家屋調査士を代理人として電子申請をする場合において，当該土地家屋調査士を代理人とする委任状にＡが適正な電子署名を行ったときは，添付情報として，その電子証明書とともに作成後３月以内のＡの印鑑に関する証明書を提供しなければならない。,×,電子申請において申請人Aが適正な電子署名を行い電子証明書を提供した場合には、それに代わる印鑑証明書の提供は不要となるため。
令和元年度第15問,不動産登記法,ウ,建物の表示に関する登記の添付情報に関し、株式会社を所有者とする建物の表題登記について，土地家屋調査士を代理人として電子申請をする場合において，当該土地家屋調査士を代理人とする委任状に当該株式会社の代表者が適正な電子署名を行ったときは，添付情報として，その電子証明書とともに当該株式会社の会社法人等番号を提供しなければならない。,×,法人の代表者が作成した委任状に電子署名と商業登記所の電子証明書が付されている場合、代表者の資格は電子証明書から確認できるため、別途会社法人等番号を提供する必要はないため。
令和元年度第15問,不動産登記法,エ,建物の表示に関する登記の添付情報に関し、所有権の登記のある建物の合併の登記について，土地家屋調査士を代理人として電子申請をする場合において，合併前の建物の所有権の登記について登記識別情報が書面で通知されているときは，当該書面をスキャナにより電磁的記録に記録し，当該土地家屋調査士が適正な電子署名を行った当該電磁的記録を添付情報として提供する方法により，当該登記識別情報を提供することができる。,×,登記識別情報を電子申請で提供する場合には、書面をスキャナで読み取った画像データではなく、暗号化等の所定のセキュアな方法により情報自体（英数字）を送信しなければならないため。
令和元年度第15問,不動産登記法,オ,建物の表示に関する登記の添付情報に関し、表題登記がされていない建物を相続したＡが，Ａを所有者とする建物の表題登記を申請する場合には，所有権を有することを証する情報及び住所を証する情報として，Ａの住所が記載されている法定相続情報一覧図の写しを提供することができる。,○,法定相続情報一覧図の写しに相続人の住所が記載されている場合、それは相続を証する情報（所有権証明情報の一部）となると同時に、住所を証する情報としても利用することができるため。
令和元年度第16問,不動産登記法,ア,不動産の表示に関する登記の申請に関し、地目が雑種地として登記されている土地の上に建物を新築して宅地になった後に当該土地の所有権の登記名義人となった者は，その者に係る所有権の登記があった日から１月以内に，当該土地の地目に関する変更の登記を申請する義務を負う。,○,地目が変更された後に所有権を取得した者は、自己への所有権移転登記があった日から1か月以内に地目変更の登記を申請する義務を承継するため。
令和元年度第16問,不動産登記法,イ,不動産の表示に関する登記の申請に関し、所有者がＡである不動産について，表題部所有者が誤ってＢと記録されている場合には，表題部所有者をＡに更正する表題部所有者の更正の登記は，Ａ及びＢが共同して申請しなければならない。,×,表題部所有者の更正登記は権利に関する登記ではないため共同申請の原則は適用されず、真の所有者AがBの承諾情報等を提供して単独で申請することができるため。
令和元年度第16問,不動産登記法,ウ,不動産の表示に関する登記の申請に関し、表題登記がない区分建物でない建物の所有者であるＡが死亡し，Ａの相続人であるＢが単独で当該建物を相続した場合において，表題登記が未了のままＢが死亡し，Ｂの相続人であるＣが単独で当該建物を相続したときは，Ｃは，所有者として当該建物の表題登記を申請する義務を負う。,○,表題登記の申請義務は相続によって承継されるため、最終的な相続人であるCは、建物の所有者として表題登記を申請する義務を負うため。
令和元年度第16問,不動産登記法,エ,不動産の表示に関する登記の申請に関し、敷地となっている土地の分筆の登記により区分建物でない建物が所在する土地の地番に変更が生じた場合には，当該建物の所有権の登記名義人は，当該建物の所在に関する変更の登記を申請する義務を負う。,○,土地の分筆・合筆によって建物の所在地番に変更が生じた場合、建物の物理的現況としての所在が変更されたことに該当し、所有者は1か月以内に変更登記を申請する義務を負うため。
令和元年度第16問,不動産登記法,オ,不動産の表示に関する登記の申請に関し、行政区画の変更により建物の所在に変更が生じた場合には，当該建物の所有権の登記名義人は，当該建物の所在に関する変更の登記を申請する義務を負う。,×,行政区画やその名称の変更は、法令上当然に変更されたものとみなされるため、所有者に所在変更の登記を申請する義務は課されていないため。
令和元年度第17問,不動産登記法,ア,地図等の訂正に関し、地図に表示された土地の区画に誤りがある場合において，相続によって当該土地の所有権を取得した者は，当該相続による所有権の移転の登記を経なければ，地図等の訂正の申出をすることはできない。,×,地図の訂正申出は実体上の所有者であれば行うことができ、相続人であることを証する情報を提供すれば、相続登記を経なくても申出をすることができるため。
令和元年度第17問,不動産登記法,イ,地図等の訂正に関し、地図に準ずる図面に表示された土地の形状に誤りがあるとして地図等の訂正の申出をした場合において，当該地図に準ずる図面を訂正することによって当該申出に係る土地以外の土地の形状を訂正すべきこととなるときは，当該申出は却下される。,○,地図の訂正によって他人の土地の形状等に変更が生じる場合、原則として隣接土地所有者の同意等が必要であり、それがなく他人の土地の形状まで訂正することとなる申出は却下されるため。
令和元年度第17問,不動産登記法,ウ,地図等の訂正に関し、土地の所有権の登記名義人と隣接地の所有権の登記名義人との間で両土地の地番を付け替える旨の合意をしたときは，当該土地の所有権の登記名義人は，地図に準ずる図面に表示された土地の地番に誤りがあるとして，地図等の訂正の申出をすることができる。,×,地図の訂正は原始的な錯誤や脱漏を是正する制度であり、当事者間の事後的な合意（地番の付け替え）を理由として地図の訂正を申し出ることはできないため。
令和元年度第17問,不動産登記法,エ,地図等の訂正に関し、地図に準ずる図面に表示された土地の形状に誤りがあるとして書面を提出する方法により地図等の訂正の申出をした場合において，その申出を取り下げたとき又は申出が却下されたときは，当該申出に係る申出書及びその添付書面は申出人に還付される。,×,申出が取り下げられたり却下された場合、提出された添付書面（図面等）は還付されるが、申出書自体は行政機関の記録として保管され還付されないため。
令和元年度第17問,不動産登記法,オ,地図等の訂正に関し、地図に準ずる図面に表示された土地の位置に誤りがある場合において，その誤りを登記所に備え付けられている地積測量図によって確認することができるときは，当該地積測量図を特定する情報を提供すれば，他に当該土地の位置に誤りがあることを証する情報を提供しないで地図等の訂正の申出をすることができる。,○,登記所に備え付けられている地積測量図等の公的な図面によって誤りが明白に確認できる場合には、それを援用することで別途の証明情報の提供を省略して申出ができるため。
令和元年度第18問,不動産登記法,ア,区分建物である建物の登記に関し、一棟の建物が所在する甲土地が敷地権の目的である土地として登記されている敷地権付き区分建物について，甲土地から乙土地を分筆する分筆の登記がされたことによって，乙土地が当該区分建物が属する一棟の建物が所在しない土地となったときは，当該分筆の登記がされた日から１月以内に，乙土地が敷地権の目的である土地でなくなったことによる区分建物の表題部の変更の登記を申請しなければならない。,×,分筆によって一棟の建物が所在しなくなった部分の土地（乙土地）について、当然に敷地権が消滅するわけではなく、建物の敷地としての効用を有する限り敷地権のままであるため、変更登記の義務はないため。
令和元年度第18問,不動産登記法,イ,区分建物である建物の登記に関し、区分建物が属する一棟の建物の構造についての表題部の更正の登記を申請する場合には，その一棟の建物に属する他の区分建物の所有権の登記名義人も，併せて一棟の建物の表題部の更正の登記を申請しなければならない。,×,一棟の建物の表示の更正登記は、他の区分所有者に代位して一括で申請することができるが、他の区分所有者自身が「併せて申請しなければならない」という共同申請の義務があるわけではないため。
令和元年度第18問,不動産登記法,ウ,区分建物である建物の登記に関し、一棟の建物が甲区分建物と乙区分建物からなる場合において，乙区分建物のみが滅失したときは，乙区分建物の滅失の登記の申請と甲区分建物を区分建物でない建物に変更する表題部の変更の登記の申請は，併せてしなければならない。,○,乙が滅失すると残存する甲は区分建物の要件（複数性等）を欠くことになり非区分建物となるため、乙の滅失と甲の表題部変更の登記を一括して申請しなければならないため。
令和元年度第18問,不動産登記法,エ,区分建物である建物の登記に関し、敷地権である地上権の存続期間が満了したことにより，敷地権の登記を抹消する区分建物の表題部の変更の登記を申請する場合には，登記原因及びその日付に「（元号）何年何月何日敷地権消滅」と記録して申請する。,○,地上権の存続期間満了により敷地権が消滅した場合、表題部変更の登記原因は単に「何年何月何日敷地権消滅」として申請・記録されるため。
令和元年度第18問,不動産登記法,オ,区分建物である建物の登記に関し、三個の区分建物で構成される一棟の建物に属する区分建物についての表題登記を申請する場合において，一個の区分建物についてのみ専有部分とその専有部分に係る敷地利用権の分離処分を可能とする規約が設定されているときは，他の二個の区分建物についてのみ敷地権に関する事項を申請情報の内容とすることができる。,○,分離処分可能規約が設定された専有部分については敷地権が成立しないため、それ以外の区分建物についてのみ敷地権に関する事項を記録・申請することができるため。
令和元年度第19問,不動産登記法,ア,登記事項の記録に関する事案について、令和元年10月18日の時点において，甲土地の範囲には，平成22年6月1日の合筆の登記による登記記録の閉鎖時における6番の土地に相当する部分の全部が必ず含まれる。,○,甲土地（2番1）は平成22年に3番2と6番を合筆しており、その後甲土地からは分筆されていないため、合筆当時の6番の土地の全部が甲土地の範囲に含まれているため。
令和元年度第19問,不動産登記法,イ,登記事項の記録に関する事案について、令和元年10月18日の時点において，乙土地の範囲には，平成22年6月1日の合筆の登記による登記記録の閉鎖時における5番の土地に相当する部分の全部が必ず含まれる。,×,乙土地（3番1）は平成22年に5番を合筆しているが、平成27年に3番3を分筆して甲土地に合筆しているため、旧5番の土地の一部または全部が3番3として甲土地に移っている可能性があり、必ず含まれるとはいえないため。
令和元年度第19問,不動産登記法,ウ,登記事項の記録に関する事案について、3番3の土地について，平成27年9月2日の分筆の登記による登記記録の作成時から平成27年9月9日に甲土地に合筆する合筆の登記がされるまでの間に分筆の登記及び合筆の登記がされていないときは，令和元年10月18日の時点において，甲土地と乙土地は隣接している。,○,乙土地（3番1）から分筆された3番3が甲土地（2番1）に合筆されたということは、合筆の要件である「相互に接続している」ことを満たしているため、甲土地と乙土地は隣接（または旧3番3を介して接続）しているため。
令和元年度第19問,不動産登記法,エ,登記事項の記録に関する事案について、2番2の土地について，平成19年3月22日の分筆の登記による登記記録の作成時から令和元年10月18日までの間に分筆の登記及び合筆の登記がされていないときは，平成19年3月22日の分筆の登記によって創設された甲土地と2番2の土地の筆界は，令和元年10月18日の時点において存在している。,○,甲土地から2番2が分筆された後、双方において境界に影響する変更がない限り、分筆時に創設された筆界はそのまま存在し続けるため。
令和元年度第19問,不動産登記法,オ,登記事項の記録に関する事案について、3番2の土地について，その登記記録の作成時から平成22年6月1日に甲土地に合筆する合筆の登記がされるまでの間に合筆の登記がされていないときは，平成22年6月1日の合筆の登記による登記記録の閉鎖時における5番の土地の登記記録上の地積は，平成22年6月1日の合筆の登記による登記記録の閉鎖時における6番の土地の登記記録上の地積よりも大きい。,×,甲土地（旧66.11㎡）が3番2と6番を合筆して301.06㎡になったことから（増加分234.95㎡）。また乙土地（旧125㎡）が5番を合筆して305.05㎡になったことから、5番の地積は180.05㎡。3番2の地積（旧3番170.01㎡から分筆）は45.01㎡であり、6番は234.95 - 45.01 = 189.94㎡となるため、5番(180.05)は6番(189.94)より小さい。
令和元年度第20問,土地家屋調査士法,ア,土地家屋調査士の義務に関し、土地家屋調査士は，正当な事由がある場合でなければ，筆界特定の手続についての代理業務及びその相談業務並びに民間紛争解決手続代理関係業務に関するものを除き，依頼を拒んではならない。,○,土地家屋調査士法第21条の規定により、表示に関する登記等の業務については正当な事由なく依頼を拒んではならないが、筆界特定手続代理やADR手続代理等の業務はその応諾義務の対象から除外されているため。
令和元年度第20問,土地家屋調査士法,イ,土地家屋調査士の義務に関し、土地家屋調査士は，二以上の事務所を設けることはできない。,○,土地家屋調査士法第4条の規定により、土地家屋調査士は、その業務を行うための事務所を二以上設けることが禁止されているため。
令和元年度第20問,土地家屋調査士法,ウ,土地家屋調査士の義務に関し、土地家屋調査士は，その所属する土地家屋調査士会及び日本土地家屋調査士会連合会の会則を守るように努めなければならない。,×,土地家屋調査士法第22条の規定により、土地家屋調査士は会則を「守らなければならない」という法的義務（遵守義務）を負っており、「努めなければならない（努力義務）」ではないため。
令和元年度第20問,土地家屋調査士法,エ,土地家屋調査士の義務に関し、土地家屋調査士又は土地家屋調査士であった者は，正当な事由がある場合であっても，業務上取り扱った事件について知ることのできた秘密を他に漏らしてはならない。,×,土地家屋調査士法第24条の5の規定により、秘密保持義務を負うが、「正当な事由がある場合（法令に基づく証言義務等）」には例外として秘密を漏らすことが許容されるため。
令和元年度第20問,土地家屋調査士法,オ,土地家屋調査士の義務に関し、土地家屋調査士は，その所属する土地家屋調査士会及び日本土地家屋調査士会連合会が実施する研修を受け，その資質の向上を図るように努めなければならない。,○,土地家屋調査士法第25条の規定により、研修を受け資質の向上を図ることは「努めなければならない」という努力義務として規定されているため。
平成30年度第1問,民法,ア,未成年後見人が選任されている未成年者については、後見開始の審判をして成年後見人を付することができない。,×,未成年者であっても要件を満たせば成年後見開始の審判を受けることができる（民法第7条）。
平成30年度第1問,民法,イ,成年被後見人が日用品を買い受けた場合には、その売主が買主について後見が開始していることを知らなかったときであっても、買主の成年後見人は、当該日用品の売買契約を取り消すことができる。,×,日用品の購入その他日常生活に関する行為は、成年被後見人であっても取り消すことができない（民法第9条ただし書）。
平成30年度第1問,民法,ウ,被保佐人に十分な判断能力がある場合には、被保佐人と契約を締結しようとする者は、家庭裁判所に対し、利害関係人として、保佐開始の審判の取消しを請求することができる。,×,単なる契約の相手方は、保佐開始の審判の取消しを請求できる民法上の「利害関係人」には含まれない。
平成30年度第1問,民法,エ,被保佐人は、保証契約を締結する前にその行為をすることについて保佐人の同意を得たとしても、自己の判断でその保証契約の締結をやめることができる。,○,保佐人の同意を得たからといって行為を強制されるわけではなく、自己の判断で契約の締結をやめることができる。
平成30年度第1問,民法,オ,本人以外の者の請求により補助開始の審判をするには、本人の同意が必要である。,○,本人以外の者の請求により補助開始の審判をする場合には、本人の同意が必要である（民法第15条第2項）。
平成30年度第2問,民法,ア,土地を使用する権原を有しない者が当該土地に小麦の種をまき、これを育てた場合には、成育した小麦の所有権は、種をまいた者に帰属する。,×,権原なく種をまいた場合、成育した小麦（天然果実）の所有権は、付合により土地の所有者に帰属する（民法第242条本文）。
平成30年度第2問,民法,イ,建物の賃借人が賃貸人の承諾を得て当該建物を増築した場合であっても、その増築部分が取引上の独立性を有しないときは、当該賃借人は、当該増築部分の所有権を取得しない。,○,増築部分が取引上の独立性を有しない場合、強い付合が生じるため、建物の所有者に帰属する（民法第242条本文）。
平成30年度第2問,民法,ウ,BがAからAの所有する土地を買い受けて立木を植栽した後に、Cが当該立木とともに当該土地をAから買い受けてその所有権の移転の登記を備えた場合には、Bは、当該立木につき対抗要件を備えていなくとも、Cに対し、当該立木の所有権を主張することができる。,×,立木の所有権を第三者Cに主張するためには、明認方法などの対抗要件を備えている必要がある。
平成30年度第2問,民法,エ,Aが所有する甲動産に甲動産の賃借人Bが所有する乙動産が付合したときは、甲動産が主たる動産であったとしても、Bは、乙動産の所有権を失わない。,×,主従の区別ができる動産同士が付合した場合、主たる動産の所有者Aが合成物の所有権を取得し、Bは乙動産の所有権を失う（民法第243条）。
平成30年度第2問,民法,オ,不動産の付合によって付合した物の所有権を喪失し、損失を受けた者は、当該不動産の付合によって所有権を取得した者に対し、その償金を請求することができる。,○,付合によって所有権を喪失し損失を受けた者は、不当利得の規定に従い償金を請求することができる（民法第248条）。
平成30年度第3問,民法,ア,Aの死亡時に、その直系卑属がなく、かつ、Aの父Bは既に死亡している場合には、Bの母Cは、Bを代襲してAの相続人となる。,×,直系尊属の相続は、親等が近い者が優先して相続人となるだけであり、「代襲相続」の制度によるものではない。
平成30年度第3問,民法,イ,Aの子BがAの死亡の後にAの相続を放棄した場合には、Bの子Cは、Bを代襲してAの相続人となる。,×,相続の放棄は代襲相続の原因とならないため、Cは代襲相続人にはならない（民法第887条第2項ただし書）。
平成30年度第3問,民法,ウ,Aが家庭裁判所に請求してその子Bについて推定相続人の廃除をした後に死亡した場合には、Bの廃除後からAの死亡時までの間に出生したBの子Cは、Bを代襲してAの相続人となる。,○,廃除は代襲原因となるため、廃除後に出生した子であっても代襲相続人となる（民法第887条第2項）。
平成30年度第3問,民法,エ,Aの相続人となるべき者が兄Bのみである場合において、B及びBの子CがAの死亡時に既に死亡しているときは、Cの子Dは、B及びCを代襲してAの相続人となる。,×,兄弟姉妹の代襲相続は、その子（甥・姪）までであり、再代襲相続は認められない（民法第889条第2項）。
平成30年度第3問,民法,オ,Aの子Bが故意にAを死亡するに至らせたために刑に処せられた場合には、Bの子Cは、Bを代襲してAの相続人となる。,○,相続欠格は代襲原因となるため、欠格者の子は代襲相続人となる（民法第887条第2項）。
平成30年度第4問,不動産登記法,ア,同一の登記所に対して同時に二以上の申請をする場合において、各申請に共通する添付情報を一の申請の申請情報と併せて提供するときは、当該添付情報を当該一の申請の申請情報と併せて提供した旨を他の申請の申請情報の内容としなければならない。,○,規則の通り。共通する添付情報は、援用する旨を他の申請情報の内容とすることで提供を省略できる（不動産登記規則第37条第1項）。
平成30年度第4問,不動産登記法,イ,会社法人等番号を有しない法人が土地の地積に関する更正の登記を申請するときは、作成後3月以内の当該法人の代表者の資格を証する情報を添付情報として提供しなければならない。,○,代表者の資格を証する情報は、作成後3か月以内のものでなければならない（不動産登記令第17条第1項）。
平成30年度第4問,不動産登記法,ウ,表題部所有者の相続人が土地の分筆の登記を申請する場合において、その相続に関して法定相続情報一覧図の写しを添付情報として提供するときは、当該登記の申請人は、その表題部所有者の相続人である旨を申請情報の内容とする必要はない。,×,法定相続情報一覧図の写しを提供する場合であっても、申請人は表題部所有者の「相続人である旨」を申請情報の内容とする必要がある（不動産登記令第3条第11号ウ）。
平成30年度第4問,不動産登記法,エ,電子申請により所有権の登記のある土地の合筆の登記の申請をする場合には、電子申請における添付情報の提供方法の特例により、登記識別情報が記載された書面を添付情報として登記所に提出することができる。,×,電子申請において登記識別情報を提供する場合、これを書面で提出する特例は適用されない。
平成30年度第4問,不動産登記法,オ,電子申請をした土地の地目に関する変更の登記の申請情報に補正することができる不備がある場合において、登記官が定めた相当の期間内に当該登記の申請人がその不備を補正するときは、当該登記の申請人は、電子情報処理組織を使用する方法により当該申請情報の補正をしなければならない。,○,電子申請の補正は、原則として電子情報処理組織を使用する方法（オンライン）により行わなければならない（不動産登記規則第34条第1項）。
平成30年度第5問,不動産登記法,ア,登記官は、不動産の表示に関する登記について、申請をすべき事項で申請のないものを発見したときは、直ちに職権でその登記をすることなく、その申請の義務がある者に登記の申請を催告することとされている。,○,登記官は、申請義務のある表示に関する登記がされていないことを発見したときは、遅滞なく、申請義務者に対して期間を定めて催告しなければならない（不動産登記事務取扱手続準則第107条等）。
平成30年度第5問,不動産登記法,イ,土地の表示に関する登記についての実地調査では、その土地の地目や地積、筆界を調査することはできるが、表題登記がされていない土地の所有者が誰であるかを調査することはできない。,×,実地調査においては、表題登記がない土地について、表題部所有者となるべき者が誰であるかの調査も行うことができる（不動産登記法第29条第1項）。
平成30年度第5問,不動産登記法,ウ,登記官は、日出から日没までの間に限り、実地調査を行うことができる。,○,実地調査は、日出から日没までの間に限り行うことができる（不動産登記法第29条第2項）。
平成30年度第5問,不動産登記法,エ,登記官は、自ら実地調査を行わなければならないので、登記所の職員に実地調査を行わせることはできない。,×,登記官は、登記所の職員をあらかじめ指定して、実地調査を行わせることができる（不動産登記規則第11条）。
平成30年度第5問,不動産登記法,オ,不動産登記法上、登記官による実地調査において不動産の検査を妨げた土地の所有者に対する刑事罰は定められていない。,×,実地調査における検査を拒み、妨げ、又は忌避した者には、30万円以下の罰金（刑事罰）が定められている（不動産登記法第162条）。
平成30年度第6問,不動産登記法,ア,地図は、一筆又は二筆以上の土地ごとに作成し、各土地の区画を明確にし、地番を表示するものとされている。,○,地図は、一筆又は二筆以上の土地ごとに作成され、各土地の区画を明確にして地番を表示する（不動産登記法第14条第2項）。
平成30年度第6問,不動産登記法,イ,地図の訂正の申出は、その地図に表示された土地の表題部所有者が二人である場合には、そのうちの一人からすることができる。,×,地図訂正の申出は、保存行為には該当しないため、共有者全員から共同して申し出る必要がある。
平成30年度第6問,不動産登記法,ウ,閉鎖した地図は、閉鎖した日から50年間保存される。,○,閉鎖した地図等の保存期間は、閉鎖した日から50年間である（不動産登記規則第28条第7号）。
平成30年度第6問,不動産登記法,エ,国土調査法の規定により登記所に送付された地籍図は、地図として備え付けることを不適当とする特別の事情がある場合を除き、地図として備え付けられる。,○,国土調査法により送付された地籍図は、原則として地図（法14条1項地図）として備え付けられる（不動産登記法第14条第4項）。
平成30年度第6問,不動産登記法,オ,登記官は、地図に表示された土地の区画に誤りがあると認める場合であっても、その訂正の申出がない限り、訂正をすることはできない。,×,地図の訂正は、申出によるほか、登記官が職権で行うこともできる（不動産登記法第14条第3項）。
平成30年度第7問,不動産登記法,ア,資格者代理人が本人確認情報を提供して登記を申請した場合において、登記官がその本人確認情報の内容を相当と認めることができないときは、当該申請は、直ちに却下される。,×,本人確認情報の内容が相当と認められない場合は、直ちに却下されるのではなく、事前通知の手続がとられる（不動産登記規則第72条第2項）。
平成30年度第7問,不動産登記法,イ,資格者代理人が申請人の氏名を知らず、又は当該申請人と面識がない場合において、当該申請人から運転免許証の提示を受ける方法により本人確認を行うときは、その運転免許証は、当該資格者代理人が提示を受ける日において有効なものでなければならない。,○,本人確認に用いる運転免許証等の公的証明書は、提示を受ける日において有効なものでなければならない。
平成30年度第7問,不動産登記法,ウ,資格者代理人が申請人の氏名を知り、かつ、当該申請人と面識がある場合に提供する本人確認情報は、当該申請人の氏名を知り、かつ、当該申請人と面識がある旨のほか、その面識が生じた経緯を明らかにするものでなければならない。,○,面識がある旨のほか、その面識が生じた経緯も本人確認情報の内容として明らかにする必要がある（不動産登記規則第72条第1項第2号）。
平成30年度第7問,不動産登記法,エ,資格者代理人が法人である申請人の本人確認情報を提供する場合には、当該資格者代理人は当該法人の代表者と面談しなければならない。,×,法人申請人の場合、代表者に限らず、代表者その他当該法人の業務を執行する役員と面談すればよい（不動産登記規則第72条第1項第1号ロ）。
平成30年度第7問,不動産登記法,オ,本人確認情報と併せて提供する資格者代理人である土地家屋調査士が所属する土地家屋調査士会が発行した職印に関する証明書は、発行後3月以内のものであることを要する。,○,本人確認情報に添付する資格者代理人の職印証明書は、作成後3か月以内のものでなければならない（不動産登記規則第72条第3項）。
平成30年度第8問,不動産登記法,ア,抵当権の設定の登記がされている土地について、地積に関する更正の登記を申請する場合には、その申請情報と併せて、当該抵当権の登記名義人が登記記録上の地積を更正することについて承諾したことを証する情報を提供しなければならない。,×,地積に関する更正の登記は事実の登記であるため、利害関係人である抵当権者の承諾を証する情報は不要である。
平成30年度第8問,不動産登記法,イ,いずれも所有権の登記がある甲土地と乙土地とを合筆する合筆の登記の申請をする場合には、その申請情報と併せて、当該合筆に係る甲土地及び乙土地それぞれの所有権の登記名義人の登記識別情報をいずれも提供しなければならない。,×,合筆の登記の申請においては、いずれか一筆の土地の所有権の登記識別情報を提供すれば足りる（不動産登記規則第226条第1項）。
平成30年度第8問,不動産登記法,ウ,地番区域が相互に異なり、所有権の登記名義人が同一である甲土地と乙土地のそれぞれについて、当該登記名義人が地積に関する更正の登記を申請する場合において、甲土地と乙土地とが同一の登記所の管轄区域内にあるときは、一の申請情報により、当該申請をすることができる。,○,同一の登記所の管轄であり、登記の目的及び登記名義人が同一であれば、地番区域が異なっても一の申請情報で一括申請できる（不動産登記規則第35条第2号）。
平成30年度第8問,不動産登記法,エ,所有権の登記がある甲土地から乙土地及び丙土地を分筆する分筆の登記を申請した場合において、その登記が完了したときは、分筆後のいずれの土地についても、新たな登記識別情報は通知されない。,○,分筆の登記は権利に関する登記ではないため、登記完了に伴い新たな登記識別情報が通知されることはない（不動産登記法第21条）。
平成30年度第8問,不動産登記法,オ,書面申請により分筆の登記を申請する場合において、受領証の交付を請求するときは、申請書の内容と同一の内容を記載した書面に地積測量図の写しを添付したものを提出しなければならない。,×,受領証の交付を請求する場合は、申請書と同一の内容を記載した書面（申請書の写し）を提出すればよく、地積測量図の写しの添付は不要である。
平成30年度第9問,不動産登記法,ア,公衆の遊楽のために供する土地の地目と競馬場内の馬場の地目は、同じ地目である。,×,公衆の遊楽のために供する土地は「公園」となるが、競馬場内の馬場は「雑種地」として取り扱われるため、地目は異なる。
平成30年度第9問,不動産登記法,イ,幼稚園の園舎の敷地の地目と、その園舎と一体的に利用されている運動場の地目は、同じ地目である。,○,幼稚園は学校教育法上の学校にあたるため、その園舎及び一体的に利用される運動場はともに「学校用地」となる。
平成30年度第9問,不動産登記法,ウ,共同住宅の敷地の地目と石油タンクの敷地の地目は、違う地目である。,×,共同住宅の敷地はもちろん、石油タンク等の建造物の敷地もその維持や効用を果たすために必要な土地として「宅地」となるため、同じ地目である。
平成30年度第9問,不動産登記法,エ,高圧線の下の土地で他の目的に使用することができない区域にあるものの地目と変電所の敷地の地目は、違う地目である。,×,高圧線下で他の目的に使用できない土地は「雑種地」であり、変電所の敷地も原則として「雑種地」として取り扱われるため、同じ地目である。
平成30年度第9問,不動産登記法,オ,かんがい用の水路の地目と水力発電のための排水路の地目は、違う地目である。,○,かんがい用水路は「用悪水路」となるのに対し、水力発電の排水路は「雑種地」となるため、地目は異なる。
平成30年度第10問,不動産登記法,ア,競馬場の観覧席のうち、屋根を有しない部分は、建物として登記することができない。,○,屋根を有しない部分は、風雨をしのぐ外気分断性が欠如しているため、建物として登記することができない。
平成30年度第10問,不動産登記法,イ,土地に固定している浮船を利用した店舗は、建物として登記することができない。,×,土地に固定され定着性があり、かつ用途性・外気分断性が認められる浮船店舗は、建物として登記できる場合がある。
平成30年度第10問,不動産登記法,ウ,ガード下を利用して築造した倉庫は、建物として登記することができない。,×,ガード下を利用して築造された堅固な倉庫等は、要件を満たせば建物として登記することができる。
平成30年度第10問,不動産登記法,エ,容易に運搬することができる切符売場は、建物として登記することができない。,○,容易に運搬できるものは、土地への定着性（定着物としての要件）を欠くため、建物として登記することができない。
平成30年度第10問,不動産登記法,オ,廃車となった鉄道車両に基礎工事や付帯設備等を施した居宅は、建物として登記することができない。,×,廃車車両であっても、基礎工事等が施され土地への定着性が認められれば、建物として登記することができる。
平成30年度第11問,不動産登記法,1,①に「法令上」、④に「規約共用部分」、⑥に「建物」が入る。,×,区分建物の要件は「構造上」及び「利用上」の独立性であり、「法令上」ではない。また、敷地権の目的となるのは「土地」である。
平成30年度第11問,不動産登記法,2,②に「住居」、④に「法定共用部分」、⑦に「職権で」が入る。,×,区分所有法4条2項で共用部分とされるのは「規約共用部分」であり、「法定共用部分」ではない。
平成30年度第11問,不動産登記法,3,②に「駐車場」、⑤に「構造上」、⑥に「建物」が入る。,×,用途の例示としては「住居」等が適切であり、要件のⅡは「利用上」の独立性である。また、敷地権の目的は「土地」である。
平成30年度第11問,不動産登記法,4,③に「専有部分」、⑤に「利用上」、⑦に「職権で」が入る。,○,区分所有法上の「専有部分」であり、各部屋は「利用上」の独立性を備える必要がある。また、敷地権である旨の登記は登記官が「職権で」行う。
平成30年度第11問,不動産登記法,5,③に「共用部分」、⑥に「土地」、⑦に「申請により」が入る。,×,区分建物は「専有部分」である必要があり、「共用部分」ではない。また、敷地権である旨の登記は「職権で」行われる。
平成30年度第12問,不動産登記法,ア,増築による建物の表題部の変更の登記後に、当該建物の登記記録の床面積に誤りがあることが判明した場合には、表題部所有者又は所有権の登記名義人は、その誤りを知った時から1月以内に、当該建物の表題部の更正の登記を申請しなければならない。,×,建物の表題部の更正の登記には、変更の登記のような「1月以内」の申請義務は課されていない。
平成30年度第12問,不動産登記法,イ,共用部分である旨の登記がされている建物の表題部の更正の登記の申請は、当該建物の所有者全員で行うことを要する。,×,共用部分である旨の登記がされている建物の表題部の更正の登記は、保存行為として共有者の一人から申請することができる。
平成30年度第12問,不動産登記法,ウ,区分建物ではない表題登記がある建物に接続して区分建物が新築された場合における当該区分建物についての表題登記の申請は、当該表題登記がある建物についての表題部の変更の登記の申請と併せてしなければならない。,○,区分建物でない建物に接続して区分建物を新築した場合、新築建物の表題登記と既存建物の表題部変更登記は併せて申請しなければならない（不動産登記法第48条第3項）。
平成30年度第12問,不動産登記法,エ,Bが所有する土地に区分建物が属する一棟の建物を新築したAが、当該建物の完成後、Bからその土地を買い受けて、敷地権付き区分建物として当該建物の表題登記を申請した場合において、当該敷地権付き区分建物の表題部に記録される敷地権に係る登記の登記原因の日付は、当該建物の表題登記の申請日である。,×,敷地権の登記原因の日付は、敷地権としての効力が生じた日（この場合はAがBから土地を買い受けた日）であり、表題登記の申請日ではない。
平成30年度第12問,不動産登記法,オ,区分建物である建物を新築した場合において、その表題登記をする前にその所有権の原始取得者であるAが死亡したときは、Aの相続人は、表題部所有者を亡Aとする当該建物についての表題登記を申請することができる。,○,所有権の原始取得者が表題登記前に死亡した場合、その相続人は、被相続人を表題部所有者とする表題登記を申請することができる（不動産登記法第47条第2項）。
平成30年度第13問,不動産登記法,ア,エレベーター室は、1階部分のみ床面積に算入される。,×,エレベーター室は、1階部分のみならず、各階の床面積に算入される。
平成30年度第13問,不動産登記法,イ,建物に附属する屋外の階段は、その階段を利用しないと上階に上がれない場合には、床面積に算入される。,×,屋外の階段は、建物の内部とはいえないため、上階への唯一の通路であっても床面積には算入されない。
平成30年度第13問,不動産登記法,ウ,建物の内部にある煙突の一部が外部に及んでいる場合には、当該煙突の全部について各階の床面積に算入されない。,×,建物の内部にある煙突は、その内部にある部分について各階の床面積に算入される。
平成30年度第13問,不動産登記法,エ,建物の一部が上階まで吹抜になっている場合には、その吹抜の部分は、上階の床面積に算入されない。,○,吹抜部分は、上階において床がないため、上階の床面積には算入されない。
平成30年度第13問,不動産登記法,オ,地階があるときは、その床面積は、地上階の床面積の記録の次に記録される。,○,床面積は各階ごとに記載し、地階があるときは地上階の床面積の記録の次に記録する（不動産登記規則第115条等）。
平成30年度第14問,不動産登記法,ア,附属建物がある建物の表題登記をする場合において、附属建物の新築の日が主である建物の新築の日と同一であるときは、附属建物の表示欄の原因及びその日付欄の記録は要しない。,×,附属建物と主たる建物の新築の日が同一であっても、附属建物の原因及びその日付欄には「同日新築」と記録しなければならない。
平成30年度第14問,不動産登記法,イ,表題部に附属建物に関する事項を記録する場合において、当該附属建物の種類、構造及び床面積が直前に記録された附属建物の記録と同一のときは、「同上」と記録される。,×,種類、構造、床面積については正確性が求められるため、「同上」と省略して記録することはできない。
平成30年度第14問,不動産登記法,ウ,附属建物の種類に関する変更の登記をする場合において、表題部に附属建物に関する記録をするときは、当該変更後の附属建物の種類、構造及び床面積が記録され、当該変更前の附属建物の符号を除くその登記事項の全部が抹消される。,○,附属建物の変更登記においては、変更後の登記事項が記録され、変更前の符号を除く登記事項が抹消記号で抹消される（不動産登記規則第148条）。
平成30年度第14問,不動産登記法,エ,区分建物でない建物の登記記録において、主である建物が存在する土地の地番と附属建物である地下車庫が存在する土地の地番とが同一ではない場合には、当該附属建物が存在する土地の地番は、主である建物の表示欄の所在欄に記録されない。,×,主である建物と附属建物の所在する地番が異なる場合、主である建物の表示欄の所在欄に双方の地番を記録しなければならない。
平成30年度第14問,不動産登記法,オ,附属建物が主である建物と同一の一棟の建物に属する区分建物である場合において、当該附属建物に関する登記事項を記録するには、その一棟の建物の所在する市、区、郡、町、村、字及び土地の地番並びに構造及び床面積を記録することを要する。,○,附属建物が区分建物である場合、当該附属建物に関する登記事項として、一棟の建物の所在及び構造・床面積を記録する必要がある。
平成30年度第15問,不動産登記法,ア,主である建物と附属建物との間に道路が築造されたときは、登記官は、その建物の分割の登記を職権ですることができる。,×,建物の分割の登記は、所有者の意思に基づくものであり、登記官が職権ですることはできない。
平成30年度第15問,不動産登記法,イ,共用部分である旨の登記がある建物であっても、建物の分割の登記をすることができる。,×,共用部分である旨の登記がある建物については、建物の分割の登記をすることができない（不動産登記法第54条第2項）。
平成30年度第15問,不動産登記法,ウ,甲建物の附属建物を分割して乙建物とする建物の分割の登記を申請する場合において、甲建物を増築したことにより床面積の変更が生じているときは、当該増築による表題部の変更の登記と当該建物の分割の登記とを一の申請情報によって申請することができる。,○,建物の表題部の変更の登記と建物の分割の登記は、一の申請情報によって一括申請することができる。
平成30年度第15問,不動産登記法,エ,抵当権の設定の登記がされている甲建物から、その附属建物を分割して乙建物とする建物の分割の登記をする場合において、分割後の甲建物について当該抵当権を消滅させるときは、当該抵当権の登記名義人がその消滅を承諾したことを証する情報及び登記識別情報を提供しなければならない。,○,分割後の甲建物について抵当権を消滅させる（乙建物のみに存続させる）場合には、抵当権者の承諾を証する情報及びその登記識別情報の提供が必要である。
平成30年度第15問,不動産登記法,オ,甲建物について所有権の登記がされた後、附属建物を新築したことによる甲建物の表題部の変更の登記がされている場合において、その附属建物を分割して乙建物とする建物の分割の登記の申請をしたときは、申請人があらかじめ登記識別情報の通知を希望しない旨の申出をしない限り、分割後の乙建物についての登記識別情報が通知される。,×,附属建物の新築による表題部変更登記の際には登記識別情報は通知されず、それを分割して独立の建物としても新たに登記識別情報が通知されることはない。
平成30年度第16問,不動産登記法,ア,共用部分である旨の登記がされる場合には、当該建物の表題部所有者の登記又は権利に関する登記が抹消される。,○,共用部分である旨の登記をする場合、登記官は表題部所有者の登記又は権利に関する登記を抹消しなければならない（不動産登記法第58条第3項）。
平成30年度第16問,不動産登記法,イ,規約による共用部分である旨の登記は、登記官が職権ですることができる。,×,規約による共用部分である旨の登記は、表題部所有者又は所有権の登記名義人の申請によってのみ行うことができ、職権で行うことはできない。
平成30年度第16問,不動産登記法,ウ,共用部分である旨の登記をするときは、表題部の原因及びその日付欄に当該規約の設定の年月日が記録される。,○,共用部分である旨の登記をする場合、表題部の原因及びその日付欄に規約設定の年月日を正確に記録する。
平成30年度第16問,不動産登記法,エ,共用部分である旨の登記がある建物について、共用部分である旨を定めた規約を廃止したことにより当該建物の表題登記の申請がされた場合において、当該申請に基づく表題登記がされるときは、当該建物の登記記録が閉鎖され、新たに登記記録が作成される。,×,規約廃止による表題登記がされたときは、共用部分である旨の登記が抹消されて新たな所有者が記録されるのみであり、登記記録が閉鎖されて新たに作成されるわけではない。
平成30年度第16問,不動産登記法,オ,団地共用部分である旨の登記がある建物について、その種類を物置から集会所に変更した場合には、当該建物の所有者は、当該建物の表題部の変更の登記を申請しなければならない。,○,建物の種類が変更されたため、所有者は1箇月以内に表題部変更登記を申請しなければならない。
平成30年度第17問,不動産登記法,ア,地積測量図の一部の写しの交付を請求することはできない。,×,地積測量図については、その全部又は一部の写しの交付を請求することができる（不動産登記法第121条第2項）。
平成30年度第17問,不動産登記法,イ,権利部に所有権の保存の登記がされているときであっても、表題部のみを記載事項とする登記事項証明書の交付を請求することはできる。,×,所有権の登記がある不動産については、原則として表題部のみを記載事項とする証明書の交付を請求することはできない。
平成30年度第17問,不動産登記法,ウ,登記事項証明書の交付を請求する場合において、共同担保目録に記録された事項についても証明を求めるときは、その旨を請求情報の内容としなければならない。,○,共同担保目録は、請求情報にその旨を内容とした場合に限り、証明書に含められる。
平成30年度第17問,不動産登記法,エ,地図に準ずる図面の全部の写しの交付の請求は、その請求に係る不動産の所在地を管轄する登記所以外の登記所の登記官に対してはすることができない。,×,法改正により、管轄登記所以外の登記所の登記官に対しても、地図や地図に準ずる図面の写しの交付を請求することができる（不動産登記法第121条第3項）。
平成30年度第17問,不動産登記法,オ,請求書を登記所に提出する方法により登記事項証明書の交付の請求をする場合において、請求人の申出により、送付の方法により登記事項証明書の交付を受けるときは、手数料のほか送付に要する費用も納付しなければならない。,○,郵送等の送付による交付を求める場合は、所定の手数料に加えて送付に要する費用（郵送料）も納付しなければならない。
平成30年度第18問,不動産登記法,ア,当該登記官を監督する法務局又は地方法務局の長は、処分についての審査請求を理由があると認め、又は審査請求に係る不作為に係る処分をすべきものと認めるときは、当該登記官がすべき相当の処分を自らすることができる。,×,監督法務局長等は、登記官に対して相当の処分を「命じなければならない」のであり、自ら処分を行うことはできない（不動産登記法第157条）。
平成30年度第18問,不動産登記法,イ,登記官の処分に不服がある者は、当該処分があったことを知った日の翌日から起算して3月を経過したときは、審査請求をすることができない。,×,不動産登記法における審査請求には、行政不服審査法の審査請求期間の制限（3箇月）が適用除外とされているため、いつでも審査請求をすることができる（不動産登記法第158条）。
平成30年度第18問,不動産登記法,ウ,監督法務局長等が審査請求につき裁決をしたときは、当該監督法務局長等は、裁決書の謄本及び審理員意見書の写しを審査請求人及び登記官に交付する。,○,平成28年の法改正により不動産登記法の審査請求にも審理員制度が適用されるようになったため、裁決書の謄本とともに審理員意見書の写しを交付する必要がある。
平成30年度第18問,不動産登記法,エ,監督法務局長等は、審査請求に係る不作為に係る処分についての申請を却下すべきものと認めるときは、登記官に当該申請を却下する処分を命じなければならない。,○,不作為についての審査請求において、申請が不適法等で却下すべきと認めるときは、登記官に却下処分を命じなければならない（不動産登記法第157条第2項）。
平成30年度第18問,不動産登記法,オ,監督法務局長等が裁決をした場合において、その審査請求について審理員に提出された証拠書類があるときは、当該証拠書類を提出した者が返還しないことに同意している場合を除き、当該監督法務局長等は、当該証拠書類をその提出した者に速やかに返還しなければならない。,○,行政不服審査法の規定に従い、審理員に提出された証拠書類は、提出者が返還を要しないと同意した場合を除き、速やかに返還しなければならない。
平成30年度第19問,不動産登記法,ア,筆界特定登記官は、申請人の地位の承継があった場合には、既に当該承継に係る申請人に係る意見聴取等の期日を開いたときであっても、改めて意見聴取等の期日を開かなければならない。,×,承継前に既に意見聴取等の期日を開いていた場合には、改めて期日を開く必要はない（不動産登記法第136条第2項）。
平成30年度第19問,不動産登記法,イ,意見聴取等の期日は、対象土地において開くことができる。,○,意見聴取等の期日は、対象土地の所在地（現地）において開くことができる（不動産登記法第137条第1項）。
平成30年度第19問,不動産登記法,ウ,申請人及び関係人に係る意見聴取等の期日は、同一の日時に申請人及び関係人を同席させて開くことはできない。,×,筆界特定登記官は、必要があると認めるときは、同一の日時に申請人及び関係人を同席させて意見聴取等の期日を開くことができる。
平成30年度第19問,不動産登記法,エ,意見聴取等の期日における申請人、関係人又は参考人の陳述については、ビデオテープその他の適当と認める記録用の媒体に記録し、これをもって調書の記録に代えることができる。,○,陳述の内容は、調書に記録する代わりに、ビデオテープ等の媒体に記録してこれに代えることができる（不動産登記規則第216条第3項）。
平成30年度第19問,不動産登記法,オ,筆界特定登記官は、意見聴取等の期日において、対象土地の所有権の登記名義人であった者や対象土地周辺の宅地開発を行った者に、参考人としてその知っている事実を陳述させることができる。,○,筆界特定登記官は、事案の解明のために必要があると認めるときは、適当な参考人に陳述させることができる（不動産登記法第139条）。
平成30年度第20問,土地家屋調査士法,ア,土地家屋調査士が引き続き2年以上業務を行わないときは、日本土地家屋調査士会連合会は、当該土地家屋調査士について土地家屋調査士名簿の登録を取り消さなければならない。,×,引き続き2年以上業務を行わないときは、登録を取り消すことが「できる」のであり、「しなければならない」わけではない（土地家屋調査士法第15条第1項）。
平成30年度第20問,土地家屋調査士法,イ,土地家屋調査士法人は、その成立の日から2週間以内に、その主たる事務所の所在地を管轄する法務局又は地方法務局の管轄区域内に設立された土地家屋調査士会及び日本土地家屋調査士会連合会に成立した旨を届け出なければ、当該土地家屋調査士会の会員となることができない。,×,土地家屋調査士法人は、成立の時に主たる事務所の所在地の調査士会の会員となるため、届出が会員となる要件ではない（当然加入）。
平成30年度第20問,土地家屋調査士法,ウ,土地家屋調査士名簿の登録を申請した者は、その申請の日から3月を経過しても日本土地家屋調査士会連合会が当該申請に対して何らの処分をしないときは、当該登録を拒否されたものとして、法務大臣に対して審査請求をすることができる。,○,申請から3箇月を経過しても処分がされない場合は、登録を拒絶されたものとみなして法務大臣に審査請求できる（土地家屋調査士法第10条）。
平成30年度第20問,土地家屋調査士法,エ,土地家屋調査士が禁錮以上の刑に処せられた場合において、その刑の全部の執行が猶予されているときは、日本土地家屋調査士会連合会は、当該土地家屋調査士について土地家屋調査士名簿の登録を取り消すことができない。,×,禁錮以上の刑に処せられた場合、執行猶予中であっても欠格事由に該当するため、登録を取り消さなければならない。
平成30年度第20問,土地家屋調査士法,オ,土地家屋調査士は、所属する土地家屋調査士会を変更する場合を除き、土地家屋調査士名簿に登録を受けた事項に変更が生じたときは、遅滞なく、所属する土地家屋調査士会を経由して、日本土地家屋調査士会連合会にその旨を届け出なければならない。,○,登録事項に変更が生じた場合は、遅滞なく、所属する調査士会を経由して連合会に届け出る義務がある（土地家屋調査士法第13条）。
平成29年度第1問,民法,ア,Aの任意代理人Bが、Aのためにすることを示して、Cからその所有する建物を買い受けた場合において、Bが当該建物に瑕疵があることを知っていたときであっても、Aは、Cに対し、売主の契約不適合責任を問うことができる。,×,代理行為の瑕疵（この場合は悪意）は、原則として代理人Bを基準に判断されるため、Bが悪意であれば本人Aは契約不適合責任を問うことはできない（民法第101条第1項）。
平成29年度第1問,民法,イ,Aから何らの代理権も与えられていないBが、Aのためにすることを示して、A所有の不動産をCに売却した場合において、Cが、Bに売買契約を締結する代理権があると信じ、そのように信じたことに正当な理由があるときは、表見代理が成立する。,×,表見代理が成立するためには、単に無権代理人を信じたこと（正当な理由）だけでなく、本人Aに何らかの帰責性（代理権授与の表示、権限外の行為、代理権消滅後の行為など）が必要である。
平成29年度第1問,民法,ウ,未成年者も任意代理人になることができるが、未成年者のした代理行為は、その法定代理人が取り消すことができる。,×,未成年者も代理人になることができるが（民法第102条）、制限行為能力者が代理人としてした行為は、制限行為能力を理由としては取り消すことができない。
平成29年度第1問,民法,エ,本人Aの許諾を得て任意代理人Bが復代理人Cを選任した場合には、Cの行為によりAに不利益が生じたときであっても、Bは、Aに対し、責任を負うことはない。,×,任意代理人が本人の許諾を得て復代理人を選任した場合でも、代理人は復代理人の選任及び監督について本人に対して責任を負う（民法第105条第1項）。
平成29年度第1問,民法,オ,代理権を有しない者がした契約の本人による追認は、その契約を相手方が取り消した後は、することができない。,○,無権代理行為について、相手方が取り消し権を行使した後は、本人はもはや追認することができない（民法第115条）。
平成29年度第2問,民法,ア,A所有の土地をBがCに売却し、その後BがAから当該土地を買い受けた場合において、いずれの売買契約にも所有権の移転時期や方法に関する特約がないときは、BがAから当該土地を買い受け、かつ、AからBへの所有権の移転の登記がされた時点で、Cに当該土地の所有権が移転することになります。,×,他人物売買において、売主Bが真の所有者Aから所有権を取得した時点で、直ちに買主Cに所有権が移転する（登記の有無は問わない）というのが判例の趣旨である。
平成29年度第2問,民法,イ,Cが占有しているA所有の土地をAがBに売却し、AからBへの所有権の移転の登記がされた後、Cにつき当該土地の取得時効が完成して、Cが時効を援用した場合、Cは、Bに対し、登記なくして当該土地の所有権を主張することができます。,○,時効完成前の第三者Bに対しては、時効取得者Cは登記なくして所有権を主張することができる（判例）。
平成29年度第2問,民法,ウ,A所有の土地をAがBに売却し、AからBへの所有権の移転の登記がされた後、Aが、Bの債務不履行により、当該売買契約を解除しました。しかし、その解除後、BがCに当該土地を売却し、BからCへの所有権の移転の登記がされた場合、Aは、Cに対し、登記なくして当該土地の所有権を主張することができます。,×,解除後の第三者Cと解除権者Aは対抗関係に立つため、AがCに所有権を主張するには登記が必要である（判例）。
平成29年度第2問,民法,エ,A所有の土地をAがBに売却したが、AからBへの所有権の移転の登記がされる前に、Cが権原なく当該土地の占有を開始した場合、Bは、Cに対し、登記なくして当該土地の所有権を主張することができます。,○,不法占拠者Cは民法177条の「第三者」に該当しないため、買主Bは登記なくして所有権を主張することができる（判例）。
平成29年度第2問,民法,オ,A所有の土地をAがBに売却した後AからBへの所有権の移転の登記がされる前に、Bからその登記の申請を受任していたCが、Aから当該土地を買い受け、AからCへの所有権の移転の登記がされた場合、Bは、Cに対し、登記なくして当該土地の所有権を主張することができます。,○,Bの登記申請を受任していたCは背信的悪意者にあたり、民法177条の「第三者」として保護されないため、Bは登記なくしてCに所有権を主張できる（判例）。
平成29年度第3問,民法,ア,相続人Aは、いったん相続の承認をしたが、自己のために相続の開始があったことを知った時から3か月以内であれば、その承認を撤回することができる。,×,相続の承認又は放棄は、熟慮期間（3箇月）内であっても、一度すると撤回することができない（民法第919条第1項）。
平成29年度第3問,民法,イ,相続人Aが単独で単純承認をした場合、相続人Bは、限定承認をすることができない。,○,限定承認は、共同相続人の全員が共同してのみすることができる（民法第923条）ため、1人が単純承認すると他の者は限定承認できなくなる。
平成29年度第3問,民法,ウ,相続人Aは、相続の放棄をするためには、相続の放棄について相続人Bの承諾を得る必要がある。,×,相続の放棄は各相続人が単独で行うことができるものであり、他の共同相続人の承諾は不要である。
平成29年度第3問,民法,エ,相続人Aは、限定承認をした場合には、以後、善良な管理者の注意をもって、相続財産の管理を継続しなければならない。,×,※法改正により現在は×（当時の正解は○）。現行法では、相続の放棄をした者は、次の順位の相続人が管理を始めることができるまで、自己の財産に対するのと同一の注意をもって管理義務を負うが（第940条1項）、限定承認者に関する規定は異なる。
平成29年度第3問,民法,オ,相続人Aが相続の放棄をし、相続人Bは単純承認をしたが、相続財産たる表題登記のみがある不動産について、Aの債権者の申請により代位による所有権の保存の登記がされた後、Aの法定相続分に対する仮差押えの登記がされたときは、この仮差押えの登記は無効である。,○,相続放棄をした者は初めから相続人とならなかったものとみなされるため（民法第939条）、Aに対する仮差押え登記は無効である（判例）。
平成29年度第4問,不動産登記法,1,①は「物理的状況」、③は「登記情報」、⑤は「表題部と権利部」、⑦は「種類」である。,×,法の目的（1条）では不動産の「物理的現況」と「権利関係」を公示する。また、1筆の土地又は1個の「建物」ごとに「表題部と権利部」に区分して記録する（2条）。規則111条の建物の認定基準は「用途」に供し得る状態にあることである。
平成29年度第4問,不動産登記法,2,①は「物理的状況」、③は「登記情報」、⑤は「甲区と乙区」、⑦は「種類」である。,×,登記記録は「表題部と権利部」に区分される（2条）。「甲区と乙区」は権利部の中の区分である。
平成29年度第4問,不動産登記法,3,①は「物理的状況」、③は「登記事項」、⑤は「表題部と権利部」、⑦は「用途」である。,○,A（表示）は「物理的状況」、B（権利）は「権利関係」を公示する。登記記録は「登記事項」を「建物」ごとに「表題部と権利部」に区分して記録する。建物の要件はその目的とする「用途」に供し得ることである（規則111条）。
平成29年度第4問,不動産登記法,4,①は「権利関係」、③は「登記情報」、⑤は「甲区と乙区」、⑦は「種類」である。,×,A（表示に関する登記）が公示するのは「物理的現況」である。
平成29年度第4問,不動産登記法,5,①は「権利関係」、③は「登記事項」、⑤は「表題部と権利部」、⑦は「用途」である。,×,A（表示に関する登記）が公示するのは「物理的現況」である。
平成29年度第5問,不動産登記法,ア,所有権の登記名義人であるAの申請により、甲土地と乙土地との合筆の登記をする場合において、Aからあらかじめ登記識別情報の通知を希望しない旨の申出があったときは、登記識別情報は通知されない。,○,登記権利者が登記識別情報の通知を希望しない旨の申出をした場合には、通知されない（不動産登記法第21条ただし書）。
平成29年度第5問,不動産登記法,イ,所有権の登記名義人であるAの申請により、甲土地と乙土地との合筆の登記をする場合において、甲土地と乙土地に、登記の目的、申請の受付の年月日及び受付番号並びに登記原因及びその日付が同一のBを登記名義人とする抵当権の設定の登記がされているときは、Bに登記識別情報が通知される。,×,合筆の登記は権利に関する登記ではないため、抵当権者Bに対して新たな登記識別情報が通知されることはない。
平成29年度第5問,不動産登記法,ウ,Aを所有権の登記名義人とする甲土地と乙土地との合筆の登記を、資格者代理人Bが電子申請の方法により申請するに際し、Bが登記識別情報の通知を受けるための特別の委任を受けていた場合において、登記識別情報の送信が可能になった時から30日以内にBが自己の使用に係る電子計算機に備えられたファイルに当該登記識別情報を記録しないときは、Bに登記識別情報は通知されない。,×,電子申請の場合、登記識別情報はダウンロード可能な状態に置かれるが、30日以内にダウンロードしなかったからといって「通知されない」扱いになるわけではなく、単にダウンロード期間が経過するだけである（不動産登記規則第63条）。
平成29年度第5問,不動産登記法,エ,Aを所有権の登記名義人とする甲土地と乙土地との合筆の登記を、資格者代理人Bが書面申請の方法により申請するに際し、Bが登記識別情報の通知を受けるための特別の委任を受けていた場合において、登記完了の時から3月以内にBが登記識別情報を記載した書面を受領しないときは、Bに登記識別情報は通知されない。,○,書面交付による場合、登記完了後3箇月以内に受領しないときは、登記識別情報を記載した書面は廃棄され、通知されなかったものとみなされる（不動産登記規則第64条第2項）。
平成29年度第5問,不動産登記法,オ,官庁の嘱託により、当該官庁を所有権の登記名義人とする甲土地と乙土地との合筆の登記をする場合には、当該官庁からあらかじめ登記識別情報の通知を希望する旨の申出があっても、登記識別情報は通知されない。,○,官庁又は公署が登記権利者である場合、原則として登記識別情報は通知されない（不動産登記法第21条ただし書、第117条）。
平成29年度第6問,不動産登記法,ア,甲土地から乙土地を分筆する分筆の登記を申請する場合において、甲土地の不動産番号を申請情報の内容としたときは、分筆前の土地の所在、地番、地目及び地積を申請情報の内容とすることを要しない。,×,分筆の登記の場合、不動産番号を提供したとしても、従前の土地の所在、地番等は特定のために申請情報の内容とする必要がある。
平成29年度第6問,不動産登記法,イ,会社法人等番号を有する法人が所有する甲土地から乙土地を分筆する分筆の登記を申請する場合において、当該法人の会社法人等番号を添付情報として提供したときは、当該法人の代表者の氏名を申請情報の内容とすることを要しない。,×,会社法人等番号を提供した場合であっても、申請人である法人の代表者の氏名は申請情報の内容とする必要がある。
平成29年度第6問,不動産登記法,ウ,土地の表題部所有者の氏名についての更正の登記を申請する場合には、更正前の氏名を申請情報の内容とすることを要しない。,○,氏名の更正登記の申請においては、現在の登記記録上の氏名（更正前の氏名）と更正後の氏名を対比させるため、更正前の氏名を申請情報の内容とする。※ただし、問題文は「要しない」としているため、正解選択肢の文脈に基づき判定を要する。現行実務では変更・更正前と後を明確にする。（※解説修正：この肢は誤りを含む組合せ問題のため、誤りとするのが妥当）
平成29年度第6問,不動産登記法,エ,土地の表題登記を申請する場合において、土地の所有者であるA及びBの持分が相等しいときは、A及びBの持分を申請情報の内容とすることを要しない。,×,表題登記を共有で申請する場合、持分が均等であっても、各共有者の持分は必ず申請情報の内容としなければならない。
平成29年度第6問,不動産登記法,オ,甲土地から乙土地を分筆する分筆の登記を申請する場合において、登録免許税が免除されるときは、免除の根拠となる法令の条項を申請情報の内容としなければならない。,○,登録免許税の免除を受ける場合は、その根拠となる法令の条項を申請情報の内容としなければならない（不動産登記規則第43条）。
平成29年度第7問,不動産登記法,ア,Aが所有権の登記名義人である互いに接続する2個の区分建物について、隔壁の除去などの物理的な変更を伴わずに1個の区分建物ではない建物とする場合に行う登記の申請には、所有権を有することを証する情報を添付しなければならない。,×,区分建物を非区分建物とする変更登記（区分建物の合併）においては、既に所有権の登記があるため、新たに所有権証明情報の提供は不要である。
平成29年度第7問,不動産登記法,イ,Aが所有権の登記名義人である建物について、一部取壊しの工事が完了した3週間後に増築の工事が完成した場合において、一の申請情報によって建物の表題部の変更の登記を申請するときは、全ての工事完成後の床面積が減少する場合であっても、所有権を有することを証する情報を添付しなければならない。,○,一部取壊しと増築が別個の工事である場合、増築部分について新たな所有権が発生しているため、結果的に床面積が減少していても所有権証明情報の提供が必要である。
平成29年度第7問,不動産登記法,ウ,Aが所有権の登記名義人である建物の全部を取り壊し、当該建物の材料を用いて当該建物と同じ種類、構造及び床面積の建物を別の土地に建築した場合に行う登記の申請には、所有権を有することを証する情報を添付しなければならない。,○,既存建物を解体して別の場所に建築した場合は「建物の新築」にあたり、新築建物の表題登記となるため、所有権証明情報の提供が必要である。
平成29年度第7問,不動産登記法,エ,Aが所有権の登記名義人である建物の屋根を瓦から亜鉛メッキにふき替える工事を行った場合に行う登記の申請には、所有権を有することを証する情報を添付しなければならない。,×,屋根のふき替えは建物の構造の変更（表題部変更登記）にすぎず、新たな建物の創出（増築等）ではないため、所有権証明情報の提供は不要である。
平成29年度第7問,不動産登記法,オ,Aが所有権の登記名義人である種類が車庫の建物について、床面積を変更することなく、当該車庫の開口部にシャッターを設置して倉庫とした場合に行う登記の申請には、所有権を有することを証する情報を添付しなければならない。,×,種類の変更（車庫→倉庫）は建物の物理的現況の変更にすぎず、新たな建物の創出ではないため、所有権証明情報の提供は不要である。
平成29年度第8問,不動産登記法,ア,申請人又はその代表者若しくは代理人が、申請情報に電子署名を行わなければなりません。,○,電子申請においては、原則として申請人等が申請情報に電子署名を行う必要がある（不動産登記規則第43条）。
平成29年度第8問,不動産登記法,イ,添付情報は、電子署名が行われている必要はありません。,×,電子申請において提供する添付情報（電磁的記録）にも、作成者による電子署名が行われている必要がある（不動産登記規則第43条の2）。
平成29年度第8問,不動産登記法,ウ,電子署名を行った者を確認するために、電子証明書を送信しなければなりません。,○,電子署名を行った場合は、あわせてその電子署名に係る電子証明書を提供（送信）しなければならない（不動産登記規則第43条第2項）。
平成29年度第8問,不動産登記法,エ,当該電磁的記録を作成した者による電子署名が行われているものでなければなりません。,○,書面をスキャナ等で電磁的記録にした場合でも、その作成者（スキャンした者ではなく、元の書面の作成者）による電子署名が必要となる（特例方式を除く）。
平成29年度第8問,不動産登記法,オ,あくまで当該電磁的記録に記録したものが添付情報となりますので、当該書面を登記官に提示する必要はありません。,×,書面を提出する方法（特例方式）ではなく、フルオンライン申請を前提とする場合であっても、提示を求められる場合はあるが、問題文の前提（書面提出の特例を除く）においては、電磁的記録のみで完結するため、提示は原則不要とされる。（※この問題の組合せにおいて、「イ」が明確な誤りであるため、解答を導く構成となっている）
平成29年度第9問,不動産登記法,ア,建物の表題登記の申請をする際に所有権を有することを証する情報として提供した工事施工会社作成に係る工事完了引渡証明書に添付する印鑑に関する証明書は、原本の還付を請求することができる。,○,印鑑証明書は、原則として原本還付の対象となる（不動産登記規則第55条）。
平成29年度第9問,不動産登記法,イ,所有権の登記がある建物についての建物の合併の登記を資格者代理人から申請する場合において、当該資格者代理人が作成し提供する本人確認情報は、原本の還付を請求することができる。,×,資格者代理人が作成した本人確認情報は、当該登記申請のためだけに作成されたものであり、原本還付を請求することはできない（不動産登記規則第55条第1項ただし書）。
平成29年度第9問,不動産登記法,ウ,建物の表題部の変更の登記を表題部所有者の相続人が申請する場合において、相続を証する書面として提供した戸籍謄本又は抄本及び除籍謄本は、相続関係説明図を添付することにより、原本の還付を請求することができる。,○,相続を証する書面（戸籍謄本等）は、相続関係説明図を提供することで原本還付を請求することができる（不動産登記規則第55条第2項）。
平成29年度第9問,不動産登記法,エ,所有権の登記がある建物について建物の合体による登記等を申請する際に提供した登記識別情報を記載した書面は、原本の還付を請求することができる。,×,登記識別情報を提供した書面は、手続終了後に原本還付を求めることはできない。
平成29年度第9問,不動産登記法,オ,原本の還付は、申請人の申出があっても、原本を送付する方法によってすることができない。,×,原本の還付は、申請人の申出により、郵送等の送付の方法によって行うことができる（不動産登記規則第55条第4項）。
平成29年度第10問,不動産登記法,ア,電子申請の方法による登記の申請の取下げは、電子情報処理組織を使用して申請を取り下げる旨の情報を登記所に提供する方法によってしなければならない。,○,電子申請の取下げは、原則として電子情報処理組織（オンライン）を使用して行わなければならない（不動産登記規則第39条）。
平成29年度第10問,不動産登記法,イ,登記官が登記を完了した後であっても、登記完了証が交付されるまでの間は、登記の申請の取下げをすることができる。,×,登記の申請の取下げは、登記官が登記を完了するまでの間（処理を完了する前）に限り行うことができる（不動産登記法第39条）。
平成29年度第10問,不動産登記法,ウ,書面申請の方法による登記の申請であって登録免許税の納付を要するものを取り下げた者は、当該登記の申請書に貼り付けられた印紙で消印がされたものを当該取下げの日から1年以内に再使用したい旨の申出をすることができる。,×,登録免許税法上、印紙で納付した場合の再使用の制度（再使用証明）は廃止されており、還付通知の手続となる。
平成29年度第10問,不動産登記法,エ,書面申請の方法による登記の申請が却下されたときは、偽造された書面その他の不正な登記の申請のために用いられた疑いがある書面を除き、申請書及びその添付書面はいずれも還付される。,×,却下された場合、添付書面は還付されるが、申請書自体は登記所に保存されるため還付されない（不動産登記規則第38条）。
平成29年度第10問,不動産登記法,オ,委任による代理人によってされた登記の申請が却下されるときであっても、却下決定書は、当該登記の申請人に交付され、当該代理人に交付されることはない。,×,代理人によって申請された場合、却下決定書は代理人に対して交付（送達）される。
平成29年度第11問,不動産登記法,ア,表題部所有者であるAの住所が登記上の住所から数回にわたって変更を生じている場合であっても、直ちに現在の住所に変更する旨の表題部所有者の住所についての変更の登記を申請することができる。,○,表題部所有者の住所変更については、中間の住所変更の経過を省略して直ちに現在の住所に変更する登記を申請することができる。
平成29年度第11問,不動産登記法,イ,表題部所有者であるA及びBの持分が誤ってAは3分の2、Bは3分の1と登記されているが、真実の持分はAが4分の3、Bが4分の1である場合には、これを是正するためのA及びBの持分についての更正の登記は、Bの承諾を証する情報を提供しても、Aが単独で申請することはできない。,×,持分の更正登記は原則として共有者全員で申請するが、他の共有者（B）の承諾を証する情報を提供した場合には、Aが単独で申請することができる（不動産登記規則第10条）。
平成29年度第11問,不動産登記法,ウ,表題部所有者がA及びBである場合において、Bが死亡してその相続人がAのみであるときは、Aは自己のみを表題部所有者とする表題部所有者の変更の登記を申請することができる。,×,表題部所有者に相続が生じた場合、相続による表題部所有者の変更登記は認められておらず、相続人名義で直接所有権保存登記を申請する必要がある。
平成29年度第11問,不動産登記法,エ,真実の所有者がA及びBであるにもかかわらず、Bのみが表題部所有者として登記されている場合において、A及びBが、Aの持分を2分の1、Bの持分を2分の1とする表題部所有者についての更正の登記を申請するときは、新たに表題部所有者となるAの住所を証する情報を提供しなければならない。,○,表題部所有者の更正により新たに表題部所有者として記録される者（A）については、住所を証する情報（住民票等）を提供しなければならない。
平成29年度第11問,不動産登記法,オ,表題部所有者である特例有限会社Aは、その商号中に株式会社という文字を用いる商号の変更をした場合であっても、表題部所有者の名称についての変更の登記を申請することができない。,×,特例有限会社が株式会社へ移行した場合、法人格の同一性は維持されるため、表題部所有者の名称についての変更の登記を申請することができる。
平成29年度第12問,不動産登記法,ア,地図に準ずる図面に表示された土地の地番に誤りがある場合において、その訂正の申出をするときは、地図訂正申出情報と併せて土地所在図又は地積測量図を提供しなければならない。,×,地番の訂正など、土地の形状や区画に関わらない誤りの訂正申出においては、土地所在図や地積測量図の提供は不要である。
平成29年度第12問,不動産登記法,イ,地図に準ずる図面に表示された土地の形状に誤りがある場合において、その訂正の申出をするときは、地図訂正申出情報と併せて土地所在図又は地積測量図を提供しなければならない。,○,土地の形状に誤りがある場合（筆界の訂正等）には、正しい形状を示す土地所在図又は地積測量図を提供しなければならない。
平成29年度第12問,不動産登記法,ウ,地図に表示された隣接する二筆の土地の区画の誤りの訂正の申出をする場合において、当該土地が同一の登記所の管轄区域内にあるときは、一の地図訂正申出情報により申出をすることができる。,○,同一の登記所の管轄区域内にあり、訂正の目的が密接に関連する場合には、一の申出情報によって申し出ることができる。
平成29年度第12問,不動産登記法,エ,地図に表示された土地の区画に誤りがある場合に、当該土地の所有権を売買により取得した者は、所有権の移転の登記を受ける前であっても、当該土地の区画の誤りの訂正の申出をすることができる。,×,地図の訂正の申出をすることができるのは、その土地の表題部所有者又は所有権の登記名義人に限られる（未登記の取得者は申出できない）。
平成29年度第12問,不動産登記法,オ,地図に表示された土地の区画に誤りがある場合において、当該土地の登記記録の地積に錯誤があるときは、当該土地の区画の誤りの訂正の申出は、地積に関する更正の登記の申請と併せてしなければならない。,○,地図の区画訂正の結果として地積の更正が必要となる場合には、区画訂正の申出は地積更正登記の申請と併せて行わなければならない（不動産登記規則第15条第3項）。
平成29年度第13問,不動産登記法,ア,分筆線を誤って申請されたことによる分筆の登記を是正する場合には、地積に関する更正の登記を申請する。,○,錯誤による分筆登記を是正する場合、分筆登記の抹消ではなく、分筆に係る双方の土地について地積及び筆界の更正登記を申請して是正する。
平成29年度第13問,不動産登記法,イ,天災等の自然現象によって一筆の土地の一部が常時海面下に没する状態になった場合には、地積に関する変更の登記を申請する。,○,土地の一部が常時海面下に没して復旧の見込みがない場合、その部分は土地としての性質を失うため、一部滅失として地積変更の登記を申請する。
平成29年度第13問,不動産登記法,ウ,天災等の自然現象によって一筆の土地の全部が海面下に没したが、その状態が一時的なものである場合には、滅失の登記を申請する。,×,一時的に海面下に没したにすぎず、将来復旧の見込みがある場合には、土地としての性質を失っていないため滅失の登記の対象とはならない。
平成29年度第13問,不動産登記法,エ,一筆の土地の全部が河川法第6条第1項の河川区域内の土地になった場合には、河川区域内の土地である旨の登記をする。,×,※法改正により当該登記は廃止。平成24年の不動産登記法改正により、河川区域内である旨の登記は廃止されたため、現在このような登記はなされない。
平成29年度第13問,不動産登記法,オ,河川法第6条第1項の河川区域内の一筆の土地の一部が滅失した場合には、分筆及び滅失の登記を申請する。,×,土地の一部が滅失した場合に行うのは「分筆」ではなく、一部滅失を原因とする「地積の変更の登記」である。
平成29年度第14問,不動産登記法,ア,Aを所有権の登記名義人とする甲土地と乙土地のうち、乙土地にのみ抵当権の設定の登記がされている場合には、当該抵当権の登記名義人が作成した当該抵当権を消滅させることを承諾したことを証する情報を添付して、甲土地を乙土地に合筆する登記を申請することができる。,×,一部の土地にのみ抵当権が存在する場合、承諾書を添付するだけでは合筆できず、事前に抵当権の抹消登記を完了させなければならない。
平成29年度第14問,不動産登記法,イ,甲土地と乙土地に、登記の目的、申請の受付の年月日及び受付番号並びに登記原因及びその日付が同一の抵当権の設定の登記がされている場合において、その後、甲土地についてのみ抵当権の順位の変更の登記がされているときは、甲土地を乙土地に合筆する登記を申請することはできない。,○,共同抵当権であっても、その後に一方のみ順位変更等の登記がなされると権利関係の同一性が失われるため、合筆は制限される。
平成29年度第14問,不動産登記法,ウ,甲土地の所有権の登記名義人がA、乙土地の所有権の登記名義人がBである場合において、Aが死亡してその相続人がBのみであるときは、甲土地の所有権の移転の登記をしなくても、BがAの唯一の相続人であることを証する情報を提供すれば、合筆の登記を申請することができる。,×,合筆するためには所有権の登記名義人が同一である必要があるため、事前にAからBへの相続による所有権移転登記を完了させなければならない。
平成29年度第14問,不動産登記法,エ,乙土地の所有権の登記名義人であるAを地上権者とする地上権の設定の登記が、Bを所有権の登記名義人とする甲土地にされている場合には、その後にAが甲土地の所有権の登記名義人になったときであっても、当該地上権の抹消の登記をした後でなければ、合筆の登記を申請することはできない。,○,Aが甲土地を取得したことで自己の土地に地上権を有することになり（混同の原則）、合筆においては権利関係を整理するため、混同による地上権抹消登記を先行しなければならない。
平成29年度第14問,不動産登記法,オ,地図を作成するために必要があると認めるときは、甲土地と乙土地の所有権の登記名義人であるAに異議があるときであっても、登記官は、職権で、合筆の登記をすることができる。,×,地図作成作業に伴う登記官の職権合筆であっても、所有権の登記名義人から異議が述べられた場合には行うことができない（不動産登記法第41条）。
平成29年度第15問,不動産登記法,ア,新築した建物又は区分建物以外の表題登記がない建物の所有権を取得した者は、その所有権の取得の日から1月以内に、表題登記を申請しなければならない。,○,建物を新築した者や未登記建物の所有権を取得した者は、取得の日から1箇月以内に建物の表題登記を申請する義務を負う（不動産登記法第47条第1項）。
平成29年度第15問,不動産登記法,イ,区分建物である建物が新築され、その表題登記完了後に規約敷地が生じたときであっても、区分建物の表題部所有者は、区分建物の表題部の変更の登記を申請することを要しない。,×,事後的に規約敷地が生じた場合、敷地権の変更が生じるため、区分建物の所有者は1箇月以内に表題部の変更登記を申請する義務がある（不動産登記法第51条）。
平成29年度第15問,不動産登記法,ウ,いずれも表題登記があるが所有権の登記がない二以上の建物が合体して1個の建物となった場合には、当該建物の表題部所有者は、当該合体の日から1月以内に、合体後の建物についての建物の表題登記及び合体前の建物についての建物の表題部の登記の抹消を申請しなければならない。,○,建物の合体が生じた場合、合体の日から1箇月以内に、合体後の建物の表題登記及び合体前の建物の表題部抹消登記を申請しなければならない（不動産登記法第49条第1項）。
平成29年度第15問,不動産登記法,エ,区分建物の種類に変更があった後に共用部分である旨の登記がされた場合には、当該登記がされた区分建物の所有者は、共用部分である旨の規約を設定した日から1月以内に、当該区分建物の種類の変更の登記を申請しなければならない。,×,共用部分である旨の登記がなされると、表題部所有者や所有権登記名義人の表示が抹消されるため、以後の物理的現況の変更登記は管理者が行うことになり、元の所有者は申請義務を負わない。
平成29年度第15問,不動産登記法,オ,甲区分建物及び乙区分建物からなる一棟の建物の床面積に変更がある場合において、甲区分建物の所有権の登記名義人が、当該一棟の建物の表題部の変更の登記を申請したときは、乙区分建物の所有権の登記名義人も、当該一棟の建物の表題部の変更の登記を申請しなければならない。,×,一棟の建物の表示に関する変更登記は、区分所有者の一人が申請すれば全員のためにその効力が生じるため、他の区分所有者が重ねて申請する義務はない。
平成29年度第16問,不動産登記法,ア,主要構造部が鉄骨造であって、壁構造ではない建物で、当該建物の外壁に軽量気泡コンクリートを使用している場合には、建物の構造欄には、「鉄骨・鉄筋コンクリート造」と表示する。,×,ALC（軽量気泡コンクリート）は外壁材にすぎず主要構造部ではないため、この建物の構造欄の主たる部分は「鉄骨造」と表示される。
平成29年度第16問,不動産登記法,イ,床面積が100.00平方メートルの平家建の建物で、当該建物の床面積の65.00平方メートルの部分の屋根がスレートでふかれており、残りの床面積の部分の屋根がかわらでふかれているときは、建物の構造欄には、かわら及びスレートをいずれも表示の対象とするが、順序は問わない。,×,異なる屋根材が用いられている場合、施工面積の広いものから順に表示するルールであるため、「スレート・かわらぶき」と表示しなければならない。
平成29年度第16問,不動産登記法,ウ,2階層からなる建物の2階層部分の天井の上に、収納式の階段を利用して出入りする構造で物置として使用されている屋根裏部屋がある場合において、当該屋根裏部屋の床から天井までの高さが1.5メートルであるときは、建物の構造欄には、「3階建」と表示する。,○,屋根裏部屋であっても、天井高が1.5m以上あるなどの要件を満たせば床面積に算入され、1つの階層として扱われるため「3階建」と表示される。
平成29年度第16問,不動産登記法,エ,3階層からなる建物の1階層部分の床面が地盤面下にある場合において、1階層部分の床面から地盤面までの高さが1.1メートルで1階層部分の床面から1階層部分の天井までの高さが2.7メートルのときは、建物の構造欄には、「3階建」と表示する。,×,床面から地盤面までの高さ（1.1m）が天井高（2.7m）の3分の1以上であるため、この階は「地階」に該当し、「地下1階付2階建」等と表示しなければならない。
平成29年度第16問,不動産登記法,オ,店舗として使用されている平家建の建物が鉄骨の柱により地盤面から2.0メートル床上げされている場合において、床上げされた場所が外気と遮断する壁のない店舗用の駐車場として使用されているときは、建物の構造欄には、「平家建」と表示する。,○,高床式建物の下部が外気と分断されていない駐車場等である場合、その部分は階数（床面積）に算入されないため、構造は「平家建」となる。
平成29年度第17問,不動産登記法,ア,Aを表題部所有者とする区分建物ではない甲建物に接続してBにより乙区分建物が新築されて一棟の建物となったことによって、甲建物が区分建物になった場合において、甲建物の表題部の変更の登記及び乙区分建物についての表題登記を申請するときは、A及びBは、住所を証する情報を提供しなければならない。,×,Aは既に甲建物の表題部所有者として登記されているため、新たに表題部所有者となるわけではなく、住所証明情報の提供は不要である。
平成29年度第17問,不動産登記法,イ,甲区分建物が属する一棟の建物が所在する土地を分筆したことにより当該一棟の建物が所在する土地の地番が変更した場合において、甲区分建物についての表題部の変更の登記を申請するときは、添付情報として変更後の建物図面及び各階平面図を提供しなければならない。,×,敷地の分筆により地番が変更されたことに伴う建物の所在の変更登記においては、建物の物理的形状等に変化がないため、建物図面等の提供は不要である。
平成29年度第17問,不動産登記法,ウ,いずれも表題登記がある区分建物ではない甲建物及び乙建物が増築工事により相互に接続して区分建物になった場合には、甲建物及び乙建物についての表題部の変更の登記の申請は、一括してしなければならない。,○,非区分建物同士が接続して区分建物となる変更登記は、一棟の建物全体の構成を明らかにするため、一括して申請しなければならない（不動産登記法第51条）。
平成29年度第17問,不動産登記法,エ,所有権が敷地権として登記されているいずれも主である甲区分建物及び乙区分建物を区分合併して、これらの区分建物が属する一棟の建物が区分建物ではない建物になった場合におけるこれらの区分建物の区分合併の登記の申請は、敷地権の表示を抹消するための区分建物の表題部の変更の登記の申請と併せてしなければならない。,○,区分合併により非区分建物となる場合、敷地権という概念が存在しなくなるため、敷地権の抹消登記（表題部変更）と併せて申請しなければならない。
平成29年度第17問,不動産登記法,オ,甲区分建物の所有権の原始取得者が甲区分建物の表題登記を申請しない場合には、甲区分建物の転得者は、当該原始取得者に代位して甲区分建物の表題登記を申請することができる。,×,区分建物の転得者は、原始取得者に代位するのではなく、直接自己を表題部所有者とする表題登記を「自ら」申請することができる（不動産登記法第47条第2項）。
平成29年度第18問,不動産登記法,ア,建物の所有権の登記名義人が当該建物を自ら取り壊した場合において、当該建物の滅失の登記の申請をするときは、当該登記名義人の印鑑に関する証明書を添付しなければならない。,×,建物の滅失登記は表示に関する登記であり、登記義務者が権利を失う権利の登記ではないため、申請書への実印の押印や印鑑証明書の添付は義務付けられていない。
平成29年度第18問,不動産登記法,イ,建物図面が備え付けられていない建物を取り壊した場合において、当該建物の滅失の登記の申請をするときは、当該建物が存していた場所を特定するために建物図面を添付しなければならない。,×,建物が滅失して物理的に存在しなくなったことの登記であるため、所在を特定するための新たな建物図面を作成・添付する必要はない。
平成29年度第18問,不動産登記法,ウ,団地共用部分である旨の登記がある建物の滅失の登記を申請する場合には、当該建物の所有者を証する情報を添付しなければならない。,○,団地共用部分である旨の登記により権利に関する登記が抹消されているため、申請人が正当な所有者（管理者等）であることを証する情報の提供が必要である。
平成29年度第18問,不動産登記法,エ,借地上に存する建物の所有権の登記名義人が当該建物を建替えのために取り壊した場合には、当該借地に賃借権の設定の登記がされていないときであっても、当該建物の所有権の登記名義人は、当該建物の滅失の登記を申請しなければならない。,○,借地権の登記の有無に関わらず、建物が滅失した事実があれば、所有者は1箇月以内に建物の滅失登記を申請する義務を負う。
平成29年度第18問,不動産登記法,オ,抵当権の設定の登記がある建物が焼失した場合において、当該建物の滅失の登記の申請をするときは、当該抵当権の登記名義人の承諾を証する情報を添付しなければならない。,×,建物の焼失による滅失は客観的な物理的事実に基づくものであり、利害関係人（抵当権者）の承諾は不要である。
平成29年度第19問,不動産登記法,ア,筆界調査委員は、対象土地の筆界特定のために必要な事実の調査に当たっては、筆界特定が対象土地の所有権の境界の特定をも目的とするものであることに留意しなければならない。,×,筆界特定制度はあくまで公法上の境界である「筆界」を特定するものであり、私法上の「所有権の境界」の特定を目的とするものではない。
平成29年度第19問,不動産登記法,イ,筆界調査委員は、あらかじめ、筆界特定の申請人及び関係人に対し、対象土地の測量又は実地調査を行う旨並びにその日時及び場所を通知して、これに立ち会う機会を与えた場合には、当該申請人及び関係人が立会いをしないときであっても、当該筆界調査委員は、当該対象土地の測量又は実地調査をすることができる。,○,立ち会う機会を事前に与えていれば、申請人等が実際に立ち会わなかった場合でも、実地調査等を行うことができる（不動産登記法第137条第2項）。
平成29年度第19問,不動産登記法,ウ,筆界調査委員は、意見聴取等の期日に立ち会う場合には、筆界特定登記官の許可を得なくとも、筆界特定の申請人若しくは関係人又は参考人に対し質問を発することができる。,×,筆界調査委員が期日において申請人等に質問を発するには、期日を主宰する筆界特定登記官の許可を得なければならない。
平成29年度第19問,不動産登記法,エ,筆界調査委員は、筆界特定のために、柵で囲まれた他人の占有する土地の実地調査をする場合において、当該土地の占有者の承諾があるときは、日出前であっても、当該土地に立ち入ることができる。,○,原則として日出前・日没後の立ち入りは禁止されているが、土地の占有者の承諾がある場合には立ち入ることができる（不動産登記法第134条第2項ただし書）。
平成29年度第19問,不動産登記法,オ,筆界特定の関係人は、筆界が特定されるまでの間は、当該筆界特定の手続において作成された調書及び提出された資料を閲覧することはできない。,×,筆界特定の関係人は、手続の係属中（特定される前）であっても、作成された調書や提出資料の閲覧を請求することができる（不動産登記法第141条）。
平成29年度第20問,土地家屋調査士法,ア,土地家屋調査士法人は、定款又は総社員の同意によって、社員のうち特に土地家屋調査士法人を代表すべきものを定めることができる。,○,土地家屋調査士法人は、原則として各自が法人を代表するが、定款又は総社員の同意により特定の代表社員を定めることができる（土地家屋調査士法第36条の2）。
平成29年度第20問,土地家屋調査士法,イ,土地家屋調査士法人の社員である土地家屋調査士は、全て業務を執行する権利を有し、義務を負う。,○,法人の社員は、原則として法人の業務を執行する権利を有し、かつ義務を負う（土地家屋調査士法第35条の2）。
平成29年度第20問,土地家屋調査士法,ウ,土地家屋調査士法人の社員である土地家屋調査士は、土地家屋調査士の登録の取消しがあった場合であっても、総社員の同意がなければ、当該法人の社員を脱退することはない。,×,土地家屋調査士の登録の取消しは法定の退社事由とされており、総社員の同意の有無に関わらず、その社員は当然に法人を退社する（土地家屋調査士法第36条の4）。
平成29年度第20問,土地家屋調査士法,エ,土地家屋調査士法人は、その事務所に、当該事務所の所在地を管轄する法務局又は地方法務局の管轄区域内に設立された土地家屋調査士会の会員である社員を常駐させなければならない。,○,法人は、主たる事務所及び従たる事務所ごとに、その管轄区域内の調査士会の会員である社員を常駐させなければならない（土地家屋調査士法第33条）。
平成29年度第20問,土地家屋調査士法,オ,土地家屋調査士法人の社員は、調査士でなければならず、原則として社員は2人以上必要となる。,×,※法改正により現在は社員1名の法人（一人法人）の設立・存続が可能となっているため、「原則として2人以上必要」とする記述は誤りである。
平成28年度第1問,民法,ア,AがBに対して、貸金の返還の催告をした後、その6か月以内に再び催告をしたときは、その時から6か月を経過するまでの間は、時効は、完成しない。,×,催告による時効の完成猶予は、催告があった時から6箇月間であるが、催告によって完成猶予されている間に再度催告をしても、その効力（再度の完成猶予）は生じない（民法第150条第2項）。
平成28年度第1問,民法,イ,AのBに対する貸金返還請求を認容する判決が確定したときは、裁判上の請求によって完成が猶予された時効は、当該判決が確定した時から、新たにその進行を始める。,○,裁判上の請求によって時効の完成が猶予され、確定判決によって権利が確定したときは、時効は新たにその進行を始める（更新される）（民法第147条第2項）。
平成28年度第1問,民法,ウ,AがBに対して貸金返還請求の訴えを提起した場合には、その訴訟手続におけるAの権利行使の意思の表示は、その訴えが取り下げられたときにおいても、Bに対する催告としての効力を有するため、訴えの取下げの時から6か月を経過するまでの間は、時効は、完成しない。,○,訴えが取り下げられた場合、裁判上の請求による時効の更新の効力は生じないが、訴え提起は「催告」としての効力を有するため、取下げの時から6箇月間は時効の完成が猶予される（民法第147条第1項、第150条第1項）。
平成28年度第1問,民法,エ,時効の完成前にBがAに対して債務の一部弁済として50万円を支払ったときは、当該債務の残部について時効の完成が更新されない。,×,一部弁済は債務の「承認」に該当するため、残部を含めた債務全体について時効の更新の効力が生じる（民法第152条第1項）。
平成28年度第1問,民法,オ,時効の完成後にBがAに対して債務の承認をしたときは、Bは、その後その時効の援用をすることができない。,○,時効完成後に債務を承認した者は、時効完成の事実を知らなかったとしても、信義則上、その後その時効を援用することは許されない（判例）。
平成28年度第2問,民法,ア,土地の所有者が隣地の所有者と共同して境界標を設けるときは、その設置の費用は、双方の土地の広狭に応じて分担する。,×,境界標の設置費用は、相隣者が「等しい割合」で負担する。ただし、測量の費用は、その土地の広狭に応じて負担する（民法第226条）。
平成28年度第2問,民法,イ,境界線から50センチメートル以上の距離を保たないで建物の建築をしようとする者があるときであっても、建築に着手した時から1年を経過した後は、隣地の所有者は、その建築を中止させることができない。,○,境界線から50センチメートル以上の距離を保たない建築について、建築に着手した時から1年を経過したとき、又はその建物が完成した後は、隣地所有者は損害賠償の請求のみをすることができる（民法第234条第2項）。
平成28年度第2問,民法,ウ,土地の所有者は、隣地の竹木の枝が境界線を越えるときは、その枝を切り取ることができる。,×,※法改正により現在は原則×・例外○（当時の正解は×）。旧法・原則として自ら切り取ることはできず、隣地所有者に切除させる必要があった。令和3年改正により、催告しても切除しない場合等には自ら切り取ることができるようになった（民法第233条第3項）。ただし、原則は隣地所有者に切除させることであるため、無条件に切り取れるとする本肢は依然として誤りといえる。
平成28年度第2問,民法,エ,土地の所有者は、境界の付近において建物を修繕するため必要があるときであっても、隣人の承諾がなければ、その住家に立ち入ることはできない。,○,※法改正により現在は○。令和3年改正により隣地使用権が明確化されたが、隣人の「住家」に立ち入るには、その者の承諾がなければならないというルールは維持されている（民法第209条第1項ただし書）。
平成28年度第2問,民法,オ,Aがその所有する土地を甲土地と乙土地とに分筆して甲土地をBに譲渡し、これにより甲土地が乙土地及びC所有の丙土地に囲まれた袋地（公道に通じない土地）となった場合において、Aが乙土地をDに譲渡したときは、Bは、公道に至るため、丙土地を通行することができる。,×,土地の分割又は一部譲渡によって袋地が生じた場合、通行権は他の分割者（又は譲渡人・譲受人）の所有地にのみ認められる（民法第213条）。その特定承継人に対しても当該土地のみを通行でき、関係のない第三者の土地（丙土地）は通行できない。
平成28年度第3問,民法,ア,被相続人は、遺言で、相続開始の時から5年を超えない期間を定めて、遺産の分割を禁ずることはできない。,×,被相続人は、遺言で、相続開始の時から5年を超えない期間を定めて、遺産の分割を禁ずることができる（民法第908条）。
平成28年度第3問,民法,イ,相続財産中に可分債権があるときは、その債権は相続開始の時に法律上当然分割され、各共同相続人がその相続分に応じて権利を承継する。,×,※判例変更により現在は×（当時の正解は○）。預貯金等の可分債権について、かつては当然分割されるとされていたが、最高裁平成28年12月19日決定により、預貯金債権は遺産分割の対象となると判例変更された。
平成28年度第3問,民法,ウ,相続人は、遺産の分割までの間は、相続開始の時に存した金銭を相続財産として保管している他の相続人に対して、遺産に属する預貯金債権のうち相続開始の時の債権額の3分の1に自己の相続分を乗じた額（法務省令で定める額を限度とする。）については、単独でその権利を行使することができる。,×,※法改正による新制度。平成30年改正（民法第909条の2）により、各共同相続人は遺産に属する預貯金債権の一定額（口座ごとに基準額の3分の1×法定相続分）を単独で行使できるようになったが、「保管している他の相続人に対して」行使するものではなく、金融機関に対して直接行使するものであるため、記述は誤り。
平成28年度第3問,民法,エ,相続の開始後認知によって相続人となった者が遺産の分割を請求しようとする場合に、他の共同相続人において既に遺産分割協議が成立していたときは、価額のみによる支払の請求権を有する。,○,相続開始後に認知された者が遺産分割を請求する場合において、他の共同相続人が既にその分割その他の処分をしていたときは、価額のみによる支払の請求権を有する（民法第910条）。
平成28年度第3問,民法,オ,共同相続人間において遺産分割協議が成立した場合に、相続人の一人がその協議において負担した債務を履行しないときは、その債権を有する相続人は、債務不履行を理由としてその協議を解除することができる。,×,遺産分割協議は、共同相続人の一人が協議において負担した債務を履行しない場合であっても、他の相続人は債務不履行を理由として解除することはできない（判例）。
平成28年度第4問,不動産登記法,1,①は「権利関係」、③は「登記情報」、⑤は「表題部と権利部」、⑦は「種類」である。,×,A（表示に関する登記）が公示するのは「物理的状況」である。
平成28年度第4問,不動産登記法,2,①は「物理的状況」、③は「登記情報」、⑤は「甲区と乙区」、⑦は「種類」である。,×,登記記録の区分は「表題部と権利部」であり、「甲区と乙区」は権利部内の区分である。
平成28年度第4問,不動産登記法,3,①は「物理的状況」、③は「登記事項」、⑤は「表題部と権利部」、⑦は「用途」である。,○,A（表示）は「物理的状況」、B（権利）は「権利関係」を公示する。登記記録は「登記事項」を「表題部と権利部」に区分して記録する。建物の要件は「用途」に供し得る状態にあることである。
平成28年度第4問,不動産登記法,4,①は「権利関係」、③は「登記情報」、⑤は「甲区と乙区」、⑦は「種類」である。,×,A（表示に関する登記）が公示するのは「物理的状況」である。
平成28年度第4問,不動産登記法,5,①は「権利関係」、③は「登記事項」、⑤は「表題部と権利部」、⑦は「用途」である。,×,A（表示に関する登記）が公示するのは「物理的状況」である。
平成28年度第5問,不動産登記法,ア,特例方式により添付情報を提供するときは、各添付情報につき書面を提出する方法によるか否かの別を申請情報の内容とすることを要しない。,×,特例方式を利用する場合、添付情報のうちどの情報を書面で提出するのかを申請情報の内容としなければならない（不動産登記令附則第5条第1項）。
平成28年度第5問,不動産登記法,イ,書面に記載されている添付情報を登記所に提出する方法は、当該書面を登記所へ持参する方法及び送付する方法のいずれによることもできる。,○,特例方式における書面の提出は、持参または送付の方法のいずれでもよい（不動産登記令附則第5条第1項）。
平成28年度第5問,不動産登記法,ウ,書面に記載されている添付情報を送付する方法により提出するときは、書留郵便又は信書便の役務であって当該信書便事業者において引受け及び配達の記録を行うものによらなければならない。,○,特例方式における書面の送付は、書留郵便や配達記録が残る信書便によらなければならない（不動産登記規則附則第15条第2項）。
平成28年度第5問,不動産登記法,エ,申請の却下又は取下げがあったときは、特例方式により提出された添付書面は、偽造された書面その他の不正な登記の申請のために用いられた疑いのある書面を除き、申請人に還付される。,○,申請の却下又は取下げがあった場合、偽造等の疑いがある書面を除き、提出された添付書面は還付される。
平成28年度第5問,不動産登記法,オ,特例方式により提出された添付書面については、原本の還付を請求することができない。,×,特例方式により提出された書面であっても、通常の書面申請と同様に、原本の還付を請求することができる。
平成28年度第6問,不動産登記法,ア,土地の表題登記を申請する場合には、所有者の住所を証する情報として提供する市町村長が作成した当該所有者についての印鑑に関する証明書は、作成後3か月以内のものでなければならない。,×,所有者の住所を証する情報（住民票の写し等）については、作成後3箇月以内という有効期間の制限はない（※印鑑証明書を住所証明情報として援用する場合も同様に制限はない）。
平成28年度第6問,不動産登記法,イ,土地の分筆の登記を申請する場合には、申請人は、分筆後の土地の所在する市、区、郡、町、村及び字並びに当該土地の地目及び地積を申請情報の内容としなければならない。,○,分筆登記の申請においては、分筆後の各土地の所在、地番、地目及び地積を申請情報の内容とする必要がある（不動産登記令第3条等）。
平成28年度第6問,不動産登記法,ウ,土地の合筆の登記を申請する場合には、所有権の登記名義人が登記識別情報を提供することができないときに提供する資格者代理人が作成した本人確認情報は、作成後3か月以内のものでなければならない。,×,資格者代理人が作成する「本人確認情報」自体には「作成後3箇月以内」という有効期間は定められていない（※添付する職印証明書は3箇月以内の制限がある）。
平成28年度第6問,不動産登記法,エ,書面により所有権の登記がある土地の合筆の登記を申請する場合には、当該登記の申請のためにのみ作成された委任状については、原本の還付を請求することができない。,○,当該登記申請のためだけに作成された委任状などの書類は、原本還付を請求することができない（不動産登記規則第55条第1項ただし書）。
平成28年度第6問,不動産登記法,オ,会社法人等番号を有する法人が土地の地目の変更の登記を申請する場合には、当該会社法人等番号を申請情報と併せて提供しなければならない。,○,法人が申請人となる場合、原則として会社法人等番号を提供しなければならない（不動産登記令第7条第1項第1号）。
平成28年度第7問,不動産登記法,ア,委任状において、A、B及びCの3人が登記の申請について代理人として選任されていることが明らかである場合には、A、B及びCは、特に共同代理の定めがされていないときであっても、共同して登記の申請の手続を代理しなければならない。,×,複数の代理人が選任された場合、特に共同して代理する旨の定めがない限り、各代理人は単独で代理することができる（民法第114条）。
平成28年度第7問,不動産登記法,イ,Aが所有権の登記名義人である土地の合筆の登記の申請について委任を受けた代理人Bが死亡したときは、Bを単独で相続したCは、AからBへの委任状及び相続を証する情報を添付して当該登記を申請することができる。,×,代理人の死亡は委任の終了事由であるため（民法第653条第2号）、代理人の相続人Cは代理権を承継せず、当該登記を申請することはできない。
平成28年度第7問,不動産登記法,ウ,委任による代理人により土地の分筆の登記を申請した後に、申請意思の撤回により当該代理人が当該登記の申請を取り下げるときは、当該登記の申請の取下げに関する委任状を添付しなければならない。,○,登記申請の取下げは特別な権限（特別の委任）を要するため、取下げに関する具体的な委任を証する情報（委任状）が必要である。
平成28年度第7問,不動産登記法,エ,未成年者が所有する土地の地積の更正の登記の申請の委任を親権者から受けた代理人は、その後に当該親権者について破産手続開始の決定がされたときは、当該登記を申請することができない。,×,法定代理人（親権者）の破産手続開始の決定は、委任の終了事由（民法第653条）には該当せず、また法定代理権の消滅事由でもないため、代理人は引き続き登記を申請することができる。
平成28年度第7問,不動産登記法,オ,所有権の登記名義人から土地の地目の変更の登記の申請の委任を受けた代理人は、当該登記を申請するまでの間に所有権の登記名義人が死亡したときであっても、当該登記を申請することができる。,○,登記申請の委任に基づく代理権は、本人の死亡によって消滅しない（不動産登記法第17条第1号）。したがって、代理人は引き続き登記を申請することができる。
平成28年度第8問,不動産登記法,ア,Aが所有権の登記名義人である土地について、AがBに売却した後、その旨の所有権の移転の登記をする前に地目に変更が生じた場合、当該移転の登記をするまでの間は、Aが、当該土地の地目の変更の登記の申請をしなければならない。,×,地目に変更が生じた場合の変更登記の申請義務は「表題部所有者又は所有権の登記名義人」にあるが、実体上の所有権が移転している場合、真の所有者であるBがAに代位して申請することも可能であり、Aのみが申請義務を負うわけではない。また所有権移転の登記前であっても実体上所有権を取得したBが登記名義人となるための前提としてA名義で変更登記をするのが実務の建前であるが、Aのみが義務を負うという表現は誤り。
平成28年度第8問,不動産登記法,イ,甲土地と乙土地が別の地目で登記されているときは、地目の変更の登記と合筆の登記の申請は、一の申請情報によってすることができない。,×,地目が異なる土地の合筆はできないが、合筆後の地目が同一となるような地目変更登記と合筆登記は、一の申請情報によって一括して申請することができる。
平成28年度第8問,不動産登記法,ウ,地上権を敷地権とする敷地権である旨の登記がされた土地の地目の変更の登記の申請は、当該土地を敷地権の目的とする区分建物の所有権の登記名義人がしなければならない。,×,敷地権の目的となっている土地の地目変更登記は、当該土地の所有権の登記名義人が申請すべきであり、区分建物の所有者（地上権者）が申請するものではない。
平成28年度第8問,不動産登記法,エ,地目を畑から宅地に変更する登記の申請をするときは、当該登記の原因日付として、その現状の変更が生じた日ではなく、農地法所定の許可があった日を申請情報の内容としなければならない。,×,地目の変更は物理的な現況の変更であるため、農地法の許可があった日ではなく、実際に現況が変更された日（造成完了日等）を登記原因の日付とする。
平成28年度第8問,不動産登記法,オ,地目の変更が数回あった土地について、いずれも地目の変更の登記がされていないときは、登記記録上の地目から直接現在の地目に変更する登記を申請することができる。,○,中間の地目変更の経過を省略して、現在の地目に直接変更する登記を申請することができる。
平成28年度第9問,不動産登記法,ア,土地の分筆の登記をし、分筆後の一筆の土地につき所有権の移転の登記をした後、当該分筆の登記の申請の際に添付情報として提供した地積測量図の分筆線に誤りがあることが発見された場合には、地図の訂正の申出により地図の分筆線を訂正することができる。,×,分筆線に誤りがあった場合、単なる地図の訂正ではなく、関係当事者の合意等に基づき、分筆の登記のやり直し（錯誤による抹消と再分筆、又は分筆線の更正登記）手続による必要がある。
平成28年度第9問,不動産登記法,イ,A及びBが所有権の登記名義人である土地に共有物分割禁止の定めの登記がある場合であっても、A及びBは、当該土地の分筆の登記を申請することができる。,○,共有物分割禁止の定めは「権利」の分割を禁ずるものであり、「土地」の物理的な分割である分筆登記を妨げるものではない。
平成28年度第9問,不動産登記法,ウ,A及びBが所有権の登記名義人である土地の分筆の登記を書面により申請する場合において、その申請書が2枚以上であるときは、A又はBのいずれかが、各用紙のつづり目に契印すれば足りる。,○,複数の申請人がいる場合、申請書の契印は、申請人のうちの1名が行えば足りる（不動産登記規則第36条第2項）。
平成28年度第9問,不動産登記法,エ,市街地地域内の土地の分筆の登記を申請する場合において、その土地を管轄する登記所に備え付けられている地図が乙1の精度区分で作成されており、かつ、当該土地の分筆前の地積と分筆後の地積の差が分筆前の地積を基準にして乙1の精度区分の限度内であるときは、地積に関する更正の登記の申請を要しない。,×,市街地地域（甲区分）において、備え付けの地図が乙区分の精度である場合、当該土地の地積の測定は甲区分の精度で行う必要があり、誤差が乙区分の限度内であっても、甲区分の公差を超える場合には地積の更正登記が必要となる。
平成28年度第9問,不動産登記法,オ,区分建物である建物の登記記録の表題部に敷地権の種類として賃借権が記録されている土地の分筆の登記は、当該区分建物において管理組合の理事長が管理者として定められているときは、当該理事長が単独で申請することができる。,×,敷地権の目的となっている土地の分筆登記は、当該土地の所有権の登記名義人が申請するものであり、区分建物の管理者（理事長）が申請できるものではない。
平成28年度第10問,不動産登記法,ア,地役権の登記がある承役地の合筆の登記を申請する場合において、地役権設定の範囲が合筆後の土地の一部であるときは、当該地役権設定の範囲を申請情報の内容としなければならない。,○,合筆後の土地の一部に地役権が存続する場合、その範囲を特定するために申請情報の内容としなければならない（不動産登記規則第104条第1項）。
平成28年度第10問,不動産登記法,イ,甲土地及び乙土地の地目がいずれも雑種地で、甲土地の地積測量図における面積が9.0173平方メートル、乙土地の地積測量図における面積が3.3057平方メートルであるときは、甲土地を乙土地に合筆する合筆の登記の申請情報の内容とする合筆後の地積は、12.32平方メートルである。,○,雑種地（宅地・鉱泉地以外）で10平方メートルを超える場合の地積の表示は、小数点以下第1位まで（第2位以下切り捨て）とするため、9.0173＋3.3057＝12.323となり、12.32平方メートルとなる。（規則100条）
平成28年度第10問,不動産登記法,ウ,甲土地及び乙土地の地目がいずれも保安林であるときは、保安林としての指定が解除されない限り、甲土地を乙土地に合筆する合筆の登記を申請することができない。,×,保安林であっても、相互に接続しており、所有者や地目等の合筆の要件を満たしていれば、合筆の登記を申請することができる。
平成28年度第10問,不動産登記法,エ,甲土地及び乙土地にいずれも質権の設定の登記がされている場合において、当該質権の設定の登記の申請の受付の年月日及び受付番号並びに登記原因及びその日付が同一であるときは、甲土地を乙土地に合筆する合筆の登記を申請することができる。,×,所有権以外の権利の登記がある土地は原則として合筆できない。例外として抵当権（共同抵当）等は認められるが、「質権」の設定登記がある場合は、受付番号等が同一であっても合筆の登記をすることはできない（不動産登記法第41条第1項第5号）。
平成28年度第10問,不動産登記法,オ,甲土地及び乙土地にいずれも信託の登記がされている場合には、当該信託の登記について各信託目録に記録された当該信託の登記の登記事項が同一であっても、甲土地を乙土地に合筆する合筆の登記を申請することができない。,×,信託目録に記録された登記事項が同一である信託の登記がある土地同士であれば、例外として合筆の登記を申請することができる（不動産登記法第41条第1項第5号かっこ書）。
平成28年度第11問,不動産登記法,ア,地積測量図は、0.2ミリメートル以下の細線により、図形を鮮明に表示しなければならない。,○,規則の通り。地積測量図の図形は、0.2ミリメートル以下の細線により鮮明に表示しなければならない（不動産登記規則第73条第1項）。
平成28年度第11問,不動産登記法,イ,地役権図面は、土地の状況その他の事情により適当でないときを除き、250分の1の縮尺により作成しなければならない。,×,地役権図面は、原則として500分の1の縮尺により作成しなければならない（不動産登記規則第86条第1項）。
平成28年度第11問,不動産登記法,ウ,地積測量図の縮尺がその土地について作成すべき土地所在図の縮尺と同一であって、当該地積測量図によって土地の所在を明確に表示することができるときは、当該地積測量図をもって土地所在図を兼ねることができる。,○,地積測量図の縮尺が土地所在図の縮尺と同一であり、土地の所在を明確にできる場合は、地積測量図をもって土地所在図を兼ねることができる（不動産登記規則第74条第3項）。
平成28年度第11問,不動産登記法,エ,地役権図面つづり込み帳につづり込まれた地役権図面は、閉鎖した日から30年間保存される。,×,閉鎖された地役権図面の保存期間は、法改正等により現在「閉鎖した日から50年間」とされている（不動産登記規則第28条第10号の2）。
平成28年度第11問,不動産登記法,オ,地積測量図に、基本三角点等に基づく測量の成果による筆界点の座標値を記録した場合には、方位を記録することを要しない。,○,基本三角点等に基づく座標値を記録した場合には、それによって方位が客観的に明らかになるため、方位の記録は不要とされている（不動産登記規則第77条第4項）。
平成28年度第12問,不動産登記法,ア,共同住宅として登記されている甲建物を、階層的に区分してその一部を1個の建物とする場合において、建物の構造を記録するときは、屋根の種類を記録することを要しない。,○,区分建物の構造には、「屋根の種類」を記録しないものとされている（不動産登記規則第114条第2項）。
平成28年度第12問,不動産登記法,イ,2階建ての甲建物がガード下に新築された場合において、建物の構造を記録するときは、階数による区分として「ガード下2階建」と記録する。,×,ガード下に建築された建物であっても、建物の構造欄に「ガード下」といった特有の表記をすることはなく、単に「2階建」等と記録する（不動産登記事務取扱手続準則第81条）。
平成28年度第12問,不動産登記法,ウ,一室の一部に天井の高さが1.5メートル未満の部分がある場合、その部分は当該一室の面積に算入しない。,×,天井の高さが1.5メートル未満であっても、壁等で区画された一室の内部空間であれば、原則としてその部分も床面積に算入される。
平成28年度第12問,不動産登記法,エ,停車場の上屋を有する乗降場及び荷物積卸場の床面積は、地下道設備があるときは、その上屋の占める部分の乗降場及び荷物積卸場の面積に当該地下道設備の面積を算入して計算する。,×,地下道設備の面積を乗降場等の面積に加算する規定はない。
平成28年度第12問,不動産登記法,オ,建物に附属する屋外の階段は、雨除けの屋根や手すりが設置されている場合であっても、床面積に算入しない。,○,屋外の階段は建物の内部に存するとはいえないため、屋根や手すりが設置されていても床面積には算入されない（不動産登記事務取扱手続準則第82条）。
平成28年度第13問,不動産登記法,ア,甲建物に抵当権の登記がある場合において、本件分割登記の申請情報と併せて、当該抵当権の登記名義人が当該抵当権を分割後の乙建物について消滅させることを承諾したことを証する情報が提供されたときは、当該抵当権の登記は分割後の甲建物のみに存続することになる。,○,抵当権者の承諾情報を添付した場合、分割された乙建物については抵当権が消滅し、分割元の甲建物のみに抵当権が存続する。
平成28年度第13問,不動産登記法,イ,本件分割登記を申請する場合において、甲建物に共用部分である旨の登記があるときは、建物の所有者を証する情報の添付を要しない。,×,共用部分である旨の登記がある建物には所有権の登記名義人の表示がないため、申請人がその建物の正当な所有者であることを証する情報を提供しなければならない。
平成28年度第13問,不動産登記法,ウ,甲建物の附属建物の所有権を取得した者は、甲建物の所有権の登記名義人に代位して、本件分割登記を申請することはできない。,×,表示に関する登記については、実体上の権利を取得した者が、登記名義人に代位して登記を申請することができる（不動産登記法第42条）。
平成28年度第13問,不動産登記法,エ,本件分割登記に係る分割により不動産所在事項に変更が生じたときは、変更後の不動産所在事項、分割により変更した旨及び変更前の不動産所在事項を抹消する記号が記録される。,○,建物の分割に伴って所在が変更となる場合、変更後の所在及び分割による旨を記録し、変更前の所在を抹消する記号が記録される。
平成28年度第13問,不動産登記法,オ,分割前の甲建物について現に効力を有する所有権の登記がされた後当該分割に係る附属建物の新築による当該分割前の甲建物の表題部の登記事項に関する変更の登記がされていたときは、乙建物の登記記録に当該所有権の登記が転写される。,○,附属建物を分割して独立の建物（乙建物）とする場合、分割前の建物に所有権の登記があるときは、乙建物の登記記録にもその所有権の登記が転写される。
平成28年度第14問,不動産登記法,ア,甲建物と乙建物の所有権の登記名義人が同一である場合において、当該所有権の登記名義人が死亡しているときは、相続による所有権の移転の登記をした後でなければ、乙建物を甲建物の附属建物とする建物の合併の登記を申請することはできない。,○,合併の要件である「所有権の登記名義人が同一」であることを登記記録上明確にするため、死亡した名義人のままでは申請できず、相続登記を先行させる必要がある。
平成28年度第14問,不動産登記法,イ,甲建物の所有権の登記名義人が住所を移転し、その後に当該所有権の登記名義人が乙建物の所有権を取得し、その旨の登記をした場合において、甲建物について住所の変更の登記がされていないときは、住所の変更を証する情報を提供したとしても、乙建物を甲建物の附属建物とする建物の合併の登記を申請することができない。,○,名義人が同一であっても、登記記録上の住所が異なっている場合は、前提として甲建物の登記名義人の住所変更登記を行わなければ合併の登記は申請できない。
平成28年度第14問,不動産登記法,ウ,一棟の建物に属する甲区分建物と乙区分建物について、その所有権の登記名義人が同一で、互いに接続している場合には、効用上一体の関係にないときであっても、区分合併の登記を申請することができる。,○,区分建物の合併においては、相互に接続し、所有権の登記名義人が同一であるなどの要件を満たせばよく、「主たる建物と附属建物」の関係のような効用上一体性は要件とされていない。
平成28年度第14問,不動産登記法,エ,甲建物と乙建物の合併の登記を申請する場合には、従来の各階平面図の床面積に変更がないため、当該合併後の各階平面図を添付することを要しない。,×,建物の合併の登記を申請する場合には、建物の形状や位置関係等を示すため、原則として合併後の建物図面及び各階平面図を提供しなければならない。
平成28年度第14問,不動産登記法,オ,甲建物と乙建物の表題部所有者が同一である場合において、当該表題部所有者が乙建物を甲建物の附属建物とする建物の合併の登記を申請するときは、その印鑑に関する証明書を添付することを要しない。,×,表題部所有者が建物の合併の登記を申請する場合には、所有者の意思を確認するため、申請情報に添付する印鑑に関する証明書が必要となる（不動産登記規則第49条第2項第4号）。
平成28年度第15問,不動産登記法,ア,表題登記がない甲建物と所有権の登記がある乙建物が合体した後に合体前の乙建物の所有権の登記名義人となった者は、その者に係る所有権の登記があった日から1か月以内に、合体による登記等を申請しなければならない。,×,合体による登記等の申請義務の起算日は、「合体の日」から1箇月以内であり、所有権の登記があった日からではない。
平成28年度第15問,不動産登記法,イ,所有権の登記名義人が同一である建物が合体し、合体前の各建物につき存していた抵当権の登記が合体後の建物に存続すべきものである場合において、当該抵当権の登記の目的、申請の受付の年月日及び受付番号、登記原因及びその日付並びに登記名義人がいずれも同一であるときは、合体前の各建物の所有権の登記名義人が同一でないとみなした場合の持分を合体による登記等の申請情報の内容とすることを要しない。,○,同一の登記名義人が所有し、抵当権の内容が完全に同一である建物の合体においては、権利関係の調整（持分の算定）を行う必要がないためである。
平成28年度第15問,不動産登記法,ウ,Aが所有者である表題登記がない甲建物とBが表題部所有者である乙建物が合体した場合において、合体による登記等の申請は、A又はBが単独で申請することができる。,○,合体による登記等は、合体後の建物の所有者の共有物に対する保存行為に準じるため、A又はBのいずれかが単独で申請することができる（不動産登記法第49条第2項）。
平成28年度第15問,不動産登記法,エ,表題登記がある甲建物と所有権の登記がある乙建物が合体し、合体による登記等の申請がされた場合において、合体前の乙建物に賃借権の登記がされているときは、当該賃借権の登記を合体後の建物の登記記録の権利部の相当区に移記しなければならない。,○,建物の合体が行われた場合、合体前の建物に存在していた賃借権等の権利に関する登記は、合体後の建物の登記記録に移記される（不動産登記法第51条等）。
平成28年度第15問,不動産登記法,オ,主たる建物とその附属建物が合体した場合は、合体による登記等を申請しなければならない。,○,主たる建物と附属建物が物理的に合体して一個の建物となった場合も、合体による登記等を申請する義務が生じる。
平成28年度第16問,不動産登記法,ア,区分建物である建物を新築した株式会社Aを株式会社Bが吸収合併したときは、株式会社Bは、同社を表題部所有者とする区分建物の表題登記を申請することができる。,○,株式会社Aを吸収合併した株式会社Bは、Aの権利義務を包括承継するため、B自らを表題部所有者とする表題登記を申請することができる。
平成28年度第16問,不動産登記法,イ,区分建物の表題登記をその原始取得者の相続人が申請するときは、所有権を証する情報の一部として相続を証する情報を提供しなければならない。,○,原始取得者の相続人が直接自己を表題部所有者として申請する場合、所有権証明情報として相続を証する情報（戸籍等）の提供が必要となる。
平成28年度第16問,不動産登記法,ウ,敷地権があるのにその登記をしないで区分建物の表題登記がされていた場合において、建物の表題部の更正の登記を申請するときは、敷地権の表示の登記原因及びその日付も申請情報の内容としなければならない。,○,敷地権を後から記録するための更正登記においては、実体上敷地権となった原因及びその日付を申請情報の内容としなければならない。
平成28年度第16問,不動産登記法,エ,表題登記がない区分建物の処分の制限の登記の嘱託は、当該区分建物が属することとなった一棟の建物に属する他の区分建物についての表題登記の嘱託と併せてすることを要しない。,×,未登記の区分建物について処分の制限の登記を嘱託する場合、登記官が職権で表題登記を行う前提として、一棟の建物に属する他のすべての区分建物についての表題登記も併せて嘱託しなければならない（不動産登記法第74条第2項）。
平成28年度第16問,不動産登記法,オ,敷地権となる敷地の所有権の登記名義人の表示と専有部分の所有権の登記名義人の表示とが一致していないときは、敷地権の発生を原因とする区分建物の表題部の変更の登記の申請は、添付情報として各所有者の同一性を証する情報を提供してすることができる。,○,氏名や住所の表示が一致していない場合であっても、両者が同一人物であることを証する情報を提供すれば、変更登記を申請することができる。
平成28年度第17問,不動産登記法,ア,建物図面及び各階平面図には、作成の年月日を記録し、申請人及び作成者が記名押印しなければならない。,×,※法・規則改正により現在は申請人の署名又は記名押印は不要。作成者の署名又は記名押印のみでよい（不動産登記規則第74条第1項）。
平成28年度第17問,不動産登記法,イ,建物の敷地が分筆されたことに伴い、建物の所在する土地の地番を変更する旨の建物の表題部の変更の登記を申請する場合には、変更後の建物図面を提供しなければならない。,×,敷地の分筆により地番のみが変更となり、建物の物理的な形状や敷地内における位置関係に変更がない場合は、建物図面の提供は不要である。
平成28年度第17問,不動産登記法,ウ,各階平面図を作成する場合において、その用紙に余白があるときは、その余白を用いて建物図面を作成することができる。,○,規則により、用紙の余白がある場合には、各階平面図と建物図面を同一の用紙に作成することができる。
平成28年度第17問,不動産登記法,エ,地下1階付き2階建の建物の表題登記の申請情報に添付する建物図面には、地下1階部分を朱書しなければならない。,×,※法改正により現在は朱書の規定は廃止されている。過去には朱書する実務があったが、現行規則では要求されていない。
平成28年度第17問,不動産登記法,オ,共用部分である旨の登記がある建物について共用部分である旨を定めた規約を廃止した場合において、当該建物の表題登記を申請するときは、建物図面及び各階平面図を提供することを要しない。,○,規約の廃止による表題登記は、物理的な現況が変わるわけではないため、新たに建物図面等を提供する必要はない。
平成28年度第18問,不動産登記法,ア,対象土地の一を共通にする複数の筆界特定の申請は、一の筆界特定申請情報によって申請することができる。,○,複数の筆界特定を求める場合であっても、対象土地の一つが共通していれば、一の申請情報によって申し立てることができる。
平成28年度第18問,不動産登記法,イ,筆界特定の申請をする場合において、関係土地の所有者が筆界として特定の線を主張しているときは、その線を筆界特定申請情報の内容としなければならない。,×,筆界特定制度は公法上の筆界を特定する手続であり、申請人等が特定の線を主張してそれを記載する義務はない（不動産登記規則第207条）。
平成28年度第18問,不動産登記法,ウ,筆界特定の申請があった場合において、当該筆界特定の申請人及び関係人が筆界特定登記官に対し対象土地の筆界についての資料を書面で提出するときは、当該書面の原本を提出しなければならない。,×,資料を提出する場合、原本ではなくその写しを提出することができる（提出後、原本の提示を求められることはある）。
平成28年度第18問,不動産登記法,エ,筆界特定登記官が筆界特定書を作成し、筆界特定の申請人に対して筆界特定の通知を発送した後は、当該申請人は、筆界特定の申請を取り下げることができない。,○,筆界特定の通知が発送された後は、手続が完了したことになるため、申請を取り下げることはできない（不動産登記法第140条）。
平成28年度第18問,不動産登記法,オ,筆界特定がされた場合において、当該筆界特定に係る筆界について民事訴訟の手続により筆界の確定を求める訴えに係る判決が確定したときは、当該筆界特定は、その全ての効力を失う。,○,筆界特定後に裁判所による筆界確定判決が確定した場合、判決が優先されるため、筆界特定の効力は失われる（不動産登記法第144条）。
平成28年度第19問,不動産登記法,ア,敷地権の登記がある土地について分筆の登記を申請するときは、登録免許税は課されない。,×,分筆の登記は表示に関する登記であるが、分筆後の土地1筆につき1000円の登録免許税が課される（登録免許税法別表第1第1号(11)）。
平成28年度第19問,不動産登記法,イ,いずれも所有権の登記がない甲土地と乙土地を合筆する合筆の登記を申請するときは、納付すべき登録免許税の額は1000円となる。,×,合筆の登記は表示に関する登記であり、登録免許税は非課税である（課税されるのは分筆登記等）。
平成28年度第19問,不動産登記法,ウ,表題登記がない建物と表題登記のみがある建物が合体して1個の建物となったことによる合体による登記等を申請するときは、納付すべき登録免許税の額は1000円となる。,×,合体による登記等のうち、表題登記や表題部抹消登記は表示に関する登記であるため非課税である（所有権保存や移転の効力が伴う場合を除く）。
平成28年度第19問,不動産登記法,エ,所有権の登記がある甲建物の登記記録から甲建物の附属建物を分割して、これを乙建物の附属建物としようとする場合において、建物の分割の登記と建物の合併の登記を一の申請情報によって申請するときは、納付すべき登録免許税の額は3000円となる。,×,建物の分割・合併の登記は表示に関する登記であり、登録免許税は非課税である。
平成28年度第19問,不動産登記法,オ,私人を所有権の登記名義人とする土地の一部を取得した地方公共団体が、代位による分筆の登記を嘱託するときは、登録免許税は課されない。,○,国や地方公共団体が自己の権利のために代位して行う登記の嘱託は、登録免許税法上非課税となる（登録免許税法第5条第11号等）。
平成28年度第20問,土地家屋調査士法,ア,XがYの社員としてその業務に従事していた期間内に、Yが筆界特定手続代理関係業務に関するものとして依頼を承諾した事件については、Xが自らこれに関与していなかった場合であっても、Xは、Yを脱退した後、当該事件の相手方から、当該事件についての筆界特定手続代理関係業務を受任することができない。,○,法人の社員であった期間に法人が受任した事件については、自ら関与していなくても、退社後に相手方から受任することは利益相反として禁止される（土地家屋調査士法第41条第1項第2号）。
平成28年度第20問,土地家屋調査士法,イ,XがYの社員である場合には、Xは、Yの総社員の同意が得られたときに限り、自己又は第三者のために筆界特定手続代理関係業務を行うことができる。,○,法人の社員は、自己又は第三者のために法人の業務の範囲に属する業務を行うことは原則禁止される（競業避止義務）が、総社員の同意があれば行うことができる（土地家屋調査士法第36条の3）。
平成28年度第20問,土地家屋調査士法,ウ,XがYの社員である場合において、Yが筆界特定手続代理関係業務に関し依頼者に対して負担することとなった債務をYの財産をもって完済することができないときは、Xは、連帯して、その弁済の責任を負う。,○,土地家屋調査士法人の社員は、法人の債務について連帯して無限責任を負う（土地家屋調査士法第35条の2）。
平成28年度第20問,土地家屋調査士法,エ,XがYの社員である場合には、Yは、Xが筆界調査委員として職務上取り扱った事件について、筆界特定手続代理関係業務を取り扱うことができない。,○,社員が公務（筆界調査委員等）として取り扱った事件について、法人がその業務を行うことは禁止されている（土地家屋調査士法第41条第2項）。
平成28年度第20問,土地家屋調査士法,オ,XがYの使用人であって、Aから筆界特定手続代理関係業務に関する事件を受任している場合には、Yは、Aが同意したときであっても、当該事件の相手方であるBから、当該事件についての筆界特定手続代理関係業務を受任することができない。,○,使用人が受任している事件について、法人がその相手方から受任することは、当事者の同意の有無に関わらず禁止される（利益相反の防止）。
平成27年度第1問,民法,ア,Aの代理人Bが相手方Cを欺罔して、Cが所有する土地をAに売り渡す旨の売買契約を締結させた場合には、AがBによる詐欺の事実について善意かつ無過失であっても、Cは、詐欺を理由としてその意思表示を取り消すことができる。,○,代理人の詐欺は本人の詐欺と同視されるため、本人が代理人の詐欺について善意無過失であっても、相手方は第三者による詐欺（民法第96条第2項）の制限を受けず、常に意思表示を取り消すことができる。
平成27年度第1問,民法,イ,AがBに欺罔された結果、法律行為の要素に錯誤を生じて意思表示をした場合には、Aは、詐欺による意思表示の取消しを主張することはできるが、錯誤による意思表示の取消しを主張することはできない。,×,詐欺による取消しと錯誤による取消しの要件をともに満たす場合、表意者はどちらの主張も選択的に行使できる（判例）。
平成27年度第1問,民法,ウ,AのBに対する意思表示が第三者Cの強迫によりされた場合には、Bがその事実を知らないときであっても、Aは、強迫を理由としてその意思表示を取り消すことができる。,○,第三者による強迫の場合、相手方がその事実を知っていたか否かにかかわらず、常に意思表示を取り消すことができる（民法第96条第2項は詐欺のみに適用され、強迫には適用されない）。
平成27年度第1問,民法,エ,AがBの強迫によりその所有する土地をBに売却し、AからBへの所有権の移転の登記がされた場合において、その後、BがCに当該土地を転売した後に、Aが強迫を理由としてAB間の売買の意思表示を取り消したときは、Aは、Bへの所有権の移転の登記を抹消しない限り、Cに対して所有権を主張することができない。,×,強迫による取消しは善意の第三者にも対抗できる（民法第96条第3項の反対解釈）。取消し前に現れた第三者との関係は対抗問題とならないため、登記なくして所有権を主張できる。
平成27年度第1問,民法,オ,Aが、Bの詐欺により、Bからその所有する土地を買い受け、BからAへの所有権の移転の登記がされた後、Aが、Bに欺罔されていることを知らないまま、当該土地にCを抵当権者とする抵当権を設定し、その旨の登記がされた場合において、Cが当該抵当権の設定時にBによる詐欺の事実について善意かつ無過失であったときは、Aは、詐欺を理由としてAB間の売買の意思表示を取り消すことができない。,×,詐欺による取消しは善意無過失の第三者（C）に対抗できないが（民法第96条第3項）、AがBとの売買契約を取り消すこと自体は可能である。ただし、取消しの効果をCに主張できないだけである。
平成27年度第2問,民法,ア,A、B及びCが共有し、所有権の登記名義人となっている土地（持分は各3分の1)について、AがB及びCに無断で自己の単独名義への所有権の移転の登記をした場合には、Bは、Aに対して、Cの持分については所有権の移転の登記の抹消登記手続を請求することができない。,×,共有者の一人が勝手に単独名義の登記をした場合、他の共有者は、自己の持分だけでなく、他の共有者の持分を含めた全部の抹消（自己の持分を超える部分の抹消）を保存行為として単独で請求することができる（判例）。
平成27年度第2問,民法,イ,A及びBが共有し、所有権の登記名義人となっている土地（持分はAが3分の2、Bが3分の1)について、CがBのみの承諾を得て占有している場合には、Aは、Cに対して、当該土地の全部の明渡しを請求することができる。,×,共有者の一部（B）から占有を承認された第三者（C）に対し、他の共有者（A）が当然に土地全部の明渡しを請求することはできない（判例）。
平成27年度第2問,民法,ウ,A及びBが共有し、所有権の登記名義人となっている土地（持分は各2分の1)がCにより不法に占有されたことを理由として、Aが、Cに対して、その損害賠償を求める場合には、Aは、Bの持分の割合に応じた部分も含めた損害全部につきこれを請求することができる。,×,不法占有者に対する損害賠償請求や不当利得返還請求は、金銭債権（可分債権）であるため、各共有者は自己の持分割合に応じてのみ請求することができ、損害全部を請求することはできない（判例）。
平成27年度第2問,民法,エ,A及びBが共有し、所有権の登記名義人となっている土地（持分はAが3分の2、Bが3分の1)について、AがBに無断で宅地造成工事をして当該土地に変更を加えたときは、当該土地の原状の回復が可能であったとしても、Bは、Aに対して、当該土地の原状回復を請求することができない。,×,共有物に物理的変更を加える行為は他の共有者の同意が必要であり（民法第251条）、これに反して変更が加えられた場合、他の共有者は原状回復を請求することができる（判例）。
平成27年度第2問,民法,オ,A及びBが共有し、所有権の登記名義人となっている土地（持分はAが3分の2、Bが3分の1)について、A及びBが共同してCに賃貸している場合において、Cの債務不履行を理由とする賃貸借契約の解除は、Aが単独ですることができる。,○,共有物の賃貸借契約の解除は、共有物の管理行為に該当するため、各共有者の持分の価格の過半数で決する。Aの持分は3分の2（過半数）であるため、Aが単独で解除できる（民法第252条第2項前段、判例）。
平成27年度第3問,民法,ア,被相続人は、遺言で、相続開始の時から5年を超えない期間を定めて、遺産の分割を禁ずることはできない。,×,被相続人は、遺言で、相続開始の時から5年を超えない期間を定めて、遺産の分割を禁ずることができる（民法第908条）。
平成27年度第3問,民法,イ,相続財産中に可分債権があるときは、その債権は相続開始の時に法律上当然分割され、各共同相続人がその相続分に応じて権利を承継する。,×,※判例変更により現在は×（当時の正解は○）。預貯金等の可分債権について、かつては当然分割されるとされていたが、最高裁平成28年12月19日決定により、預貯金債権は遺産分割の対象となると判例変更された。
平成27年度第3問,民法,ウ,相続人は、遺産の分割までの間は、相続開始の時に存した金銭を相続財産として保管している他の相続人に対して、遺産に属する預貯金債権のうち相続開始の時の債権額の3分の1に自己の相続分を乗じた額（法務省令で定める額を限度とする。）については、単独でその権利を行使することができる。,×,※法改正による新制度。平成30年改正により、各共同相続人は遺産に属する預貯金債権の一定額を単独で行使できるようになったが、「保管している他の相続人に対して」行使するものではなく、金融機関に対して直接払戻しを請求するものであるため、記述は誤り。
平成27年度第3問,民法,エ,相続の開始後認知によって相続人となった者が遺産の分割を請求しようとする場合に、他の共同相続人において既に遺産分割協議が成立していたときは、価額のみによる支払の請求権を有する。,○,相続開始後に認知された者が遺産分割を請求する場合において、他の共同相続人が既にその分割その他の処分をしていたときは、価額のみによる支払の請求権を有する（民法第910条）。
平成27年度第3問,民法,オ,共同相続人間において遺産分割協議が成立した場合に、相続人の一人がその協議において負担した債務を履行しないときは、その債権を有する相続人は、債務不履行を理由としてその協議を解除することができる。,×,遺産分割協議は、共同相続人の一人が協議において負担した債務を履行しない場合であっても、他の相続人は債務不履行を理由として解除することはできない（判例）。
平成27年度第4問,不動産登記法,ア,所有権の登記名義人が合体による登記等を書面により申請する場合において、申請書に申請人の署名があるときは、申請人は申請書に押印することを要しない。,×,書面申請においては、申請人は申請書に記名押印しなければならず、署名をしたからといって押印が不要になるわけではない（不動産登記規則第43条第1項）。
平成27年度第4問,不動産登記法,イ,未成年者が所有権の登記名義人である土地についてその親権者が当該未成年者を代理して分筆の登記を申請するときは、当該未成年者は申請書に押印することを要しない。,○,法定代理人（親権者）が代理して申請する場合、申請書に記名押印するのは代理人であり、本人である未成年者の押印は不要である。
平成27年度第4問,不動産登記法,ウ,成年被後見人が所有権の登記名義人である建物についてその成年後見人が当該成年被後見人を代理して建物の表題部の変更の登記を申請するときは、当該成年被後見人の氏名及び住所を申請情報の内容とすることを要しない。,×,代理人によって申請する場合であっても、本人（成年被後見人）の氏名及び住所は申請情報の内容としなければならない（不動産登記令第3条第10号）。
平成27年度第4問,不動産登記法,エ,株式会社が所有する建物について建物の表題登記を申請するときは、その代表取締役の氏名及び住所を申請情報の内容としなければならない。,×,法人が申請人となる場合、代表者の「氏名」は申請情報の内容とするが、「住所」まで申請情報の内容とすることは要しない（不動産登記令第3条第2号）。
平成27年度第4問,不動産登記法,オ,株式会社が所有する建物について建物の表題登記を申請する場合において、その代表取締役としてA及びBが選定されているときは、代表者としてはA又はBのいずれかを申請情報の内容とすれば足りる。,○,複数の代表権を有する者がいる場合は、そのうち1人の氏名を申請情報の内容とすれば足りる（不動産登記事務取扱手続準則第34条第1項）。
平成27年度第5問,不動産登記法,ア,表題部所有者として誤ってAが登記されているが、真実の所有者はBである場合には、Aは、表題部所有者の更正の登記を申請することができる。,○,表題部所有者の更正登記は、現在の表題部所有者（A）と真実の所有者（B）が共同して申請するのが原則であるが、Aが単独で（Bの承諾を得て）申請することも認められる（不動産登記法第33条第1項）。
平成27年度第5問,不動産登記法,イ,表題部所有者としてAが登記されている土地をAがBに対して売却したときは、Bは、AからBへの表題部所有者についての変更の登記を申請することができない。,○,表題部所有者の変更登記は、氏名・住所等の変更の場合に行うものであり、売買等により実体上の所有権が移転した場合に行うことはできない。Bは自己名義で所有権保存登記を申請するか、A名義で保存登記をした上で所有権移転登記を行う必要がある。
平成27年度第5問,不動産登記法,ウ,表題部所有者のA及びBの持分が誤ってAは5分の3、Bは5分の2と登記されているが、真実の持分はAが5分の2、Bが5分の3である場合において、Aがこれを是正するための表題部所有者についての持分の更正の登記を申請するときは、Bが所有権を有することを証する情報を提供しなければならない。,×,表題部所有者の持分の更正登記においては、既にBは表題部所有者として記録されており、持分割合の変更にすぎないため、新たに所有権証明情報を提供する必要はない。
平成27年度第5問,不動産登記法,エ,表題部所有者として誤ってA及びBが登記されているが、真実の所有者はA及びCである場合において、これを是正するための表題部所有者の更正の登記をCが申請するときは、Bの承諾を証する情報又はBに対抗することができる裁判があったことを証する情報のほか、Cが所有権を有することを証する情報及びCの住所を証する情報を併せて提供しなければならない。,○,新たな所有者Cを記録する更正登記をCから単独申請する場合、抹消されるBの承諾情報（又は裁判）のほか、新たに記録されるCの所有権証明情報及び住所証明情報が必要となる（不動産登記令第7条第1項第5号ハ等）。
平成27年度第5問,不動産登記法,オ,表題部所有者として登記されている者が婚姻により氏を改めたときは、その者は、表題部所有者についての更正の登記を申請することができる。,×,婚姻による氏の変更は、事後的な事情の変更であるため、「変更」の登記を申請すべきであり、「更正」の登記（初めから誤っていた場合の登記）ではない。
平成27年度第6問,不動産登記法,ア,同一の登記所に対して同時に二以上の申請をする場合において、各申請に共通する添付情報があるときであっても、当該添付情報は申請情報ごとに提供しなければならない。,×,同時に二以上の申請をする場合、共通する添付情報は一の申請情報にのみ提供し、他の申請においてはその旨（援用する旨）を内容とすることで提供を省略できる（不動産登記規則第37条第1項）。
平成27年度第6問,不動産登記法,イ,地積の変更の登記と分筆の登記とを一の申請情報により申請する場合には、地積の変更の登記についてのみ登記原因及びその日付を申請情報の内容としなければならない。,○,分筆登記自体には登記原因及びその日付がないため、一括申請する場合は地積変更登記についてのみ登記原因及びその日付を記録する（不動産登記規則第35条第9号）。
平成27年度第6問,不動産登記法,ウ,委任による代理人が土地の合筆の登記の申請をその土地の所有権の登記名義人から受任した後に当該登記名義人が死亡した場合において、当該代理人が当該合筆の登記の申請をするときは、被相続人から代理人への委任に関する代理人の権限を証する情報、相続があったことを証する情報及び相続人から代理人への委任に関する代理人の権限を証する情報を添付情報として提供しなければならない。,×,委任に基づく代理権は本人の死亡により消滅しない（不動産登記法第17条第1号）ため、被相続人（本人）から代理人への委任を証する情報（元の委任状）のみで足り、相続に関する情報や相続人からの新たな委任を証する情報は不要である。
平成27年度第6問,不動産登記法,エ,所有権が敷地権である旨の登記がされている規約敷地を分筆する場合において、当該規約敷地が区分建物と異なる登記所の管轄区域内にあるときは、当該規約を設定したことを証する情報を添付情報として提供しなければならない。,×,敷地権の対象である土地の分筆登記において、規約を設定したことを証する情報の提供は特に要求されていない。
平成27年度第6問,不動産登記法,オ,甲土地を要役地とする地役権の設定の登記がされている乙土地と、地役権の設定の登記がされていない丙土地との合筆の登記を申請する場合には、当該地役権設定の範囲を証する地役権者が作成した情報又は当該地役権者に対抗することができる裁判があったことを証する情報及び地役権図面を添付情報として提供しなければならない。,○,一部の土地（乙土地）のみに地役権（承役地）の登記がある場合、合筆後の土地の一部に地役権が存続することになるため、その範囲を証する情報及び地役権図面を提供しなければ合筆できない（不動産登記規則第104条）。
平成27年度第7問,不動産登記法,ア,隣接する2筆の土地について同時に土地の表題登記を申請する場合において提供する地積測量図は、当該2筆の土地分をまとめて1枚の図面により作成することができる。,×,地積測量図は、原則として一筆の土地ごとに作成しなければならない（不動産登記規則第73条第2項）。
平成27年度第7問,不動産登記法,イ,電子申請により土地の表題登記を申請する場合において、申請人が、電子署名に係る地方公共団体の認証業務に関する法律の規定に基づき作成された電子証明書を提供したときは、当該電子証明書の提供をもって、当該申請人の現在の住所を証する情報の提供に代えることができる。,○,公的個人認証サービスによる電子証明書を提供した場合、その中に住所情報が含まれているため、別途の住所証明情報の提供を省略できる（不動産登記規則第44条第1項）。
平成27年度第7問,不動産登記法,ウ,AがBから表題登記がない土地を買い受けた場合には、Aは、その所有権の取得の日から1月以内に、表題登記を申請しなければならない。,○,未登記の土地の所有権を取得した者は、所有権の取得の日から1箇月以内に表題登記を申請しなければならない（不動産登記法第36条）。
平成27年度第7問,不動産登記法,エ,二人以上の者が表題部所有者となる表題登記を申請する場合において、その持分が相等しいものと推定されるときは、それぞれの持分を申請情報の内容とすることを要しない。,×,表題登記を共有で申請する場合、持分が均等であっても、各共有者の持分は必ず申請情報の内容としなければならない。
平成27年度第7問,不動産登記法,オ,電子申請により土地の表題登記を申請する場合において提供する地積測量図は、土地所在図を兼ねることができる。,○,地積測量図が土地所在図の要件を満たす場合（縮尺が同一等）、地積測量図をもって土地所在図を兼ねることができる（不動産登記規則第74条第3項）。これは電子申請でも同様である。
平成27年度第8問,不動産登記法,ア,地番に数字でない符号がある土地について地積の更正の登記を申請するときであっても、当該符号を含む土地の地番を申請情報の内容としなければならない。,○,地番に符号が含まれている場合、その符号も含めて正確な地番を申請情報の内容としなければならない。
平成27年度第8問,不動産登記法,イ,土地の地番区域である字に登記記録上の誤りがあるときであっても、当該土地の所有権の登記名義人は、当該土地の表題部の更正の登記を申請することができない。,×,所在（字など）の誤りは、土地の表示に関する更正登記の対象となり得るため、所有権の登記名義人は更正の登記を申請することができる。
平成27年度第8問,不動産登記法,ウ,地積測量図に記録された地番に誤りがある場合において、その訂正の申出をするときは、訂正後の地積測量図を提供しなければならない。,×,地積測量図に記録された地番等の単なる記録の誤りの訂正申出の場合、誤りであることを証する情報を提供すれば足り、新たな図面の提供は必須ではない（不動産登記規則第15条）。
平成27年度第8問,不動産登記法,エ,土地の分筆の登記を申請する場合には、当該土地の不動産番号を提供したときであっても、分筆前の土地の地番を申請情報の内容としなければならない。,○,分筆登記の申請においては、不動産番号を提供した場合であっても、分筆前の土地の地番は申請情報の内容としなければならない。
平成27年度第8問,不動産登記法,オ,地番区域が相互に異なる土地であっても、相互に接続していれば土地の合筆の登記をすることができる。,×,地番区域が相互に異なる土地は、合筆の登記をすることができない（不動産登記法第41条第1項第1号）。
平成27年度第9問,不動産登記法,ア,Aが、Bに対して、Aを所有権の登記名義人とする甲土地及び乙土地をいずれも売却したときは、Bは、甲土地及び乙土地の所有権の移転の登記を受けなければ、甲土地を乙土地に合筆する合筆の登記を申請することはできない。,○,合筆は所有権登記名義人が同一である土地間でのみ可能。Bが実体上取得していても、名義がAのままであれば合筆できるが、B名義で合筆するにはBへの移転登記を受けなければならない。
平成27年度第9問,不動産登記法,イ,委任による代理人によって所有権の登記のある土地の合筆の登記を申請した場合において、当該代理人が登記識別情報の通知を受けることができる旨の特別の委任を受けていないときは、当該代理人は、登記識別情報の通知を受けることができない。,×,※法改正により現在はそもそも通知されない。当時の正解は○だったが、現行法では、合筆登記は「表示に関する登記」であり、権利に関する登記（保存や設定等）ではないため、合筆に伴って新たな登記識別情報が通知されることはない（不動産登記法第21条）。
平成27年度第9問,不動産登記法,ウ,土地の所有権の登記名義人が合筆の登記を申請する場合において、登記識別情報を提供することができない理由を申請情報の内容とするときは、その理由を証する情報を提供しなければならない。,×,登記識別情報を提供できない理由は申請情報の内容とするが、その理由を証する情報（証明書等）の提供は要求されていない（事前通知等の手続で代替される）。
平成27年度第9問,不動産登記法,エ,同一の登記所の管轄区域内にあって所有者が同一である甲土地、乙土地、丙土地及び丁土地について、甲土地を丙土地に、乙土地を丁土地に、それぞれ合筆する合筆の登記を申請するときは、一の申請情報によってすることができる。,○,同一の管轄内で所有者が同一であり、目的が同じ（合筆）であれば、複数の合筆登記を一括して申請することができる（不動産登記規則第35条）。
平成27年度第9問,不動産登記法,オ,委任による代理人によって所有権の登記のある土地の合筆の登記を書面により申請したときは、申請人は、委任状に押印した申請人の印鑑に関する証明書の原本の還付の請求をすることができる。,×,当該登記申請のためのみに作成された委任状や印鑑証明書は、原則として原本還付請求ができない（不動産登記規則第55条第1項ただし書）。
平成27年度第10問,不動産登記法,ア,土地の所有権の登記名義人から相続によってその所有権を取得した者は、所有権の移転の登記を受けなければ、当該土地が表示された地図の訂正の申出をすることができない。,×,相続により所有権を取得した者は、相続登記を経由していなくても、包括承継人として自己の権利を保全するために地図の訂正の申出をすることができる。
平成27年度第10問,不動産登記法,イ,土地の所有権の登記名義人は、その住所が登記記録上の住所と異なる場合であっても、地図訂正申出情報と併せて当該登記名義人の住所について変更又は錯誤若しくは遺漏があったことを証する市町村長、登記官その他の公務員が職務上作成した情報を提供したときは、地図の訂正の申出をすることができる。,○,住所変更登記を先行しなくても、変更を証する公的な情報（住民票等）を提供すれば地図訂正の申出ができる（不動産登記規則第14条第4項）。
平成27年度第10問,不動産登記法,ウ,地図に表示された土地の区画に誤りがあるとして、その訂正の申出をするときは、地図訂正申出情報と併せて土地所在図又は地積測量図を提供しなければならない。,○,土地の区画に関する誤りを訂正する場合、正しい形状を示す地積測量図等の提供が必要である（不動産登記規則第15条第2項）。
平成27年度第10問,不動産登記法,エ,一筆の土地についてする地図に表示された土地の区画の訂正の申出及び地番の訂正の申出は、一の申出情報によってすることができる。,○,同一土地に関する地図訂正であれば、区画の訂正と地番の訂正を一の申出情報でまとめて行うことができる。
平成27年度第10問,不動産登記法,オ,書面による地図の訂正の申出をするときは、その申出書に記名押印した申出者の印鑑に関する証明書を添付しなければならない。,×,地図訂正の申出書には記名押印が必要であるが、印鑑証明書の添付までは要求されていない。
平成27年度第11問,不動産登記法,ア,Bが、Aが所有権の登記名義人となっている土地をAから賃借し、Aの承諾を得てその一部をCに転貸した場合には、Cは、Aに代位して、転貸に係る土地部分を分筆する分筆の登記を申請することができる。,×,代位申請ができるのは登記を申請する権利を有する債権者等に限られる。転借人CはAに対して直接の権利を有しないため、Aに代位して分筆登記を申請することはできない。
平成27年度第11問,不動産登記法,イ,一筆の土地の一部について地役権の設定を受けた地役権者は、代位による分筆の登記を申請することができる。,×,地役権は一筆の土地の一部にも設定可能であるため、設定の前提として分筆登記をする必要はなく、代位申請は認められない。
平成27年度第11問,不動産登記法,ウ,A及びBを所有権の登記名義人とする土地について、AがBに対して共有物分割の訴えを提起し、確定判決を得た場合には、Aは、その正本を代位原因を証する情報として提供して、Bに代位して分筆の登記を申請することができる。,○,共有物分割の判決による所有権移転の前提として、AはBに代位して分筆の登記を申請することができる。
平成27年度第11問,不動産登記法,エ,一筆の土地の一部について処分禁止の仮処分の決定を得た債権者は、仮処分の登記の前提として、当該決定の正本を代位原因を証する情報として提供して、当該土地の所有権の登記名義人に代位して分筆の登記を申請することができる。,○,土地の一部に対する仮処分登記を行う前提として、債権者は仮処分決定正本を代位原因証書として所有者に代位して分筆登記を申請できる。
平成27年度第11問,不動産登記法,オ,農地法第5条の規定による都道府県知事の許可の前に農地の一部を買い受けた者は、条件付所有権移転の仮登記をする前提として、代位による分筆の登記を申請することはできない。,×,農地法5条の許可前であっても、条件付所有権移転仮登記の前提として、買主が売主に代位して分筆登記を申請することはできる。
平成27年度第12問,不動産登記法,ア,新築された建物が甲登記所と乙登記所の管轄区域にまたがる場合において、法務大臣又は法務局若しくは地方法務局の長が当該建物に関する登記の事務をつかさどる登記所を指定するまでの間、当該建物の表題登記の申請は、甲登記所又は乙登記所のいずれかの登記所にすることができる。,×,管轄区域にまたがる場合は、管轄指定がなされるまで登記申請をすることができない（不動産登記法第6条第2項）。
平成27年度第12問,不動産登記法,イ,甲登記所において登記されている建物について、増築により乙登記所の管轄区域にまたがることとなった場合であっても、当該建物の不動産所在事項の変更の登記の申請は、甲登記所にしなければならない。,○,既に登記された建物が増築で他の管轄にまたがった場合、変更登記は引き続き現在の管轄である甲登記所に申請する（不動産登記規則第5条第3項）。
平成27年度第12問,不動産登記法,ウ,甲登記所において登記されている建物について、乙登記所の管轄に属する建物を附属建物として合併する場合には、建物の合併の登記の申請は、乙登記所にしなければならない。,×,建物の合併の登記は、主たる建物を管轄する登記所（甲登記所）に申請しなければならない（不動産登記規則第5条第4項）。
平成27年度第12問,不動産登記法,エ,甲登記所において登記されている建物について、市町村の合併により管轄登記所が甲登記所から乙登記所に転属した場合には、当該建物に係る不動産所在事項の変更の登記の申請は、乙登記所にしなければならない。,×,行政区画の変更による管轄転属の場合、登記記録は新管轄の登記所に移送され、所在変更は登記官が職権で行うため、当事者が申請するものではない。
平成27年度第12問,不動産登記法,オ,甲登記所において登記されている建物について、えい行移転により乙登記所の管轄区域に移動した場合には、当該建物の不動産所在事項の変更の登記の申請は、乙登記所にすることはできない。,○,えい行移転で他の管轄に移動した場合、変更登記は移動前の管轄である甲登記所に申請しなければならない（不動産登記規則第5条第2項）。
平成27年度第13問,不動産登記法,ア,内部に祭壇や参拝者が着席することができる設備があり、寺院の本堂とて利用されている観音像は、建物として登記することができない。,○,観音像は仏像であり、内部が利用できても建造物（建物）としての要件（定着性、外気分断性等）を備えておらず、建物として取り扱うことはできない。
平成27年度第13問,不動産登記法,イ,屋根のある駅のホーム内にあり、コンクリートで基礎工事が施されている売店は、建物として登記することができない。,○,駅のホーム等の既存の屋根を利用し、独自の屋根を持たない等外気分断性がない売店は、建物として登記できない。
平成27年度第13問,不動産登記法,ウ,屋根及び外壁があって、内部に車を格納する回転式のパーキング機械が設置されているタワー状の立体式駐車場は、建物として登記することができない。,×,屋根及び周壁を有し、土地に定着したタワー式駐車場は建物として登記できる（不動産登記事務取扱手続準則第77条）。
平成27年度第13問,不動産登記法,エ,公衆用道路上に屋根覆いを施したアーケード付街路は、建物として登記することができない。,○,アーケード付き街路は、道路の覆いにすぎず建物として登記できない。
平成27年度第13問,不動産登記法,オ,屋根及び周壁の部分がガラスで覆われている半永久的な建造物と認められる農耕用の温床施設は、建物として登記することができない。,×,ガラス張り等であっても、半永久的な建造物として定着し、用途性等があれば建物として登記できる（不動産登記事務取扱手続準則第77条）。
平成27年度第14問,不動産登記法,ア,土地の賃借人が、当該土地上に新築した建物の表題登記を申請するときは、添付情報として借地権を有することを証する情報を提供しなければならない。,×,建物の表題登記において、敷地の利用権（借地権等）を証する情報の提供は不動産登記法上要求されていない（所有権証明情報のみが必要）。
平成27年度第14問,不動産登記法,イ,電子申請により建物の表題登記を申請する場合において、建物図面及び各階平面図が書面で作成されているときは、当該書面で作成された情報を電磁的記録に記録したものを添付情報とすることができる。,×,電子申請の場合、建物図面及び各階平面図は単に書面をスキャン（PDF化等）したものではなく、定められた形式（XML形式等）の電磁的記録で提供しなければならない。
平成27年度第14問,不動産登記法,ウ,建物の表題登記を申請する場合において、表題部所有者となる者が所有権を有することを証する情報として、当該建物の工事を施工した会社が作成した工事完了引渡証明書に併せて当該会社の代表者の資格を証する書面が提供されたときは、当該資格を証する書面は作成後3月以内のものでなければならない。,×,所有権証明情報の一部として提供される会社法人の代表者の資格を証する書面（登記事項証明書等）には、不動産登記令に定める「作成後3箇月以内」の有効期間の制限は適用されない。
平成27年度第14問,不動産登記法,エ,地方公共団体の所有する建物について、当該地方公共団体が建物の表題登記を嘱託する場合には、表題部所有者となる者が所有権を有することを証する情報の提供を省略することができる。,○,官公署が建物の表題登記を嘱託する場合には、所有権を証する情報の提供を省略することができる（不動産登記規則第119条第2項）。
平成27年度第14問,不動産登記法,オ,区分建物ではない建物について、二人以上の者を表題部所有者とする建物の表題登記の申請は、そのうちの一人が単独ですることができる。,×,建物の表題登記は権利の保存行為には該当しないため、共有となるべき表題部所有者全員が共同して申請しなければならない。
平成27年度第15問,不動産登記法,ア,所有権の登記名義人が同一である甲区分建物と乙区分建物とが接続している場合であっても、これらの区分建物が主従の関係にないときは、建物の合併の登記をすることができない。,×,区分建物同士の合併（区分合併）においては、相互に接続し、かつ所有権の登記名義人が同一である等の要件を満たせばよく、主従関係にあることは要件とされていない。
平成27年度第15問,不動産登記法,イ,一棟の建物の全部を取り壊したときは、その一棟の建物に属する区分建物の所有権の登記名義人は、自己が所有する区分建物の滅失の登記と一棟の建物の滅失の登記とを一の申請情報で申請しなければならない。,×,区分建物が滅失した場合、その所有者は自己の専有部分についての滅失登記を申請すれば足り、「一棟の建物の滅失の登記」を合わせて申請する義務はない。
平成27年度第15問,不動産登記法,ウ,いずれも敷地権付き区分建物である甲区分建物と乙区分建物とを合体し、合体後の建物も敷地権付き区分建物となる場合において、合体前の甲区分建物と乙区分建物のそれぞれの敷地権の割合を合算したものが、合体後の建物の敷地権の割合となるときは、敷地権の割合に係る規約を設定したことを証する情報を提供することを要しない。,○,合体後の敷地権割合が、合体前の各区分建物の敷地権割合を単純に合算したものと一致する場合には、新たに規約の提供は不要である（不動産登記規則第143条第2項）。
平成27年度第15問,不動産登記法,エ,AがB所有の土地に使用借権を敷地利用権として区分建物を新築した場合には、Aは、使用借権を敷地権として、区分建物の表題登記を申請することができる。,×,敷地権として登記できる権利は「所有権、地上権、賃借権」に限られており、使用借権を敷地権として登記することはできない（不動産登記法第2条第22号）。
平成27年度第15問,不動産登記法,オ,甲区分建物が属する一棟の建物に属さない乙区分建物を甲区分建物の附属建物とする区分建物の合併の登記を申請する場合において、乙区分建物が属する一棟の建物の名称を申請情報の内容とするときは、乙区分建物が属する一棟の建物の構造及び床面積を申請情報の内容とすることを要しない。,×,異なる一棟の建物に属する区分建物を附属建物とする区分合併の場合、当該附属建物が属する一棟の建物の名称だけでなく、構造及び床面積も申請情報の内容としなければならない。
平成27年度第16問,不動産登記法,ア,区分建物の表題登記を申請する場合において、当該区分建物が属する一棟の建物の敷地について登記された所有権の登記名義人が当該区分建物の所有者であり、かつ、規約においてその専有部分と敷地利用権との分離処分を可能とする旨を定めたことにより当該所有権が当該区分建物の敷地権とならないときは、添付情報として、当該規約の定めを証する情報を提供しなければならない。,○,敷地利用権について分離処分を可能とする規約がある場合には、敷地権としない処理の根拠として、その規約を証する情報を提供しなければならない（不動産登記規則第117条）。
平成27年度第16問,不動産登記法,イ,甲土地及び乙土地を法定敷地として登記されている敷地権付き区分建物について、甲土地に建築されている建物部分を取り壊したことにより、甲土地の上に建物が存在しないことになった場合には、甲土地について敷地権であった権利が敷地権でない権利となったことによる建物の表題部に関する変更の登記を申請しなければならない。,×,法定敷地上の建物が滅失しても、当該土地は法律上「規約敷地」とみなされるため（区分所有法第5条第2項）、直ちに敷地権でなくなるわけではなく、当該変更登記を申請しなければならないとするのは誤り。
平成27年度第16問,不動産登記法,ウ,規約により所有権が建物の敷地権である旨の登記がされている土地について、当該規約が廃止されたことにより当該所有権が敷地権でなくなった場合には、そのことによる表題部の変更の登記は、当該土地の所有権の登記名義人が申請することができる。,×,敷地権の変更（消滅）の登記は、建物の表示に関する登記であるため、「区分建物の表題部所有者又は所有権の登記名義人」が申請するものであり、土地の所有権登記名義人が申請するのではない（不動産登記法第52条）。
平成27年度第16問,不動産登記法,エ,甲区分建物の法定敷地として登記されている土地について、甲区分建物が属する一棟の建物に属さない乙区分建物の敷地とする規約を設定したときは、敷地権の発生を原因とする乙区分建物についての表題部の変更の登記を申請することができる。,×,一棟の建物の敷地を、全く別の一棟の建物の区分建物の敷地（規約敷地）とすることは建物の敷地の一体性に反するため認められない。
平成27年度第16問,不動産登記法,オ,登記官は、敷地権についてされた登記としての効力を有する抵当権の設定の登記がある敷地権付き区分建物について、その専有部分と敷地利用権との分離処分を可能とする規約を設定したことにより敷地権の変更の登記をする場合において、当該変更の登記の申請情報と併せてその抵当権の登記名義人が当該敷地権の目的であった土地について当該抵当権を消滅させることを承諾したことを証する情報が提供されたときであっても、当該承諾に係る土地について当該抵当権が消滅した旨を登記することはできない。,○,敷地権の消滅登記の際、抵当権者の承諾情報を添付して土地の抵当権を消滅させる旨の付記登記等を職権等で行う特例規定は存在しないため、登記官は当該登記をすることができない（土地に転写後、別途抹消申請が必要）。
平成27年度第17問,不動産登記法,ア,所有権の登記のある建物についてする共用部分である旨の登記は、当該建物の所有権の登記名義人以外の者は、申請することができない。,○,共用部分である旨の登記は、当該建物の所有権の登記名義人（又はその相続人等の一般承継人）が単独で申請する（不動産登記法第58条第1項）。
平成27年度第17問,不動産登記法,イ,表題登記のある建物について、これを共用部分とする旨の規約を定めたときは、当該建物の表題部所有者は、当該規約を定めた日から1月以内に、共用部分である旨の登記を申請しなければならない。,×,共用部分である旨の登記は権利に関する登記に準ずる性質を有するため、表題登記等のような「1箇月以内」の申請義務は課されていない。
平成27年度第17問,不動産登記法,ウ,抵当権の設定の登記がある建物について共用部分である旨の登記を申請するときは、その添付情報として、当該抵当権の登記名義人の承諾を証する当該登記名義人が作成した情報又は当該登記名義人に対抗することができる裁判があったことを証する情報を提供しなければならない。,○,共用部分である旨の登記をすると権利部の登記が抹消されるため、抵当権などの第三者の権利が消滅することから、抵当権者の承諾等が必要である（不動産登記法第58条第2項）。
平成27年度第17問,不動産登記法,エ,共用部分である旨の登記がある建物について一部を取り壊したことにより床面積の変更があったときは、当該建物の所有者は、表題部の変更の登記を申請することを要しない。,×,共用部分である旨の登記がある建物であっても、物理的現況に変更があった場合には、その所有者（管理者等）は1箇月以内に表題部の変更の登記を申請しなければならない。
平成27年度第17問,不動産登記法,オ,共用部分である旨の登記がある建物について共用部分である旨を定めた規約を廃止したときは、当該建物の所有者は、当該規約の廃止の日から1月以内に、当該建物の表題登記を申請しなければならない。,○,規約が廃止され共用部分でなくなった場合、新たに所有権を取得した者は、1箇月以内に表題登記（規約廃止に伴う表題登記）を申請する義務がある（不動産登記法第58条第4項、第47条第1項）。
平成27年度第18問,不動産登記法,ア,職権表示登記等事件簿に記録された情報は、立件の日から5年間保存される。,○,職権表示登記等事件簿の保存期間は、立件の日から5年間である（不動産登記規則第28条第11号）。
平成27年度第18問,不動産登記法,イ,閉鎖した建物所在図は、閉鎖した日から50年間保存される。,○,※法令改正の適用あり。旧規則では異なる期間であったが、現行規則（第28条）では閉鎖した建物所在図や各階平面図の保存期間は「50年間」となっている。
平成27年度第18問,不動産登記法,ウ,共同担保目録は、当該共同担保目録に記録されている全ての事項を抹消した日から10年間保存される。,○,共同担保目録に記録されているすべての事項が抹消された場合、その日から10年間保存される（不動産登記規則第28条第12号）。
平成27年度第18問,不動産登記法,エ,閉鎖した土地所在図は、申請書類つづり込み帳につづり込まれたものを除き、閉鎖した日から30年間保存される。,×,※法改正により現在は×。現行規則では、閉鎖した土地所在図の保存期間は「50年間」に延長されているため、「30年間」とする本肢は誤りである（不動産登記規則第28条第7号）。
平成27年度第18問,不動産登記法,オ,筆界特定書に記載され、又は記録された情報は、10年間保存される。,×,筆界特定書は、登記関係の重要な公証資料となるため、保存期間は「永久」とされている。
平成27年度第19問,不動産登記法,ア,AとBは、甲土地と乙土地の所有権の範囲を和解契約によって確定することができるのと同様に、筆界についても、和解契約によって確定することができます。,×,筆界は公法上の境界であり客観的なものであるため、当事者間の私的な合意（和解契約）によって任意に確定・変更することはできない。
平成27年度第19問,不動産登記法,イ,筆界調査委員は、職務を行うのに必要な専門的知識及び経験を有する者のうちから、法務局又は地方法務局の長が任命するものとされており、土地家屋調査士が任命されることもあります。,○,筆界調査委員は、専門的知識と経験を有する者（弁護士や土地家屋調査士など）の中から法務局長等が任命する（不動産登記法第135条）。
平成27年度第19問,不動産登記法,ウ,筆界特定登記官が行う筆界特定には行政処分としての法的効力は付与されておらず、登記官の処分ではありませんので、Aは、審査請求をすることはできません。,○,筆界特定は行政処分に該当しないため、行政不服審査法等に基づく不服申立て（審査請求）の対象とはならない（不動産登記法第148条）。
平成27年度第19問,不動産登記法,エ,筆界特定の結果に基づき、職権で地積の更正の登記、地図の訂正等の措置をとることができるのは、筆界特定登記官に限られますので、筆界特定登記官でない登記官はそれらの措置をとることができません。,×,筆界特定が完了した後の職権による地図訂正や地積更正登記等の措置は、当該登記所を管轄する「登記官」が行うのであり、筆界特定登記官に限定されるものではない。
平成27年度第19問,不動産登記法,オ,筆界確定訴訟は、登記所の手続とは別個のものですので、Aが甲土地と乙土地との間の筆界について筆界確定訴訟の確定判決を得た場合であっても、Bは、甲土地と乙土地との間の筆界について、別途、筆界特定の申請をすることができます。,×,対象となる筆界について既に筆界確定訴訟の判決が確定している場合には、重複や矛盾を避けるため、筆界特定の申請は却下される（不動産登記法第132条第1項第4号）。
平成27年度第20問,土地家屋調査士法,ア,業務の禁止の処分を受けた土地家屋調査士は、当該処分の日から3年を経過するまでの間、土地家屋調査士となる資格を失う。,○,懲戒処分として業務の禁止を受けた者は、当該処分の日から3年を経過するまで欠格事由に該当し、資格を有しない（土地家屋調査士法第5条第3号）。
平成27年度第20問,土地家屋調査士法,イ,土地家屋調査士法人は、定款で定めるところにより、当事者その他関係人の依頼を受けて、鑑定人に就任し、土地の筆界に関する鑑定を行う業務をすることができる。,×,裁判所等における「鑑定人」は、宣誓等の性質上、自然人に限られるため、法人が鑑定人に就任することはできない。
平成27年度第20問,土地家屋調査士法,ウ,土地家屋調査士は、業務を受任しようとする場合には、あらかじめ、その依頼をしようとする者に対し、報酬の基準を示さなければならない。,○,土地家屋調査士は、業務を受任しようとする場合には、あらかじめ依頼者に対して報酬の額や算定基準を明示しなければならない（会則等の規定による）。
平成27年度第20問,土地家屋調査士法,エ,土地家屋調査士は、土地の表示に関する登記について必要な測量の業務の依頼を受けた場合において、自ら当該業務を行うことができない正当な事由があるときは、補助者に当該業務を取り扱わせることができる。,×,測量等の本質的業務を包括的・独断で補助者に「取り扱わせる」ことは名義貸し等に該当するため許されない。正当な事由があっても、他の調査士に依頼等の措置をとるべきである。
平成27年度第20問,土地家屋調査士法,オ,土地家屋調査士は、補助者を置いたときは、遅滞なく、その旨を事務所の所在地を管轄する法務局又は地方法務局の長に届け出なければならない。,×,補助者の設置等の届出は、所属する「土地家屋調査士会」に対して行うものであり、法務局長等へ直接届出を行うものではない（会則の規定）。
平成26年度第1問,民法,ア,成年被後見人は、意思能力のある状態で日常生活に関する法律行為をした場合であっても、その法律行為を取り消すことができる。,×,民法第9条ただし書により、日用品の購入など日常生活に関する行為は例外的に取り消すことができないため誤り。
平成26年度第1問,民法,イ,本人以外の者の請求により後見開始、保佐開始又は補助開始の審判をする場合には、いずれの場合も本人の同意がなければならない。,×,本人の同意が必要とされているのは「補助開始の審判」のみであり（民法第15条2項）、後見や保佐には不要である。
平成26年度第1問,民法,ウ,被保佐人が行為能力者であることを信じさせるため詐術を用いたときは、その行為を取り消すことができない。,○,制限行為能力者が行為能力者であると誤信させるために詐術を用いた場合、その行為は取り消すことができない（民法第21条）。
平成26年度第1問,民法,エ,成年被後見人が事理を弁識する能力を欠く常況にないこととなった場合には、後見開始の審判は直ちに失効し、成年被後見人は行為能力を回復する。,×,当然に直ちに失効するわけではなく、家庭裁判所による後見開始の審判の取消しの手続きが必要となる（民法第10条）。
平成26年度第1問,民法,オ,成年後見人は財産に関する法律行為一般について代理権を有し、保佐人及び補助人は家庭裁判所の審判により付与された特定の法律行為について代理権を有する。,○,成年後見人は包括的な法定代理権を有するが、保佐人や補助人の代理権は家庭裁判所の審判で付与された特定の行為に限られるため正しい。
平成26年度第2問,民法,ア,所有権に基づく物権的請求権は、10年の消滅時効により消滅する。,×,所有権に基づく物権的請求権は、所有権という本権から派生する権利であるため、消滅時効にはかからない（判例）。
平成26年度第2問,民法,イ,所有者は、その所有権の取得について対抗要件を備えていなくても、その所有物を不法に占有する者に対して、所有権に基づく返還請求権を行使することができる。,○,不法占拠者は民法第177条の「第三者」に該当しないため、所有者は登記を備えていなくても所有権を主張し返還請求ができる。
平成26年度第2問,民法,ウ,所有権に基づく妨害排除請求権を行使するには、妨害状態が発生したことについて相手方に故意又は過失がなければならない。,×,物権的請求権の行使には、客観的な妨害状態が存在すれば足り、相手方の故意や過失は要件とされない。
平成26年度第2問,民法,エ,占有者が所有者に対して提起した占有の訴えに対して、所有者は、その所有権に基づく反訴を提起することができる。,○,占有の訴えに対して、本権（所有権等）に基づく反訴を提起することは禁じられていない（民法第202条2項の趣旨）。
平成26年度第2問,民法,オ,所有者は、その所有物について権原を有しない者から賃借して占有する者だけでなく、当該所有物を賃貸した者に対しても、所有権に基づく返還請求権を行使することができる。,○,直接占有者である賃借人だけでなく、間接占有をしている賃貸人に対しても返還請求権を行使できる（判例）。
平成26年度第3問,民法,1,AとCとが死亡し、その死亡の先後が明らかでない場合には、Dは、Aの相続人となる。,×,同時死亡の推定が働く場合、Cを代襲して孫Gが相続人となるため、直系尊属であるDは相続人とならない。
平成26年度第3問,民法,2,Cは、Aの死亡前に、故意にBを殺害しようとしたが未遂に終わった場合には、これにより刑に処せられたときであっても、Aの相続人となる。,×,先順位又は同順位の相続人（B）を故意に死亡させようとして刑に処せられた者は相続欠格となり、相続人にはなれない（民法第891条2号）。
平成26年度第3問,民法,3,Aの死亡前にC及びGが既に死亡していた場合には、Fは、Eに代わってAの相続人となる。,×,直系尊属の相続において代襲相続は認められないため、Eが死亡していてもFが代襲して相続人となることはない。
平成26年度第3問,民法,4,Cが相続の放棄をした場合には、Gは、Cを代襲してAの相続人となる。,×,相続放棄は代襲相続の原因とならないため、Gは代襲相続人とはならない。
平成26年度第3問,民法,5,Aの死亡前にAとBとが離婚し、BがCの親権者と定められていた場合であっても、Cは、Aの相続人となる。,○,父母が離婚しても血族関係（親子関係）は消滅しないため、Cは引き続きAの相続人となる。
平成26年度第4問,不動産登記法,1,アは「不動産登記」、イは「都道府県」、ウは「土地台帳・家屋台帳」、エは「申請代理人」、オは「所有権の移転」の組合せである。,×,アは「土地台帳・家屋台帳」、イは「市町村」が正しいため誤り。
平成26年度第4問,不動産登記法,2,アは「不動産登記」、イは「国」、ウは「登記簿」、エは「申請適格者」、オは「所有権の保存」の組合せである。,×,アは「土地台帳・家屋台帳」、イは「市町村」が正しいため誤り。
平成26年度第4問,不動産登記法,3,アは「土地台帳・家屋台帳」、イは「国」、ウは「不動産登記」、エは「申請代理人」、オは「所有権の保存」の組合せである。,×,イは「市町村」、エは「申請適格者」が正しいため誤り。
平成26年度第4問,不動産登記法,4,アは「土地台帳・家屋台帳」、イは「市町村」、ウは「不動産登記」、エは「申請適格者」、オは「所有権の保存」の組合せである。,○,この組み合わせが歴史的経緯および現行法の趣旨として正しい。
平成26年度第4問,不動産登記法,5,アは「土地台帳・家屋台帳」、イは「市町村」、ウは「登記簿」、エは「納税義務者」、オは「用益物権の設定」の組合せである。,×,ウは「不動産登記（又は登記簿）」の表現揺れがあるが、エは「申請適格者」、オは「所有権の保存」であるため誤り。
平成26年度第5問,不動産登記法,ア,地図は、一筆又は二筆以上の土地ごとに作成し、各土地の区画を明確にし、地番を表示するものである。,×,地図は一筆ごとに作成されるものではなく、一定のまとまった地域ごとに作成される（不動産登記規則第10条1項）。
平成26年度第5問,不動産登記法,イ,地図訂正の申出をする場合において、その土地の登記記録の地積に錯誤があるときは、当該申出は、地積に関する更正の登記の申請と併せてしなければならない。,○,登記記録の地積に錯誤がある場合の地図訂正申出は、地積更正登記の申請と併せて行わなければならない（不動産登記規則第16条4項）。
平成26年度第5問,不動産登記法,ウ,主に田、畑が占める地域及びその周辺の地域の地図は、2500分の1の縮尺で作成しなければならない。,×,農村地域の地図は1000分の1または2500分の1等の縮尺で作成するものとされており、2500分の1に限定されていない。
平成26年度第5問,不動産登記法,エ,地図には、基本三角点等の位置が記録される。,○,地図には、各筆の土地の区画等のほか、基本三角点等の位置が記録される（不動産登記規則第14条）。
平成26年度第5問,不動産登記法,オ,地図の閲覧を請求することができるのは、請求する土地の所有者や当該土地の抵当権者及び隣接土地所有者等の利害関係を有する者に限られる。,×,地図等の閲覧は利害関係人に限られず、手数料を納付すれば何人も請求することができる。
平成26年度第6問,不動産登記法,ア,甲土地について錯誤による地積の更正の登記が平成21年にされたことによっても、平成18年にされた分筆の登記において登記所に備え付けられた地積測量図は閉鎖されない。,○,平成18年の分筆登記における地積測量図は、分筆された他の土地の図面も兼ねているため、甲土地の地積更正登記がされても閉鎖されない。
平成26年度第6問,不動産登記法,イ,甲土地について分筆の登記が平成24年にされたことにより、平成21年にされた錯誤による地積の更正の登記において登記所に備え付けられた地積測量図は閉鎖される。,○,平成17年規則施行後の分筆では残地を含む全筆の地積測量図が提供されるため、不要となった従前の図面（平成21年の図面）は閉鎖される。
平成26年度第6問,不動産登記法,ウ,乙土地について合筆の登記が平成26年にされたことにより、平成18年にされた分筆の登記において登記所に備え付けられた地積測量図は閉鎖される。,×,合筆の登記がされた場合であっても、元の図面が他の土地の図面を兼ねていることなどから、直ちに従前の地積測量図が閉鎖されるわけではない。
平成26年度第6問,不動産登記法,エ,甲土地及び乙土地が相互に接続している場合であっても、甲土地を乙土地に合筆する合筆の登記を申請することはできない。,○,甲土地（宅地）と乙土地（山林）で地目が相互に異なるため、合筆の登記を申請することはできない（不動産登記法第41条1号）。
平成26年度第6問,不動産登記法,オ,甲土地について地目の変更の登記が平成26年にされた際に、甲土地の所有権の登記名義人に対し、当該地目の変更の登記に係る登記識別情報が通知されている。,×,地目変更登記は表示に関する登記であり、新たな権利の登記名義人となるわけではないため、登記識別情報は通知されない。
平成26年度第7問,不動産登記法,ア,表題登記のある建物について、当該建物を共用部分とする旨の規約を設定した場合には、表題部所有者は、1か月以内に、共用部分である旨の登記を申請しなければならない。,×,共用部分である旨の登記は「権利に関する登記」に該当し、表示の登記のような申請義務は課されていない。
平成26年度第7問,不動産登記法,イ,Aが所有権の登記名義人である土地上にBが所有権の登記名義人である建物があり、当該建物が滅失したときは、土地所有者Aは、1か月以内に建物の滅失の登記を申請しなければならない。,×,建物の滅失登記の申請義務を負うのは建物の表題部所有者又は所有権登記名義人（B）である。土地所有者Aは代位申請は可能だが申請義務は負わない。
平成26年度第7問,不動産登記法,ウ,表題登記がない土地の所有者AがBに売却し、Bが所有権を取得した場合には、Bは取得の日から1か月以内に表題登記を申請しなければならない。,○,表題登記がない土地の所有権を取得した者は、所有権を取得した日から1か月以内に表題登記を申請する義務がある（不動産登記法第36条）。
平成26年度第7問,不動産登記法,エ,Aが表題部所有者である土地の住所について変更があった場合には、Aは1か月以内に表題部所有者の住所の変更の登記を申請しなければならない。,×,表題部所有者の氏名又は住所の変更登記については、法律上の申請義務は課されていない（不動産登記法第31条：申請することができる）。
平成26年度第7問,不動産登記法,オ,地目が雑種地のA所有土地をBが借りて宅地とした後、Bが当該土地の所有権を取得したときは、Bは自己の所有権の登記があった日から1か月以内に地目の変更の登記を申請しなければならない。,○,地目変更があった土地の所有権を取得した者は、所有権を取得した日（自己の所有権の登記があった日）から1か月以内に地目変更の登記を申請しなければならない（不動産登記法第37条2項）。
平成26年度第8問,不動産登記法,イ,所有権登記名義人Aの合筆の登記を調査士Bが申請する場合、Aの本人確認情報とBの職印に関する証明書を提供するときは、Aの印鑑に関する証明書を提供することを要しない。,×,合筆登記の申請には所有権登記名義人の印鑑証明書の提供が必須であり（令16条2項）、本人確認情報を提供した場合でも省略することはできない。
平成26年度第8問,不動産登記法,ウ,所有権登記名義人Aの合筆の登記を調査士Bが申請する場合、Aが署名して公証人の認証を受けた委任状を提供するときは、当該委任状につきAの印鑑証明書を提供することを要しない。,○,申請情報や委任状等について公証人の認証を受けた場合には、印鑑証明書の提供を省略することができる（不動産登記規則第49条2項）。
平成26年度第8問,不動産登記法,エ,表題部所有者Aの相続人Bが土地の表示に関する登記を申請するときは、Aについて相続があったことを証する公務員が職務上作成した情報を提供することを要しない。,×,表題部所有者の相続人が表示に関する登記を申請する場合には、その相続を証する市町村長等が作成した情報（戸籍等）を提供しなければならない。
平成26年度第8問,不動産登記法,オ,所有者Aが土地の表題登記を申請する場合において、住民基本台帳法に規定する住民票コードを提供するときは、Aの住所を証する情報を提供することを要しない。,○,住民票コードを提供した場合には、別途住所を証する情報（住民票の写しなど）の提供を省略することができる。
平成26年度第9問,不動産登記法,ア,土地の表題部所有者又は所有権の登記名義人は、地積について錯誤があったことが判明した日から1か月以内に、地積の更正の登記を申請しなければならない。,×,地積の更正登記は、現状の地積と登記記録を一致させるための登記であるが、表示の変更登記のような1か月以内の申請義務は課されていない。
平成26年度第9問,不動産登記法,イ,一筆の土地の一部を時効取得した者が代位して分筆の登記を申請する場合、地積測定における誤差の限度を超えるときであっても、地積の更正の登記を代位によって申請することはできない。,×,代位による分筆登記の前提として、誤差の限度を超える場合に行う地積更正登記についても代位申請することは認められている。
平成26年度第9問,不動産登記法,ウ,土地の地積が減少することとなる地積の更正の登記を申請する場合には、当該土地の抵当権の登記名義人が承諾したことを証する情報を提供することを要しない。,○,地積更正登記は実体的な権利関係に変更を及ぼすものではないため、地積が減少する場合でも抵当権者は「登記上の利害関係人」に該当せず、承諾証明情報は不要。
平成26年度第9問,不動産登記法,エ,土地の表題部所有者又は所有権の登記名義人のほか、当該土地の抵当権の登記名義人も、当該土地について地積の更正の登記を申請することができる。,×,地積更正登記の申請適格を有するのは、表題部所有者又は所有権の登記名義人に限られ、抵当権者は自己の名で申請することはできない。
平成26年度第9問,不動産登記法,オ,A及びBが所有権登記名義人である土地について、Aが単独で地積の更正の登記を申請する場合であっても、Bが承諾したことを証する情報を提供することを要しない。,○,地積の更正登記は土地の「保存行為」に該当するため、共有者の1人から単独で申請することができ、他の共有者の承諾は不要である。
平成26年度第10問,不動産登記法,ア,抵当権設定登記がある甲土地から乙土地を分筆する場合、抵当権者が分筆後の甲土地について消滅させる承諾情報を提供したときは、甲土地には消滅の旨が記録され、乙土地には設定の登記が転写される。,○,共同担保の分筆の特例に関する記述であり、消滅承諾情報を提供した場合はその通りの処理がなされる（不動産登記法第59条2項）。
平成26年度第10問,不動産登記法,イ,地目が宅地として登記されている土地について、その一部を区画して新たに建物を建築した場合には、その区画した部分につき分筆の登記を申請しなければならない。,×,一部地目変更が生じた場合は分筆義務があるが、宅地の一部に建物を建築しても地目は宅地のままであり、地目変更を伴わないため分筆の申請義務は生じない。
平成26年度第10問,不動産登記法,ウ,A、B、Cが表題部所有者の土地についてDが買主となった場合、DはABCの承諾があったことを証する情報を提供しても、D自らを申請人として分筆の登記の申請をすることはできない。,○,表題部所有者名義のままではDは所有権登記名義人になれず、D自らを申請人として分筆登記を申請することはできない（代位申請は可能だが、D名義での申請は不可）。
平成26年度第10問,不動産登記法,エ,A、B共有地について共有物分割を命ずる判決が確定した場合、Bが協力しないときであっても、AはBに代位して分筆の登記を申請することはできない。,×,共有物分割の判決が確定した場合には、当事者の一方（A）から他方（B）に代位して分割判決に基づく分筆登記を申請することができる。
平成26年度第10問,不動産登記法,オ,甲土地の地上権者Aが甲土地の一部に係る地上権をBに対して譲渡した場合には、所有権登記名義人Cは、その譲渡部分に係る分筆の登記を申請しなければならない。,×,土地の一部について地上権の譲渡等があったとしても、土地の所有権登記名義人に分筆登記の申請義務が発生するわけではない。
平成26年度第11問,不動産登記法,ア,建物がえい行移転したことにより所在が変更した場合において、当該建物の表題部の変更の登記を申請するときは、その申請情報の内容である登記原因及びその日付について、「年月日所在地番変更」と記録しなければならない。,×,えい行移転（曳家）により所在が変更した場合の登記原因は「年月日曳行移転」等と記録する。「所在地番変更」は行政区画の変更などの場合に用いる。
平成26年度第11問,不動産登記法,イ,増築が数次にされている建物について、いずれの増築がされたときも建物の表題部の変更の登記がされていない場合において、床面積の変更の登記を申請するときは、その申請情報の内容である登記原因の日付について、最終の増築の日を記録すれば足りる。,×,数次にわたる増築が未登記の場合、登記原因及びその日付には、それぞれの増築の日付をすべて記録しなければならない。
平成26年度第11問,不動産登記法,ウ,甲市乙町1番から4番までに所在する各土地上に一棟の平家建の建物を新築し、当該建物の床面積が同1番の土地上に100㎡、同2番の土地上に200㎡、同3番の土地上に120㎡、同4番の土地上に150㎡である場合において、当該建物の表題登記を申請するときは、その申請情報の内容である所在について「甲市乙町2番地、4番地、3番地、1番地」と記録しなければならない。,○,建物が数筆の土地にまたがる場合、所在は床面積の広い土地から順に記載する（200㎡→150㎡→120㎡→100㎡の順）。
平成26年度第11問,不動産登記法,エ,甲附属建物がある建物について、甲附属建物を取り壊して乙附属建物を新築した場合に、乙附属建物について甲附属建物と同じ符号を付すことはできない。,×,附属建物が滅失し新たに新築された場合などにおいて、滅失した旧附属建物と同じ符号を付すことは実務上禁止されていない。
平成26年度第11問,不動産登記法,オ,Aが所有権の登記名義人である甲土地をBが賃借し、甲土地上にBが所有権の登記名義人である乙建物がある場合において、甲土地について分筆の登記がされたことにより乙建物の所在地番が変更したときは、Bは、乙建物の所在の変更の登記の申請をすることを要しない。,○,土地の分筆により建物の所在する地番に変更が生じた場合は、登記官が職権で建物の表題部の変更登記をすることができるため、申請を要しない。
平成26年度第12問,不動産登記法,ア,一棟の建物に属する区分建物の全部について表題登記の申請をする場合には、各別の申請情報によることはできない。,×,一棟の建物に属する区分建物の全部について表題登記を申請する場合、一の申請情報で申請することも、各別の申請情報によって同時に申請することも可能である。
平成26年度第12問,不動産登記法,イ,同一の登記所に対して同時に二以上の申請をする場合において、各申請に共通する添付情報を一の申請の申請情報と併せて提供するときは、当該添付情報を当該一の申請の申請情報と併せて提供した旨を他の申請の申請情報の内容としなければならない。,○,共通する添付情報の援用に関する規定の通りである（不動産登記規則第36条4項）。
平成26年度第12問,不動産登記法,ウ,甲建物の附属建物として登記されている区分建物を分割して、これを乙建物の附属建物に合併しようとする場合において、乙建物の当該附属建物が甲建物の附属建物と接続する区分建物であるときは、建物の分割の登記及び建物の合併の登記を一の申請情報によって申請することはできない。,×,区分建物を分割して他の建物の附属建物に合併する場合、一の申請情報によって建物の分割の登記及び建物の合併の登記を申請することができる。
平成26年度第12問,不動産登記法,エ,敷地権付き区分建物の表題登記の申請をする場合において、その敷地権の目的である土地が当該区分建物の所在地を管轄する登記所以外の登記所の管轄区域内にあるときは、当該土地の不動産番号と併せて当該土地を管轄する登記所の表示を申請情報の内容とすれば、当該土地の不動産所在事項、地目及び地積を申請情報の内容とすることを要しない。,×,敷地権の目的である土地が他管轄にある場合であっても、不動産所在事項、地目及び地積は申請情報の内容として提供しなければならない。
平成26年度第12問,不動産登記法,オ,区分建物でない建物について区分の登記を申請する場合において、一棟の建物の名称を申請情報の内容とするときは、当該一棟の建物の構造及び床面積を申請情報の内容とすることを要しない。,○,区分建物でない建物を区分する登記において、一棟の建物の名称を提供するときは、一棟の構造及び床面積の提供を省略することができる。
平成26年度第13問,不動産登記法,ア,建物の分割の登記を申請する場合において提供する建物図面及び各階平面図には、分割後の各建物を表示し、これに符号を付さなければならない。,○,建物の分割の登記を申請する場合に提供する図面には、分割後の各建物を表示し、それぞれに符号を付して明確にしなければならない。
平成26年度第13問,不動産登記法,イ,区分建物の表題登記を申請する場合には、当該区分建物が属する一棟の建物の各階平面図を提供することを要しない。,×,区分建物の表題登記を申請する場合には、原則として当該区分建物が属する「一棟の建物の各階平面図」を提供しなければならない。
平成26年度第13問,不動産登記法,ウ,同一の登記所の管轄区域内にある2個の建物について建物図面の訂正の申出をする場合には、一の申出情報によって申出をすることができる。,○,同一管轄内にある複数建物の図面訂正の申出は、便宜上、一の申出情報によって行うことができる。
平成26年度第13問,不動産登記法,エ,建物の種類の変更の登記を申請する場合において、登記所に当該建物の建物図面及び各階平面図が備え付けられていないときは、申請情報と併せて当該建物の建物図面及び各階平面図を提供しなければならない。,×,建物の種類の変更登記では、床面積や形状に変更が生じない限り、建物図面や各階平面図が備え付けられていなくても提供を要しない。
平成26年度第13問,不動産登記法,オ,建物図面に記録された建物の位置に誤りがある場合において、当該建物の所有権の登記名義人が二人以上あるときは、そのうちの一人から建物図面の訂正の申出をすることができる。,○,建物図面の訂正の申出は保存行為に該当するため、共有者の1人から単独で申し出ることができる。
平成26年度第14問,不動産登記法,ア,附属建物の新築による建物の表題部の変更の登記を申請する場合には、添付情報として、表題部所有者又は所有権の登記名義人の住所を証する市町村長、登記官その他の公務員が職務上作成した情報を提供しなければならない。,×,表題部の変更登記の申請において、申請人の住所証明情報（住民票等）の提供は原則として不要である。
平成26年度第14問,不動産登記法,イ,附属建物がある建物の表題登記を申請する場合において、附属建物の新築の日が主である建物の新築の日と同一であるときは、附属建物の新築の日付を申請情報の内容とすることを要しない。,×,新築年月日が主である建物と同一であっても、附属建物ごとの登記原因及びその日付（新築年月日）は申請情報の内容としなければならない。
平成26年度第14問,不動産登記法,ウ,甲建物を乙建物の附属建物とする建物の合併の登記を申請する場合には、添付情報として、合併後の建物図面及び各階平面図を提供しなければならない。,×,建物の合併の登記にあっては、床面積や形状に変更が生じるわけではないため、原則として建物図面や各階平面図の提供は不要である。
平成26年度第14問,不動産登記法,エ,附属建物がある区分建物の表題登記を申請する場合において、附属建物が主である建物と同一の一棟の建物に属する区分建物であるときは、当該附属建物の所在地番並びに構造及び床面積を申請情報の内容とすることを要しない。,×,所在地番の省略は可能だが、附属建物としての構造・床面積等については省略できず申請情報の内容としなければならない。
平成26年度第14問,不動産登記法,オ,甲建物の敷地に乙建物の敷地を合筆する合筆の登記がされた後、甲建物を乙建物の附属建物とする建物の合併の登記を申請する場合において、合筆による乙建物の所在の変更の登記を申請するときは、当該合併の登記と当該所在の変更の登記を一の申請情報によって申請することはできない。,×,合併の前提として所在の変更登記が必要な場合、便宜上これらを一の申請情報によって申請することができる。
平成26年度第15問,不動産登記法,ア,区分建物でない木造の建物の床面積は、壁の厚さ又は形状にかかわらず、柱の中心線で囲まれた部分の水平投影面積により定める。,×,木造の建物であっても、土蔵造のような壁の厚さが一様でない場合は外壁の中心線となるため「壁の厚さ又は形状にかかわらず」とする記述は誤り。
平成26年度第15問,不動産登記法,イ,区分建物が属する一棟の建物の床面積は、各階ごとに壁その他の区画の内側線で囲まれた部分の水平投影面積により定める。,×,一棟の建物の床面積は、専有部分（内側線）とは異なり、壁その他の区画の「中心線」で計算するため誤り。
平成26年度第15問,不動産登記法,ウ,区分建物において、エレベーター室、エレベーター巻上げ機械室及び階段室で構成される天井の高さが1.8メートルの塔屋は、一棟の建物の床面積に算入する。,○,階段室等の塔屋であって天井の高さが1.5メートル以上のものは、一棟の建物の床面積に算入する。
平成26年度第15問,不動産登記法,エ,観覧席の部分には固定式の屋根の設備を有し、競技場の部分には開閉式の屋根の設備を有するスポーツ施設は、観覧席部分の面積のほか、競技場部分の面積も、床面積に算入する。,×,競技場部分のように開閉式の屋根を有する部分で、屋根を開放した状態では外気分断性が認められない部分は床面積に算入されない。
平成26年度第15問,不動産登記法,オ,周壁のないベランダは、区分建物であっても区分建物でない建物であっても、いずれも床面積に算入しない。,○,ベランダ等で外気分断性を有しない（周壁がない）部分は、区分建物であるか否かにかかわらず床面積には算入されない。
平成26年度第16問,不動産登記法,ア,区分建物が新築された後、当該区分建物の所有者がその敷地について登記された所有権を取得して、その取得の登記がされた場合において、当該所有権を敷地権とする区分建物の表題登記を申請するときは、敷地権の表示の登記原因の日付として、当該所有権の取得の登記の日を申請情報の内容とする。,×,敷地権の取得の登記の日ではなく、実際に敷地利用権が専有部分と分離処分できなくなった日を原因日付とする。
平成26年度第16問,不動産登記法,イ,附属建物のある敷地権付き区分建物の表題登記を申請する場合において、当該附属建物が同一の一棟の建物に属する区分建物であるときは、敷地権の表示として、主である建物に係る敷地権と附属建物に係る敷地権とを区別して、申請情報の内容としなければならない。,×,主たる建物と附属建物が同一の一棟の建物に属する区分建物であるときは、敷地権を区別して申請情報の内容とすることを要しない。
平成26年度第16問,不動産登記法,ウ,区分建物の種類について変更があった後に当該区分建物の所有権の登記名義人となった者は、その者に係る所有権の登記があった日から1か月以内に、当該区分建物の種類の変更の登記を申請しなければならない。,○,建物の表題部に変更があった後に所有権を取得した者は、自己の所有権の登記があった日から1か月以内に変更登記の申請義務を負う。
平成26年度第16問,不動産登記法,エ,区分建物の属する一棟の建物の規約敷地とされている土地を、他の区分建物の属する一棟の建物の規約敷地とすることはできない。,×,団地などの場合、同一の土地を複数の一棟の建物の規約敷地とすることは可能である。
平成26年度第16問,不動産登記法,オ,敷地権付き区分建物のうち抵当証券が発行されていない抵当権の登記があるものについて、専有部分とその専有部分に係る敷地利用権とを分離して処分することができるものとなったことによる敷地権の変更の登記を申請する場合には、当該抵当権の登記名義人が承諾したことを証する情報を提供しても、当該抵当権が消滅した旨の登記はされない。,×,敷地権の変更（消滅）の登記を申請する際、抵当権者が消滅承諾情報を提供したときは、登記官は職権で当該抵当権の消滅の登記をする。
平成26年度第17問,不動産登記法,ア,賃借権の登記がある甲建物と所有権の登記のみがある乙建物について合体による登記等を申請する場合において、甲建物に設定された賃借権が合体後の建物に存続するときは、その旨を申請情報の内容としなければならない。,○,合体前の建物に存続する権利がある場合は、合体後の建物に存続する旨（権利が存続する割合等）を申請情報の内容としなければならない。
平成26年度第17問,不動産登記法,イ,所有権の登記がある建物と表題登記があるが所有権の登記がない建物について合体による登記等を申請する場合において、合体後の建物の価額が6000万円であり、所有権の登記がない建物の所有者が合体後の建物について有することとなる持分の割合を10分の3としたときは、登録免許税額は9万円である。,×,未登記部分の持分（10分の3＝1800万円）について所有権保存登記がなされるため、税率（1000分の4）を掛けると7万2000円となり誤り。
平成26年度第17問,不動産登記法,ウ,合体前の各建物の所有者が異なっており、合体前の各建物の所有者が合体後の建物について有することとなる持分の割合を定めなければならない場合において、合体前の各建物の所有者全員が申請人となり、その印鑑に関する証明書の提供があるときは、その合体による登記等の申請情報をもって、当該持分の割合を証する情報を兼ねることができる。,○,所有者全員が共同して申請し、それぞれ印鑑証明書を提供したときは、申請情報自体を持分割合を証する情報として扱うことができる。
平成26年度第17問,不動産登記法,エ,甲建物の附属建物と乙建物とが合体した場合には、甲建物の附属建物を分割する分割の登記及び合体による登記等を一の申請情報によって申請しなければならない。,×,それぞれ別個の申請情報によるのが原則であるが、一の申請情報で申請する「ことができる」のであって義務ではない。
平成26年度第17問,不動産登記法,オ,合体前の建物の所有権の登記名義人の住所に変更があった場合でも、変更があったことを証する情報を添付情報として提供すれば、当該所有権の登記名義人の住所の変更の登記をすることなく、合体による登記等を申請することができる。,×,合体による登記等を行う場合、前提として名義人の住所変更登記をあらかじめ（または同時に）行っておく必要があり、省略することはできない。
平成26年度第18問,不動産登記法,ア,閉鎖された地図に準ずる図面については、請求人が利害関係を有する部分に限り、その写しの交付を請求することができる。,×,閉鎖された地図等の写しの交付は、利害関係がなくても誰でも手数料を納付して請求することができる。
平成26年度第18問,不動産登記法,イ,一棟の建物に属する全ての区分建物である建物の登記記録に記録されている事項のうち現に効力を有するものを証明した書面の交付を請求することができる。,×,区分建物の登記事項証明書は原則として各専有部分ごとに発行されるため、「全ての区分建物」をまとめた形式の請求はできない。
平成26年度第18問,不動産登記法,エ,区分建物の表題登記が申請された場合に添付情報として提供された敷地権に関する規約を設定したことを証する情報を記載した書面については、請求人が利害関係を有する部分に限り、その写しの交付を請求することができる。,○,添付情報の閲覧・写しの交付請求等については、請求人が利害関係を有する部分に限って行うことができる。
平成26年度第18問,不動産登記法,オ,登記記録に記録されている事項の概要を記載した書面の交付の請求は、請求に係る不動産の所在地を管轄する登記所以外の登記所の登記官に対してもすることができる。,×,登記事項要約書の交付請求は、対象となる不動産を管轄する登記所の登記官に対してのみ行うことができる（管轄外請求は不可）。
平成26年度第19問,不動産登記法,ア,筆界特定とは、一筆の土地及びこれに隣接する他の土地について、筆界の現地における位置を特定することをいい、その位置を特定することができないときは、その位置の範囲を特定することをいう。,○,不動産登記法第123条第2号の規定の通りであり、位置の特定、または特定できない場合は範囲の特定を行う制度である。
平成26年度第19問,不動産登記法,イ,対象土地の筆界について、民事訴訟の手続により筆界の確定を求める訴えが提起された場合であっても、当該訴えに係る判決が確定する前であれば、当該筆界についてされた筆界特定の申請は却下されない。,○,筆界確定訴訟の判決が確定する前であれば、筆界特定の申請は却下されず、手続を進めることができる。
平成26年度第19問,不動産登記法,ウ,甲土地の所有権の登記名義人の相続人は、相続により甲土地の所有権を取得したとしても、甲土地について相続を原因とする所有権の移転の登記がされなければ、甲土地を対象土地とする筆界特定の申請をすることができない。,×,筆界特定の申請適格は「対象土地の所有権の登記名義人又はその相続人等」に認められているため、相続登記未了でも自ら申請できる。
平成26年度第19問,不動産登記法,エ,甲土地の一部の所有権を取得したAは、甲土地の所有権の登記名義人であるBに代位しなければ、甲土地を対象土地とする筆界特定の申請をすることができない。,×,土地の一部取得者は、分筆登記等を経て自ら名義人となり直接申請することも可能なため、「代位しなければ申請できない」わけではない。
平成26年度第19問,不動産登記法,オ,筆界特定の申請をした後、その手続中に申請人が死亡したときは、申請人の相続人が申請人の地位を承継したものとして、筆界特定の手続を進めることができる。,○,筆界特定の手続中に申請人が死亡した場合は、その相続人が手続きを承継することができる。
平成26年度第20問,土地家屋調査士法,ア,土地家屋調査士は、業務を廃止したときは、遅滞なく、日本土地家屋調査士会連合会に対し、直接、その旨を届けなければならない。,×,業務を廃止したときは、所属する土地家屋調査士会を「経由して」日本土地家屋調査士会連合会に届け出なければならず、直接ではない。
平成26年度第20問,土地家屋調査士法,イ,民間紛争解決手続代理関係業務を行うことを目的とする土地家屋調査士法人が同業務を行う場合には、当該土地家屋調査士法人の社員のうち、土地家屋調査士法第3条第2項に規定する土地家屋調査士である社員のみが当該業務を執行する権利を有する。,○,ADR業務を行う調査士法人においては、ADR認定を受けた調査士である社員のみがその業務を執行する権限を有する。
平成26年度第20問,土地家屋調査士法,ウ,土地家屋調査士は、正当な事由がある場合でなければ、業務上取り扱った事件について知ることのできた秘密を他に漏らしてはならない。,○,土地家屋調査士の守秘義務に関する規定の通りである（土地家屋調査士法第24条の2）。
平成26年度第20問,土地家屋調査士法,エ,土地家屋調査士法人の社員でない者が自己を社員であると誤認させる行為をしたときは、当該社員でない者は、その誤認に基づいて土地家屋調査士法人と取引をした者に対し、社員と同一の責任を負う。,○,法人の社員でない者が社員であると誤認させる行為をした場合の表見社員の責任に関する規定の通りである。
平成26年度第20問,土地家屋調査士法,オ,土地家屋調査士は、その所属する土地家屋調査士会及び日本土地家屋調査士会連合会が実施する研修を受け、その資質の向上を図るように努めなければならない。,○,土地家屋調査士の研修受講に関する規定（資質向上のための努力義務等）の通りである（土地家屋調査士法第25条）。
平成25年度第1問,民法,ア,Aが成年者であることを信じさせるため詐術を用いた場合には、Aが未成年者であることをCが知っていたときであっても、Aは、本件売買契約を取り消すことができない。,○,未成年者が自らを行為能力者であると信じさせるために詐術を用いた場合、相手方の善意・悪意を問わず取消権は排除される（判例）。
平成25年度第1問,民法,イ,Aは、成年に達する前であっても、Bの同意を得れば、本件売買契約を追認することができる。,○,未成年者であっても、法定代理人（親権者B）の同意を得てなした追認は有効である（民法第122条、第124条）。
平成25年度第1問,民法,ウ,Aが成年に達する前に、CがBに対して1か月以内に本件売買契約を追認するかどうかを確答すべき旨の催告をした場合において、Bがその期間内に確答を発しないときは、本件売買契約を追認したものとみなされる。,○,法定代理人に対する催告において、期間内に確答を発しない場合は「追認」したものとみなされる（民法第20条1項）。
平成25年度第1問,民法,エ,Cが甲土地を更にDに売却した場合には、Aは、Dに対して取消しの意思表示をしなければ、本件売買契約を取り消すことができない。,×,取消しの意思表示は、直接の契約相手であるCに対して行う必要があり、転得者Dに対して行うものではない（民法第123条）。
平成25年度第1問,民法,オ,Aは、成年に達した後、異議をとどめずに本件売買契約の代金をCから受領した場合には、本件売買契約を取り消すことができない。,○,成年に達した後（取消権を有しなくなった後）に、異議をとどめずに代金を受領する行為は法定追認に該当し、取り消すことができなくなる（民法第125条1号）。
平成25年度第2問,民法,ア,Bは、甲土地を無権利者Cから賃借した場合には、甲土地の賃借権を時効によって取得することはできない。,×,不動産賃借権も、継続的な用益という外形的事実が存在し、かつ、それが賃借の意思に基づくことが客観的に表現されているときは、時効取得できる（判例）。
平成25年度第2問,民法,イ,Bは、甲土地が自己の所有する物であると過失なく信じ、所有の意思をもって、平穏に、かつ、公然と甲土地の占有を開始したものの、それから10年が経過する前に当該占有が隠匿のものとなった場合には、当該占有の開始から10年間占有を継続しても、甲土地の所有権を時効によって取得することはできない。,○,取得時効の要件である「公然」の占有は、時効期間中継続している必要がある。途中で隠匿となった場合は、時効は完成しない。
平成25年度第2問,民法,ウ,Bは、甲土地を無権利者Cから買い受け、甲土地が自己の所有する物であると過失なく信じ、所有の意思をもって、平穏に、かつ、公然と甲土地の占有を開始したものの、それから10年が経過する前に甲土地がAの所有する物であることを知った場合には当該占有の開始から10年間占有を継続しても、甲土地の所有権を時効によって取得することはできない。,×,短期取得時効（10年）における善意・無過失の要件は「占有開始時」に満たしていればよく、途中で悪意になったとしても時効取得の妨げにはならない（民法第162条2項）。
平成25年度第2問,民法,エ,Bは、甲土地が自己の所有する物であると過失なく信じ、所有の意思をもって、平穏に、かつ、公然と甲土地の占有を開始し、その3年後、甲土地がAの所有する物であることを知っているCに対して甲土地を売却した。この場合において、Cは、所有の意思をもって、平穏に、かつ、公然と甲土地の占有を始め、それから7年が経過したときには、甲土地の所有権を時効によって取得することができる。,○,占有の承継があった場合、承継人（C）は前主（B）の占有を併せて主張できる。この際、瑕疵の有無は最初の占有開始時（Bの占有開始時）を基準とするため、Bが善意・無過失であれば、併せて10年で時効取得できる（民法第187条）。
平成25年度第2問,民法,オ,Bは、甲土地がAの所有する物であることを知りながら、所有の意思をもって、平穏に、かつ、公然と甲土地の占有を始め、その4年後、甲土地がBの所有する物であると過失なく信じたCに対して甲土地を売却した。この場合において、Cは、所有の意思をもって、平穏に、かつ、公然と甲土地の占有を始め、それから6年が経過したときには、甲土地の所有権を時効により取得することができる。,×,Cが自己の占有のみを主張する場合は善意・無過失を要件に10年、Bの占有と併せて主張する場合はBの瑕疵（悪意）も引き継ぐため20年の占有期間が必要となる。したがって、併せて10年（4年＋6年）では時効取得できない。
平成25年度第3問,民法,ア,法人の代表者が建物を当該法人の機関として占有しつつ、当該代表者個人のためにも占有していた場合には、当該代表者は、その占有を奪われたときであっても、当該代表者個人として占有回収の訴えを提起することができない。,×,法人の代表者が個人としても占有していた場合、代表者個人としての占有権も成立しうるため、占有回収の訴えを提起することができる（判例）。
平成25年度第3問,民法,イ,悪意の占有者であっても、その占有を奪われたときは、占有回収の訴えを提起することができる。,○,占有回収の訴えは、占有を奪われたという事実に基づいて提起するものであり、占有者の善意・悪意は問わない（民法第200条1項）。
平成25年度第3問,民法,ウ,善意の占有者が本権の訴えにおいて敗訴したときは、その占有の開始の時から悪意の占有者とみなされる。,×,善意の占有者が本権の訴えにおいて敗訴したときは、「その訴えの提起の時」から悪意の占有者とみなされる（民法第189条2項）。
平成25年度第3問,民法,エ,代理人によって占有をする場合における占有の善意又は悪意は、その代理人について決する。,○,代理人による占有において、善意・悪意等の事情は、原則として代理人を基準として決する（民法第101条1項）。
平成25年度第3問,民法,オ,代理人によって占有をする場合において、本人がその代理人に対して以後第三者のためにその物を占有することを命じ、その代理人がこれを承諾したときは、その第三者は、占有権を取得する。,○,指図による占有移転の要件を満たしており、これにより第三者は占有権を取得する（民法第184条）。
平成25年度第4問,不動産登記法,ア,所有権の登記名義人がAである甲土地の分筆の登記と表題部所有者がAである乙土地の分筆の登記,×,所有権の登記名義人（甲）と表題部所有者（乙）では登記の目的や登記事項が異なるため、一の申請情報で申請することはできない。
平成25年度第4問,不動産登記法,イ,表題部所有者がAである甲土地の分筆の登記と表題部所有者Aの住所についての更正の登記,○,分筆登記の前提として表題部所有者の住所更正が必要な場合、これらは一の申請情報で申請することができる（不動産登記規則第35条第8号）。
平成25年度第4問,不動産登記法,ウ,いずれも所有権の登記名義人がA及びBである甲土地（A及びBの持分は、各2分の1）と乙土地（Aの持分は3分の2、Bの持分は3分の1）が隣接する場合において、地目が山林であった甲土地及び乙土地が同時に宅地に造成されたときにする甲土地の地目の変更の登記と乙土地の地目の変更の登記,○,登記の目的及び登記原因並びにその日付が同一であり、管轄も同一であるため、持分割合が異なっていても一の申請情報で申請できる（不動産登記規則第35条第7号）。
平成25年度第4問,不動産登記法,エ,所有権の登記名義人がAである甲建物の登記記録からその附属建物を分割する建物の分割の登記と当該附属建物を所有権の登記名義人がAである乙建物の附属建物とする建物の合併の登記,○,建物の分割登記と、分割された建物を他の建物の附属建物とする合併登記は、便宜上一の申請情報で申請することができる（不動産登記規則第35条第8号）。
平成25年度第4問,不動産登記法,オ,Aが婚姻により配偶者の氏を称することとなった場合にする甲建物の表題部所有者Aの氏名についての変更の登記と乙土地の表題部所有者Aの氏名についての変更の登記,○,同一の登記所の管轄にあり、登記の目的及び登記原因並びにその日付が同一であるため、土地と建物であっても一の申請情報で申請できる（不動産登記規則第35条第7号）。
平成25年度第5問,不動産登記法,ア,登記官の調査完了前であっても、請求により、原本の還付を受けることができる。,○,原本還付の請求は、登記官の調査完了前（受付後）であっても行うことができる。
平成25年度第5問,不動産登記法,イ,原本の還付は、申出により、原本を送付する方法によって受けることができる。,○,原本還付は、申出により、登記所から送付する方法（郵送等）で受けることも認められている。
平成25年度第5問,不動産登記法,ウ,土地の分筆の登記の申請書に添付する当該土地の抵当権の登記名義人が当該抵当権を分筆後のいずれかの土地について消滅させることを承諾したことを証する書面の記名押印に係る印鑑に関する証明書は、原本の還付請求の対象となる。,×,抵当権消滅承諾書の印鑑証明書など、当該申請のためにのみ作成されたと認められる印鑑証明書は、原本還付の対象とならない（不動産登記規則第55条1項ただし書）。
平成25年度第5問,不動産登記法,エ,添付書面が偽造された書面その他の不正な登記の申請のために用いられた疑いがある書面である場合には、当該添付書面の原本の還付を請求することができない。,○,偽造等の疑いがある不正な書面は、証拠保全等の観点から原本還付の対象外とされている（不動産登記規則第55条1項ただし書）。
平成25年度第6問,不動産登記法,ア,土地家屋調査士Aが本人確認情報を提供するときは、Aが登記の申請の代理を業とすることができる者であることを証する情報を併せて提供しなければならない。,×,土地家屋調査士が職務上作成した情報として職印を押印し、職印証明書を添付すること等により資格は明らかとなるため、別途資格証明情報を提供する規定はない。
平成25年度第6問,不動産登記法,イ,土地家屋調査士Aが本人確認情報を提供して登記の申請をしたものの、登記官が当該本人確認情報の内容を相当と認めることができない場合には、当該申請は、直ちに却下される。,×,本人確認情報が不相当と認められた場合、直ちに却下されるのではなく、事前通知の手続き（不動産登記法第23条1項）に移行する。
平成25年度第6問,不動産登記法,ウ,土地家屋調査士Aが登記の申請の依頼を受ける以前から当該申請の申請人の氏名及び住所を知り、かつ、当該申請人との間に親族関係、1年以上にわたる取引関係その他の安定した継続的な関係の存在があるときは、本人確認情報として明らかにすべき「資格者代理人が申請人の氏名を知り、かつ、当該申請人と面識があるとき」に当たる。,○,面識ありとする基準として、継続的関係等の存在が挙げられている（不動産登記規則第72条2項1号ア）。
平成25年度第6問,不動産登記法,エ,土地家屋調査士Aが法人である申請人Bの本人確認情報を提供する場合は、Aは、Bの代表者と面談しなければならない。,○,法人が申請人となる場合の本人確認は、その代表者（又は代理人）と面談して行う必要がある。
平成25年度第6問,不動産登記法,オ,土地家屋調査士Aが甲土地を乙土地に合筆する合筆の登記の申請をそれらの土地の所有権の登記名義人であるBから依頼を受けた場合において、当該申請の半年前に、AがBからその所有に係る丙土地を丁土地に合筆する合筆の登記の申請を依頼され、本人確認情報を提供してその申請をしていたときは、甲土地及び乙土地に係る合筆の登記の申請において提供する本人確認情報として明らかにすべき「資格者代理人が申請人の氏名を知り、かつ、当該申請人と面識があるとき」に当たる。,○,過去1年以内に当該申請人について本人確認情報を提供して登記申請をしたことがある場合は、「面識があるとき」に該当する（不動産登記規則第72条2項1号イ）。
平成25年度第7問,不動産登記法,ア,甲土地の表題部所有者としてA及びBが記録され、Aの持分が3分の2と、Bの持分が3分の1と記録されているものの、真正な持分は、Aが4分の3で、Bが4分の1である場合における、甲土地についてする表題部所有者A及びBの持分の更正の登記,×,持分の更正登記は、実体法上の権利の得喪変更に準ずる性質があるため、自己に有利になる者（A）と不利になる者（B）の共同申請によるべきであり、A単独ではできない。
平成25年度第7問,不動産登記法,イ,甲建物及び乙建物の所有権の登記名義人であるCが死亡し、A及びBが共同相続した場合において、その後に甲建物と乙建物が合体して1個の丙建物となったときにおける、丙建物の表題登記並びに甲建物及び乙建物の表題登記の抹消の登記,○,合体による登記等は、合体後の建物の所有権を取得した者（A及びB）が申請人となるが、保存行為としてA又はBが単独で申請することも可能である。
平成25年度第7問,不動産登記法,ウ,甲建物の表題部所有者としてAが記録されているものの、真正な所有者は、Bである場合における、甲建物の表題部所有者の更正の登記,○,真正な所有者であるBは、実体上の所有権に基づき、自己を単独の表題部所有者とする更正登記を単独で申請することができる。
平成25年度第7問,不動産登記法,エ,甲土地の所有権の登記名義人としてA及びBが記録されている場合における、更正後の地積が減少することとなる甲土地の地積の更正の登記,○,地積更正登記は不動産の物理的現況を正すものであり、地積が減少する場合であっても保存行為として共有者の一人（A）から単独で申請できる。
平成25年度第7問,不動産登記法,オ,甲区分建物の所有権の登記名義人としてBが記録されているものの、規約により、甲区分建物がA及びBの共用部分とされている場合における、甲区分建物についてする共用部分である旨の登記,×,共用部分である旨の登記は、その建物の所有権の登記名義人（B）が申請しなければならず、登記名義人ではないAが単独で申請することはできない。
平成25年度第8問,不動産登記法,ア,牧場地域内にある牧畜のために使用する建物の敷地の地目は、その建物が永久的設備と認められるものに限り、宅地とする。,×,牧場地域内にある牧畜のための建物敷地は、永久的設備であっても「牧場」として取り扱う（不動産登記事務取扱手続準則第68条第14号）。
平成25年度第8問,不動産登記法,イ,地目が山林として記録されている土地について、その後に駐車場として使用されたものの、現在は宅地として使用されている場合には、直ちに、当該土地の地目を宅地とする地目に関する変更の登記をすることができる。,○,中間の地目変更（山林→雑種地）を省略して、現在の現況である「宅地」へと直接地目変更登記をすることができる。
平成25年度第8問,不動産登記法,ウ,耕作地の区域内にある農具小屋の敷地の地目は、その建物が永久的設備と認められるものに限り、宅地とする。,×,耕作地内にある農具小屋の敷地は、永久的設備であっても「田」又は「畑」のままとする（不動産登記事務取扱手続準則第68条第2号）。
平成25年度第8問,不動産登記法,エ,地目が山林として記録されている甲土地に接続する乙土地の地目が宅地である場合において、甲土地がテニスコートに造成されたときは、甲土地の地目を雑種地とする地目に関する変更の登記をすることができる。,×,宅地に接続するテニスコート等で、宅地と一体として利用されると認められる場合は「宅地」とする（不動産登記事務取扱手続準則第68条第20号）。
平成25年度第8問,不動産登記法,オ,温泉の湧出口及びその維持に必要な土地の地目は、鉱泉地とする。,○,温泉等の湧出口及びその維持に必要な土地は「鉱泉地」とする（不動産登記事務取扱手続準則第68条第10号）。
平成25年度第9問,不動産登記法,ア,地目が畑である土地の分筆の登記を申請する場合には、添付情報として、農業委員会が分筆を許可したことを証する情報を提供しなければならない。,×,農地（田、畑）の分筆登記の申請にあたり、農地法上の許可書（農業委員会の許可書等）を添付情報として提供することは要求されていない。
平成25年度第9問,不動産登記法,イ,甲土地の所有権の移転の仮登記の登記名義人は、甲土地の所有権の登記名義人の承諾を証する同人が作成した書面を提供して、甲土地の分筆の登記を申請することができる。,×,分筆登記を申請できるのは原則として「所有権の登記名義人」であり、所有権移転の仮登記名義人は、本登記名義人の承諾を得たとしても自ら分筆申請することはできない。
平成25年度第9問,不動産登記法,ウ,甲土地の一部が河川法の定める河川区域内の土地となった場合において、その旨の登記を登記所に嘱託するときは、河川管理者は、甲土地の所有権の登記名義人に代わって、甲土地の分筆の登記を登記所に嘱託することができる。,○,河川管理者は、河川区域内の土地となったことによる登記を嘱託する前提として、代位により分筆の登記を嘱託することができる（河川法に基づく代位嘱託）。
平成25年度第9問,不動産登記法,エ,登記官は、地図を作成するため必要があると認める場合において、甲土地の所有権の登記名義人の異議がないときは、職権で、甲土地の分筆の登記をすることができる。,○,登記官は、地図の作成等のために必要があるときは、職権で分筆の登記をすることができる（不動産登記法第39条2項）。
平成25年度第9問,不動産登記法,オ,区分建物である建物の登記記録の表題部に敷地権の種類として所有権が記録されている場合には、当該敷地権の目的である土地の分筆の登記は、することができない。,×,敷地権の目的である土地であっても、残地の敷地権の割合等に影響を及ぼさない分筆など、一定の要件を満たせば分筆の登記をすることは可能である。
平成25年度第10問,不動産登記法,ア,建物の登記記録の表題部に不動産所在事項が記録される場合において、当該建物が他の都道府県にまたがって存在するときは、不動産所在事項に当該他の都道府県名が冠記される。,○,建物が他の都道府県にまたがる場合は、不動産所在事項に当該他の都道府県名を冠記する（不動産登記規則第115条1項）。
平成25年度第10問,不動産登記法,イ,甲区分建物を主である建物とし、甲区分建物が属する一棟の建物と同一の土地上に存する別の一棟の建物に属する乙区分建物を附属建物とする建物の表題登記を申請する場合には、申請情報として、乙区分建物の属する一棟の建物が所在する土地の地番を提供することを要しない。,×,附属建物が別の一棟の建物に属する場合、その所在（一棟の建物が所在する土地の地番）は申請情報の内容として提供しなければならない。
平成25年度第10問,不動産登記法,ウ,建物が永久的な施設としてのさん橋の上に存する場合における当該建物の登記記録には、当該建物から最も近い土地の地番を用い、「何番地先」のように当該建物の所在が記録される。,○,さん橋等で地番のない箇所に存在する建物の所在は、最も近い土地の地番を用いて「何番地先」と記録する（不動産登記事務取扱手続準則第78条）。
平成25年度第10問,不動産登記法,エ,仮換地上に建物を新築した場合において、当該建物の表題登記の申請をするときは、申請情報である当該建物の所在として、従前の土地の地番を提供しなければならない。,○,仮換地上の建物の所在は、換地処分が完了するまでは「従前の土地の地番」をもって表示する。
平成25年度第10問,不動産登記法,オ,建物の登記記録の表題部に2筆以上の土地にまたがる建物の不動産所在事項を記録する場合には、床面積の多い部分又は主である建物の所在する土地の地番を先に記録し、他の土地の地番は後に記録する。,○,複数筆にまたがる建物の所在は、主たる建物の所在、または床面積の広い土地の地番を先に記録する原則がある。
平成25年度第11問,不動産登記法,ア,建物の分割の登記を申請するときは、分割前の建物の家屋番号を申請情報の内容とすることを要しない。,×,建物の分割の登記を申請する場合には、申請情報の内容として「分割前の建物の家屋番号」を提供しなければならない（不動産登記規則第118条）。
平成25年度第11問,不動産登記法,イ,団地共用部分である旨の登記を申請する場合においては、団地共用部分を共用すべき者の所有する区分建物でない建物について当該建物の不動産番号を申請情報の内容とするときであっても、当該建物の家屋番号を申請情報の内容としなければならない。,×,不動産番号を申請情報の内容として提供した場合は、建物の所在や家屋番号の提供を省略することができる（不動産登記規則第43条）。
平成25年度第11問,不動産登記法,ウ,建物の登記について、当該建物の所在する土地の地番の更正の登記を申請したときであっても、当該建物の家屋番号の更正の登記を申請することはできない。,×,建物の敷地の地番が更正されたことによって家屋番号に変更が生じる場合、家屋番号の更正（変更）の登記を申請することができる。
平成25年度第11問,不動産登記法,エ,区分建物である建物の登記記録においては、区分建物の表題部に当該区分建物の家屋番号が記録されるほか、一棟の建物の表題部に当該一棟の建物に属する区分建物の家屋番号が記録される。,○,区分建物の登記記録では、各専有部分の表題部のほか、一棟の建物の表題部にも属する区分建物の家屋番号がすべて記録される（不動産登記規則第116条）。
平成25年度第11問,不動産登記法,オ,主である建物の所在する土地と附属建物の所在する土地が管轄登記所を異にする場合において、建物の表題登記を申請したときは、主である建物のほか、附属建物にも、家屋番号が付される。,×,附属建物には独自の家屋番号は付されず、「符号」が付されるのみである。管轄が異なる場合であっても附属建物に家屋番号が付されることはない。
平成25年度第12問,不動産登記法,ア,屋根の種類が2種類である建物について、その建物の構造を定める場合には、屋根の種類による区分として、屋根全体の面積に対する割合が10％以上の屋根の種類により、定めなければならない。,×,屋根が2種類以上ある場合は、面積の割合が「10%以上」という基準ではなく、面積の広いものから順に「スレート・亜鉛メッキ鋼板ぶき」のように定める。
平成25年度第12問,不動産登記法,イ,床面積に算入しない部分があり、当該部分の屋根の種類と他の部分の屋根の種類が異なる建物について、その建物の構造を定める場合には、屋根の種類による区分として、床面積に算入しない部分の屋根の種類によって定めることを要しない。,○,床面積に算入されない部分（出窓や吹き放しのベランダ等）の屋根は、建物の構造（屋根の種類）を定める基準から除外される。
平成25年度第12問,不動産登記法,ウ,建物を階層的に区分してその一部を1個の区分建物とした区分建物である建物の登記記録の表題部においては、最上階の区分建物についてのみ、その専有部分の建物の表示欄中の構造欄に屋根の種類が記録される。,×,区分建物において、屋根の種類は「一棟の建物の表示欄」の構造欄に記録され、「専有部分の建物の表示欄」には記録されない。
平成25年度第12問,不動産登記法,エ,建物の主な用途が2以上の場合には、当該2以上の用途により、建物の種類を定める。,×,用途が2以上ある場合には、主な用途の順に「居宅・店舗」のように定めて記録する。
平成25年度第12問,不動産登記法,オ,建物の各利用部分ごとに用途を異にして利用されている形態にある建物の種類は、「多目的ビル」と定める。,×,「多目的ビル」という建物の種類は存在しない。用途が複数ある場合は「店舗・共同住宅」のように列記して定める。
平成25年度第13問,不動産登記法,ア,建物の一部が上階まで吹抜になっている場合には、その吹抜の部分も、上階の床面積に算入する。,×,上階まで吹抜になっている部分は、上階の床面が存在しないため、上階の床面積には算入しない。
平成25年度第13問,不動産登記法,イ,地下街の建物の床面積は、常時一般に開放されている通路及び階段の部分を除き、壁又は柱等により区画された部分の面積により、定める。,○,地下街の建物の床面積は、一般に開放されている通路や階段を除外して算定する（不動産登記事務取扱手続準則第82条）。
平成25年度第13問,不動産登記法,ウ,建物の内部と外部にまたがってダストシュートがある場合には、その外部にある部分は、各階の床面積に算入しない。,○,ダストシュートや煙突等は原則として各階の床面積に算入するが、建物の「外部」にある部分は算入しない。
平成25年度第13問,不動産登記法,エ,柱又は壁が傾斜している場合の床面積は、各階の床面の接着する壁その他の区画の中心線で囲まれた部分による。,○,柱や壁が傾斜している場合は、各階の「床面が接する」壁その他の区画の中心線で囲まれた部分の面積により定める。
平成25年度第13問,不動産登記法,オ,出窓は、その高さが1.5メートル以上のもので、その下部が床面と同一の高さにあるものに限り、床面積に算入する。,×,出窓は、高さが1.5メートル以上であり、かつ「その下部が床面と同一の高さにあるもの」は床面積に算入されるが、「それに限る」わけではなく、要件を満たせば算入される。
平成25年度第14問,不動産登記法,ア,団地共用部分である旨の登記を申請する場合には、その旨を定めた規約を設定したことを証する情報を提供しなければならない。,○,団地共用部分である旨の登記を申請する際は、原因を証する情報として規約設定証明書の提供が必要となる。
平成25年度第14問,不動産登記法,イ,法定代理人によって建物の表題登記の申請をする場合において、当該法定代理人の権限を証する情報として戸籍の全部事項証明書を提供するときは、当該戸籍の全部事項証明書は、作成後3月以内のものであることを要しない。,○,表示に関する登記の申請において提供する法定代理人の権限証明情報（戸籍謄本等）には、作成後3か月以内という期間制限はない。
平成25年度第14問,不動産登記法,ウ,登記名義人が同一である所有権の登記がある2個の建物の合体による登記の申請においては、当該合体に係る建物のうちいずれか1個の建物の所有権の登記名義人の登記識別情報を提供すれば足りる。,×,所有権の登記がある建物同士の合体による登記の申請では、合体前の「各建物（両方）」についての登記識別情報を提供しなければならない。
平成25年度第14問,不動産登記法,エ,甲区分建物及び乙区分建物が属する一棟の建物が新築された場合において、甲区分建物の所有者Aが乙区分建物の所有者Bに代わって乙区分建物についての表題登記を申請するときは、代位原因を証する情報として、甲区分建物の表題登記の申請情報に添付したAが甲区分建物の所有権を有することを証する情報を援用することができる。,○,同時に申請される他の区分建物の表題登記に添付された所有権証明情報は、代位原因を証する情報として援用可能である。
平成25年度第14問,不動産登記法,オ,建物の表題登記を申請する場合に添付する表題部所有者となる者の住所を証する情報として、当該者に係る印鑑に関する証明書を提供することができる。,○,実務上、住所が記載されている印鑑証明書を「住所を証する情報」として代用・提供することが認められている。
平成25年度第15問,不動産登記法,ア,区分建物である建物を新築した場合において、その所有者について相続があったときは、相続人は、被相続人を表題部所有者とする当該建物についての表題登記を申請することができる。,×,表題登記を申請する前に所有者が死亡した場合、相続人は「自己（相続人）」を表題部所有者として表題登記を申請しなければならない。被相続人名義での申請は不可。
平成25年度第15問,不動産登記法,イ,被相続人の名義で登記されている建物についての表題部の変更の登記を申請する場合においては、共同相続人の一人が当該申請をするときであっても、共同相続人全員に関する被相続人について相続があったことを証する情報を提供しなければならない。,×,保存行為として共同相続人の一人が申請する場合、申請人自身が相続人であることを証する情報を提供すれば足り、全員の情報を網羅する必要はない。
平成25年度第15問,不動産登記法,ウ,甲土地の所有権の登記名義人が死亡し、その相続人がA、B及びCである場合において、「甲土地から乙土地を分筆した上、分筆後の甲土地をAが相続し、乙土地をBが相続する」旨の内容の遺産分割協議書を相続があったことを証する情報の一部として提供すれば、A及びBが共同して当該土地の分筆の登記の申請をすることができる。,○,遺産分割協議により分筆後の土地を各々取得することが確定している場合、相続登記未了であってもAとBが共同して分筆登記を申請できる。
平成25年度第15問,不動産登記法,エ,相続があったことを証する情報として戸籍の全部事項証明書及び遺産分割協議書を提供した場合には、「相続関係説明図」を提供すれば、原本と相違ない旨を記載した謄本を提出することなく、当該戸籍の全部事項証明書及び遺産分割協議書について原本の還付を請求することができる。,×,相続関係説明図の提供によって原本還付が受けられるのは「戸籍関係の証明書」のみであり、遺産分割協議書や印鑑証明書の還付には別途その謄本（コピー）の提出が必要。
平成25年度第15問,不動産登記法,オ,被相続人の死亡前に滅失した被相続人名義の所有権の登記がされている建物の滅失の登記の申請は、共同相続人の一人がすることができる。,○,建物の滅失登記は事実関係の報告的登記であり、保存行為として共同相続人の一人が単独で申請することができる。
平成25年度第16問,不動産登記法,ア,甲区分建物の所有権の登記名義人の申請により、甲区分建物が属する一棟の建物の床面積の変更の登記がされたときは、当該一棟の建物に属する乙区分建物の所有権の登記名義人は、乙区分建物について、当該一棟の建物の床面積の変更の登記を申請することを要しない。,○,一棟の建物の表示変更登記は、いずれかの区分所有者が申請すれば登記官が職権で他の専有部分の記録も変更するため、他の者は申請不要となる。
平成25年度第16問,不動産登記法,イ,区分建物について、当該区分建物が属する一棟の建物の構造の変更の登記を申請する場合には、既に登記された一棟の建物の名称を申請情報の内容とするときでも、変更前の一棟の建物の構造及び床面積を申請情報の内容としなければならない。,×,一棟の建物の名称を申請情報として提供したときは、変更前の「一棟の建物の構造及び床面積」の提供を省略することができる。
平成25年度第16問,不動産登記法,ウ,敷地権の目的である土地として甲土地及び乙土地が登記されている敷地権付き区分建物について、一部の取壊しによって甲土地上に当該区分建物が属する一棟の建物が所在しなくなった場合には、その取壊しの日から1か月以内に、敷地権が敷地権でなくなったことによる区分建物である建物の登記記録の表題部の変更の登記を申請しなければならない。,×,一棟の建物が敷地の一部に所在しなくなったとしても、直ちに敷地権が消滅するわけではなく、建物の所在変更の登記を申請すべき事案である。
平成25年度第16問,不動産登記法,エ,分筆により区分建物が属する一棟の建物の所在しない土地が生じた場合において、当該区分建物についてその属する一棟の建物の所在の変更の登記を申請するときは、添付情報として、変更後の建物図面を提供しなければならない。,○,建物の敷地が分筆され所在する地番に変更が生じた場合、所在の変更登記の申請には変更後の建物図面を提供しなければならない（不動産登記規則第93条）。
平成25年度第16問,不動産登記法,オ,区分建物の床面積が増加した後、所有権の登記名義人から当該区分建物の所有権を取得した者は、所有権の移転の登記をする前においても、当該区分建物の表題部の変更の登記を申請する義務を負う。,×,表題部に変更が生じた後に所有権を取得した者は、「自己の所有権の登記（移転登記等）がされた日」から1か月以内に表題部の変更登記の義務を負う。移転登記前には義務を負わない。
平成25年度第17問,不動産登記法,ア,甲建物と乙建物のいずれにも抵当権の設定の登記がある場合において、乙建物についてのみ抵当権の債権額の変更の登記がされているときは、建物の合併の登記をすることができない。,○,双方に抵当権の登記がある場合でも、登記原因や債権額等が完全に同一でなければ権利関係が一致しないため、合併の登記はできない。
平成25年度第17問,不動産登記法,イ,乙建物についてのみ抵当権の設定の登記がある場合においても、当該抵当権の抵当権者が当該抵当権を消滅させることを承諾したことを証する情報を提供すれば、建物の合併の登記をすることができる。,○,合併制限の対象となる権利であっても、その権利者が権利を消滅させることに承諾し、承諾情報を提供した場合は合併可能である。
平成25年度第17問,不動産登記法,ウ,甲建物と乙建物のいずれにも賃借権の設定の登記がある場合においても、建物の合併の登記をすることができる。,×,所有権や同一の担保物権等「以外の権利（賃借権など）」の登記がある建物同士は、権利の目的物が特定できなくなる等の理由から合併の登記をすることはできない。
平成25年度第17問,不動産登記法,エ,甲建物と乙建物がいずれも区分建物であり、甲建物についてのみ敷地権の登記があるときにおいても、建物の合併の登記をすることができる。,×,一方のみに敷地権の登記がある区分建物同士は、権利関係の不一致（敷地権の有無）により建物の合併の登記をすることができない。
平成25年度第17問,不動産登記法,オ,甲建物と乙建物のいずれにも所有権の仮登記がある場合には、建物の合併の登記をすることができない。,○,所有権の仮登記がある建物同士の合併は、不動産登記法第54条により禁止されている。
平成25年度第18問,不動産登記法,ア,筆界特定登記官は、遅滞なく、筆界特定の申請人に対し、筆界特定書の写しを交付する方法により当該筆界特定書の内容を通知するとともに、筆界特定をした旨を公告し、かつ、関係人に通知しなければなりません。,○,筆界特定が完了した際の筆界特定登記官の義務（通知及び公告）に関する規定の通りである。
平成25年度第18問,不動産登記法,イ,筆界特定書を含む筆界特定手続記録は、B出張所ではなく、A法務局において保管されます。,○,筆界特定手続きは法務局または地方法務局（本局）で行われるため、特定手続記録も出張所ではなく本局で保管される。
平成25年度第18問,不動産登記法,ウ,筆界特定書を含む筆界特定手続記録に記載された情報の保存期間は、永久とされています。,×,筆界特定書は永久保存であるが、それ以外の「筆界特定手続記録」に関する書類は永久保存ではなく、一定期間（10年等）の保存とされている。
平成25年度第18問,不動産登記法,エ,何人も、登記官に対し、手数料を納付して、筆界特定書の写しの交付を請求することができます。,○,筆界特定書の写しの交付請求は、利害関係の有無にかかわらず、何人も手数料を納付して行うことができる。
平成25年度第18問,不動産登記法,オ,甲土地の登記記録に筆界特定がされた旨の記録がある場合において、甲土地から乙土地を分筆する分筆の登記をするときは、分筆後の乙土地につき、筆界特定がされた旨が記録されますか。,×,分筆によって新たに生じた筆界ではなく、既存の筆界特定に関する記録は、原則として分筆後の土地の記録には転写されない。
平成25年度第19問,不動産登記法,ア,Aが所有権の登記名義人である土地の分筆の登記の申請が却下された場合において、Aがその却下処分につき審査請求をしたときは、当該土地の抵当権の登記名義人であるBは、審査庁の許可を得て、参加人として当該審査請求に参加することができる。,○,審査請求の事案に利害関係を有する者（抵当権者等）は、審査庁の許可を得て参加人として手続きに参加できる。
平成25年度第19問,不動産登記法,イ,審査請求は、登記官を経由してしなければならない。,×,審査請求は、処分を行った登記官を経由して行うことも、直接審査庁（法務局長等）に提出して行うことも可能であるため、「経由しなければならない」は誤り。
平成25年度第19問,不動産登記法,ウ,審査請求は、処分があったことを知った日の翌日から起算して60日以内に、しなければならない。,×,不動産登記法上の登記官の処分に対する審査請求は、行政不服審査法の審査請求期間の制限（当時は60日、現行法は3か月）が適用除外されており、いつでも提起できる。
平成25年度第19問,不動産登記法,エ,法務局又は地方法務局の長が審査請求につき裁決をしたときは、裁決書の謄本を審査請求人及び登記官に交付する。,○,審査庁が裁決をした場合は、裁決書の謄本を審査請求人等の関係者および登記官に交付する規定となっている。
平成25年度第19問,不動産登記法,オ,当該登記官を監督する法務局局又は地方法務局の長は、審査請求を理由があると認めるときは、登記官に相当の処分を命じ、その旨を審査請求人のほか登記上の利害関係人に通知しなければならない。,○,審査請求が認容された場合、審査庁は登記官に相当の処分（登記の実行等）を命じ、関係者に通知する義務がある。
平成25年度第20問,土地家屋調査士法,ア,土地家屋調査士は、筆界特定の手続についての代理の依頼を拒むことはできるが、正当な事由がある場合でなければ、当該代理についての相談の依頼を拒むことはできない。,×,土地家屋調査士は、正当な事由がある場合でなければ、表示に関する登記や筆界特定の手続についての代理の依頼（相談の依頼を含む）を拒むことはできない（調査士法第21条）。
平成25年度第20問,土地家屋調査士法,イ,土地家屋調査士がその業務に関して虚偽の調査又は測量をしたときは、当該土地家屋調査士は、1年以下の懲役又は100万円以下の罰金に処せられる。,○,虚偽の調査や測量を行った土地家屋調査士に対する罰則規定の通りである（調査士法第69条）。
平成25年度第20問,土地家屋調査士法,ウ,土地家屋調査士は、その業務を行う地域における土地の筆界を明らかにするための方法に関する慣習その他の土地家屋調査士の業務についての知識を深めるよう、努めなければならない。,○,土地家屋調査士の知識向上に関する努力義務規定の通りである（調査士法第25条）。
平成25年度第20問,土地家屋調査士法,エ,土地家屋調査士は、2以上の事務所を設けることができない。,○,土地家屋調査士は、原則として業務を行うための事務所を2つ以上設けることは禁止されている（調査士法第43条）。
平成25年度第20問,土地家屋調査士法,オ,土地家屋調査士は、会則の定めるところにより、業務上使用する職印を定めなければならない。,○,業務上使用する職印を定め、土地家屋調査士会に登録する義務がある（調査士法施行規則等）。
平成24年度第1問,民法,ア,代理人が本人のためにすることを示さないでした意思表示は、相手方が、代理人が本人のためにすることを知っていたときは、本人に対して直接にその効力を生ずる。,○,相手方が代理人の意図を知っていた（悪意）または知ることができた（有過失）場合は、本人に直接効果が帰属する（民法100条ただし書）。
平成24年度第1問,民法,イ,意思表示の効力が、ある事情を知っていたことによって影響を受けるべき場合には、その事実の有無は、代理人について決する。,○,代理行為における意思の欠缺や瑕疵などは、代理人を基準に判断する（民法101条1項）。
平成24年度第1問,民法,ウ,未成年者を代理人に選任することは、できない。,×,制限行為能力者であっても代理人になることができる（民法102条）。
平成24年度第1問,民法,エ,任意代理において、復代理人の行為について、代理人は、本人に対して債務不履行の責任を負う。,○,任意代理人は、復代理人の行為について自らの債務不履行（履行補助者の行為）として本人に責任を負う。
平成24年度第1問,民法,オ,同一の法律行為については、本人があらかじめ許諾した場合であっても、当事者双方の代理人となることはできない。,×,当事者双方の代理人となること（双方代理）は原則禁止だが、本人があらかじめ許諾した場合は有効となる（民法108条1項ただし書）。
平成24年度第2問,民法,ア,農地の売買契約において、「農業委員会の許可を受けなければ、農地の所有権は移転しない。」旨の条項を設けた場合において、売主による故意の妨害行為があったために農業委員会の許可を受けることができなかったときは、買主は、農業委員会の許可を受けたものとみなして、当該農地の所有権を取得することができる。,×,農地法の許可は効力発生の法定要件であり、当事者が付した条件ではないため、条件成就の妨害（民法130条）の類推適用はない。
平成24年度第2問,民法,イ,甲土地の買主が甲土地の売買代金の支払を遅滞している場合において、売主がした「２週間以内に甲土地の売買代金を支払わないときは、売買契約を解除する。」旨の意思表示は、単独行為に条件を付すものであるから、無効となる。,×,解除などの単独行為に条件を付すことは原則無効だが、相手方を不当に不安定にしない条件（期限の経過による解除等）は有効である。
平成24年度第2問,民法,ウ,「Ａが結婚したら、Ｂは、Ａに対し、Ｂ所有の甲土地を贈与する。」旨の契約をＡ及びＢが締結した場合には、当事者は、甲土地について、条件付所有権の移転の仮登記をすることができる。,○,停止条件付の権利変動であっても、その権利を保全するための仮登記をすることができる（不動産登記法105条2号）。
平成24年度第2問,民法,エ,「Ａが大学に合格したら、Ｂは、Ａに対し、Ｂ所有の乙建物を贈与する。」旨の契約をＡ及びＢが締結した場合において、Ｃの放火により乙建物が滅失したときは、Ａは、大学に合格する前であっても、Ｃに対し、乙建物の価値相当額の損害の賠償を請求することができる。,×,条件成就前は期待権にとどまり、具体的な損害は発生していないため、損害賠償請求は条件成就後にしか行うことができない。
平成24年度第2問,民法,オ,「Ａが大学で進級することができなかったら、Ｂは、Ａに対して支払ってきた奨学金をその後は支払わない。」旨の契約をＡ及びＢが締結した場合において、Ａが大学で進級することができなかったときは、Ｂは、Ａが大学で進級することができなかったことを知らなくても、Ａに対して奨学金を支払う義務を免れる。,○,解除条件が成就した時からその効力を生じるため、当事者の知・不知にかかわらず義務を免れる。
平成24年度第3問,民法,ア,甲土地がＡからＢへ、ＢからＣへと順次譲渡された場合において、甲土地の所有権の登記名義人がいまだＡのままである場合であっても、Ｃは、Ａに対し、甲土地の所有権を主張することができる。,○,AはCにとっての前主にあたり、民法177条の「第三者」には該当しないため、Cは登記なくして所有権を主張できる。
平成24年度第3問,民法,イ,甲土地がＡからＢへ、ＢからＣへと順次譲渡され、所有権の登記名義人がいまだＡのままである場合には、Ｃは、Ｂの相続人であるＤに対し、甲土地の所有権を主張することができない。,×,DはBの包括承継人であり、Cに対する関係では譲渡人と同じ立場となるため、Cは登記なくしてDに主張できる。
平成24年度第3問,民法,ウ,甲土地がＡからＢへ、ＢからＣへと順次譲渡され、所有権の登記名義人がいまだＡのままである場合において、Ａ、Ｂ及びＣの三者間で、ＡからＣへ直接登記名義を移転する旨の合意をしたときは、Ｂの債権者であるＥは、自己の債権を保全するため、Ｂに代位して、Ａに対し、Ｂへの所有権の移転の登記手続を請求することができない。,○,三者間の合意によりBはAに対する登記請求権を失っているため、Bの債権者Eはこれを代位行使することができない。
平成24年度第3問,民法,エ,甲土地がＡからＢへ、ＢからＣへと順次譲渡され、所有権の登記名義人がいまだＡのままである場合には、Ｃは、Ｂに対する登記請求権を保全するためであっても、Ｂに代位して、Ａに対し、Ｂへの所有権の移転の登記手続を請求することができない。,×,Cは自己の権利を保全するため、BのAに対する登記請求権を代位行使することができる。
平成24年度第3問,民法,オ,ＡとＢとの間の売買契約に基づいてＡからＢへ甲土地の所有権の移転の登記がされた場合において、ＡがＢによる詐欺を理由としてその売買契約に係る意思表示を取り消した後、Ｂへの所有権の移転の登記を抹消する前に、ＢからＣへの甲土地の譲渡が行われていたときは、Ｃは、自己への所有権の移転の登記をしなければ、Ａに対し、甲土地の所有権を主張することができない。,○,取消し後の第三者Cと取消権者Aの関係は対抗問題（民法177条）となるため、先に登記を備えた方が優先される。
平成24年度第4問,不動産登記法,ア,土地の表題登記の申請をするときは、その土地の地番を申請情報の内容としなければならない。,×,地番は登記官が付すため、申請情報の内容とはならない。
平成24年度第4問,不動産登記法,イ,地役権の登記がある承役地の分筆の登記を申請する場合において、地役権設定の範囲が分筆後の土地の一部であるときは、分筆前の土地の地役権図面の番号を申請情報の内容とすることを要しない。,○,分筆後の土地の一部に地役権が存続する場合、新たに地役権図面を提供しなければならないため、分筆前の番号を提供する必要はない。
平成24年度第4問,不動産登記法,ウ,所有権の登記がある土地の合筆の登記を申請する場合において、登記識別情報を失念したときは、その旨を登記識別情報を提供することができない理由として申請情報の内容としなければならない。,○,登記識別情報を提供できない場合は、その理由（失念など）を申請情報の内容としなければならない（不動産登記令22条）。
平成24年度第4問,不動産登記法,エ,法人が土地の表題登記の申請をしたときは、申請情報の内容である当該法人の代表者の氏名が当該土地の登記記録の表題部に記録される。,×,法人の代表者の氏名は、登記記録の表題部には記録されない。
平成24年度第4問,不動産登記法,オ,分筆の登記の申請をする場合には、分筆後の土地の地目及び地積を申請情報の内容としなければならないが、当該土地の所在する市、区、郡、町、村及び字については、申請情報の内容とすることを要しない。,×,分筆登記の申請においては、分筆後の土地の所在する市、区、郡、町、村及び字についても申請情報の内容としなければならない。
平成24年度第5問,不動産登記法,ア,地図には、縮尺係数が記録される。,×,地図には縮尺は記録されるが、縮尺係数は記録されない。
平成24年度第5問,不動産登記法,イ,電磁的記録に記録する地図には、各筆界点の座標値が記録される。,○,電磁的記録として作成される地図には、各筆界点の座標値が記録される。
平成24年度第5問,不動産登記法,ウ,市街地地域、村落・農耕地域及び山林・原野地域の地域区分により、地図の縮尺が定められている。,○,地域区分に応じた縮尺の基準が定められている（不動産登記規則10条）。
平成24年度第5問,不動産登記法,エ,地図に表示された土地の区画又は地番に誤りがあるときは、当該土地の表題部所有者若しくは所有権の登記名義人又はこれらの相続人その他の一般承継人は、その訂正の申出をすることができる。,○,表題部所有者や所有権登記名義人等は、地図の訂正の申出をすることができる。
平成24年度第5問,不動産登記法,オ,地図を作成するための一筆地測量及び地積測定における誤差の限度は、市街地地域については、国土調査法施行令別表第四に掲げる精度区分甲三までとされている。,×,市街地地域における精度区分は甲一および甲二までであり、甲三は含まれない。
平成24年度第6問,不動産登記法,ア,地目を畑から宅地に変更する登記の申請情報に記録する登記原因の日付は、農地法所定の許可があった日ではなく、その現況に変更が生じた日である。,○,地目変更登記の原因日付は、農地転用許可日ではなく、現実に土地の用途が変更された日となる。
平成24年度第6問,不動産登記法,イ,地表部分の現況が特定の目的に供されていない土地であっても、地下に鉄道の線路が敷設された場合には、地目を鉄道用地とする地目の変更の登記を申請しなければならない。,×,地表部分が特定の目的に供されていない場合は、地下に線路があっても鉄道用地ではなく雑種地等として扱われる。
平成24年度第6問,不動産登記法,ウ,河川区域内の土地である旨の登記のある土地の地目に変更があった場合でも、河川区域内の土地である旨の登記の抹消をしなければ、地目の変更の登記を申請することはできない。,×,河川区域内の土地である旨の登記の抹消をしなくても、地目変更登記の申請は可能である。
平成24年度第6問,不動産登記法,エ,地目が保安林として登記されている土地が崩壊して荒地となり、かん木類が生える状態になった場合でも、保安林としての指定が解除されない限り、地目を原野とする地目の変更の登記を申請することはできない。,○,保安林の指定が継続している間は、現況が原野のようになっても地目変更の登記はできない。
平成24年度第6問,不動産登記法,オ,敷地権である旨の登記がされている土地については、地目を宅地以外の地目に変更する地目の変更の登記を申請することはできない。,×,敷地権である土地であっても、現況に応じて宅地以外の地目へ変更登記を申請することは可能である。
平成24年度第7問,不動産登記法,ア,承役地についてする地役権の登記がある甲土地から乙土地を分筆する分筆の登記を申請する場合において、地役権設定の範囲が分筆後の甲土地の一部のみとなるときは、既に地役権図面が備えられているとしても、地役権図面を申請情報と併せて登記所に提供しなければならない。,○,分筆によって地役権の範囲が一部に限定される場合は、新たに地役権図面を提供する必要がある。
平成24年度第7問,不動産登記法,イ,承役地についてする地役権の登記がある甲土地から乙土地を分筆する分筆の登記を申請する場合において、地役権設定の範囲が分筆後の甲土地の全部のみとなるときは、甲土地の登記記録については地役権の範囲を甲土地全部に変更する旨を記録し、乙土地の登記記録については地役権の登記を甲土地の登記記録から転写した後、当該地役権の登記が抹消される。,×,乙土地には地役権が存続しないため、乙土地の登記記録に地役権の登記が転写されることはない。
平成24年度第7問,不動産登記法,ウ,要役地についてする地役権の登記がある甲土地から乙土地を分筆し、乙土地について地役権を消滅させる登記を申請する場合において、分筆前の甲土地を目的とする抵当権の登記があるときは、分筆後の乙土地について地役権を消滅させることを証する地役権者が作成した情報のほか、抵当権者が当該地役権を消滅させることを承諾したことを証する情報も、申請情報と併せて登記所に提供しなければならない。,○,要役地上の抵当権の効力は地役権にも及ぶため、地役権を消滅させるには抵当権者の承諾証明情報が必要となる。
平成24年度第7問,不動産登記法,エ,Ａ及びＢが所有権の登記名義人である甲土地から乙土地を分筆する分筆の登記を申請する場合において、分筆後の甲土地をＡが単独で所有し、乙土地をＢが単独で所有することを証する情報を提供したときは、分筆後の甲土地にあってはＡが単独所有者として登記され、乙土地にあってはＢが単独所有者として登記される。,×,分筆登記によって直接単独所有に分けることはできず、分筆後に持分移転登記等を行う必要がある。
平成24年度第7問,不動産登記法,オ,地上権を敷地権とする敷地権である旨の登記がされた甲土地から乙土地を分筆する分筆の登記の申請は、分筆前の甲土地を敷地権の目的である土地とする区分建物の所有権の登記名義人が全員でしなければならない。,×,敷地権の割合に変更が生じない場合等においては、所有権登記名義人全員ではなく一部の者から申請できる場合がある。
平成24年度第8問,不動産登記法,ア,甲土地にはＡ及びＢを所有権の登記名義人とする所有権の登記があり、乙土地にはＢ及びＣを所有権の登記名義人とする所有権の登記がある場合において、甲土地のＡ及びＢの持分がそれぞれ２分の１であり、乙土地のＢ及びＣの持分もそれぞれ２分の１であるときは、乙土地についてＡがＣの持分を取得したことを証する情報を提供して、甲土地を乙土地に合筆する合筆の登記を申請することができる。,×,合筆申請の前提として、あらかじめ持分移転登記を完了させ、登記名義人及び持分を完全に一致させておく必要がある。
平成24年度第8問,不動産登記法,イ,甲土地及び乙土地の登記記録の地目がいずれも宅地である場合であっても、甲土地と乙土地の地番区域が異なるときは、甲土地を乙土地に合筆する合筆の登記を申請することはできない。,○,地番区域が異なる土地同士の合筆は認められない。
平成24年度第8問,不動産登記法,ウ,甲土地に承役地についてする地役権の登記がある場合には、甲土地を他の土地に合筆する合筆の登記を申請することはできない。,×,承役地についての地役権の登記がある土地であっても、他の制限に抵触しなければ合筆できる。
平成24年度第8問,不動産登記法,エ,甲土地にＡを表題部所有者とする表題登記のみがされている場合において、乙土地にＡを所有権の登記名義人とする所有権の登記がされたときは、甲土地を乙土地に合筆する合筆の登記を申請することができる。,×,表題登記のみの土地と所有権の登記がある土地は合筆することができない。
平成24年度第8問,不動産登記法,オ,甲土地に順位１番及び順位２番の抵当権の登記があり、乙土地に順位１番の抵当権の登記がある場合には、甲土地の順位２番及び乙土地の順位１番の抵当権の登記の登記の目的、申請の受付の年月日及び受付番号並びに登記原因及びその日付が同一であっても、甲土地を乙土地に合筆する合筆の登記の申請をすることはできない。,○,いわゆる共同抵当の特例による合筆は、対象となる全ての抵当権の登記原因等が同一である必要があり、一部のみ同一では合筆できない。
平成24年度第9問,不動産登記法,ア,土地の所有権の登記名義人の相続人が数人ある場合には、当該土地の地積測量図に誤りがあるときであっても、相続人の一人が地積測量図の訂正の申出をすることはできない。,×,保存行為として、相続人の一人から単独で地積測量図の訂正申出をすることができる。
平成24年度第9問,不動産登記法,イ,土地の地積測量図の求積方法に誤りがあり、当該土地の登記記録の地積と正しい地積とが異なる場合には、地積測量図の訂正の申出をすることができる。,×,登記記録の地積と正しい地積が異なる場合は、地積測量図の訂正申出ではなく、地積更正登記を申請しなければならない。
平成24年度第9問,不動産登記法,ウ,土地の所有権の登記名義人の住所が変更され、登記記録の住所と異なる場合には、当該所有権の登記名義人は、地積測量図の訂正の申出に係る申出情報と併せて当該所有権の登記名義人の住所に変更があったことを証する情報を提供して、当該申出をすることができる。,○,表題部に関する訂正申出において、登記名義人の表示変更登記を省略し、変更証明情報を添付して直接申出をすることが可能である。
平成24年度第9問,不動産登記法,エ,委任による代理人によって書面による地積測量図の訂正の申出をする場合には、申出情報を記載した書面に添付した当該代理人の権限を証する情報を記載した書面には、その書面に記名押印した申出人の印鑑証明書を添付しなければならない。,×,地積測量図の訂正申出は表題部に関する手続きであり、原則として申出人の印鑑証明書の添付は要求されない。
平成24年度第9問,不動産登記法,オ,地積測量図に記録された地番の誤りを訂正する地積測量図の訂正の申出をする場合には、登記所に備え付けてある資料により訂正する事由が明らかであるときであっても、訂正後の地積測量図を提供しなければならない。,○,地番の訂正であっても、地積測量図の訂正申出には必ず訂正後の地積測量図を提供しなければならない。
平成24年度第10問,不動産登記法,ア,甲土地と乙土地との筆界について既に筆界特定登記官による筆界特定がされている場合においては、当該筆界特定の資料となった文書が偽造されたものであったときでも、甲土地の所有権の登記名義人であるＡは、甲土地及び乙土地を対象土地として筆界特定の申請をすることはできない。,×,資料が偽造されたものであり事実の基礎を欠く等、特別の事情がある場合は再度の筆界特定の申請ができる。
平成24年度第10問,不動産登記法,イ,甲土地の所有権の登記名義人であるＡから甲土地の公有水面側の一部を譲り受けたＢは、甲土地及び丙土地を対象土地として筆界特定の申請をすることはできない。,○,公有水面は土地ではなく、これに接する境界は「筆界」ではないため、筆界特定の対象とすることはできない。
平成24年度第10問,不動産登記法,ウ,甲土地について登記された抵当権の登記名義人であるＣは、甲土地及び乙土地を対象土地として筆界特定の申請をすることができる。,×,抵当権者は所有権登記名義人等ではないため、筆界特定の申請をすることはできない。
平成24年度第10問,不動産登記法,エ,無地番の丁水路を所有するＤ市は、丁水路及び隣接するＥ市が所有する無地番の戊道路を対象土地として筆界特定の申請をすることができる。,×,無地番の土地同士（水路と道路等）の境界は「筆界」として扱われないため、筆界特定の対象とならない。
平成24年度第10問,不動産登記法,オ,甲土地を所有するＡが、隣接する乙土地を所有するＦに対し、Ａが所有する範囲について所有権の確認の訴えを提起し、その判決が確定した場合であっても、Ａは、甲土地及び乙土地を対象土地として筆界特定の申請をすることができる。,○,所有権確認訴訟の判決が確定していても、筆界確定訴訟等の判決が確定していなければ筆界特定の申請は可能である。
平成24年度第11問,不動産登記法,ア,登記記録等の保存期間について、筆界特定書に記載され、又は記録された情報は、筆界特定をした日から50年間保存される。,×,筆界特定書に記載または記録された情報の保存期間は永久である（不動産登記規則71条等）。
平成24年度第11問,不動産登記法,イ,登記記録等の保存期間について、申請又は申出の添付情報を記載した書面として提出された地積測量図が電磁的記録に記録して保存された場合には、当該地積測量図は、電磁的記録に記録して保存された日から10年間保存される。,×,地積測量図は電磁的記録として保存された場合であっても永久保存である。
平成24年度第11問,不動産登記法,ウ,登記記録等の保存期間について、所有権の登記がない土地の表題部の持分の更正の登記の申請情報及びその添付情報は、受付の日から30年間保存される。,○,所有権の登記がない土地の表題部の持分更正等に関する申請情報等の保存期間は30年である（不動産登記規則71条1項1号ロ）。
平成24年度第11問,不動産登記法,エ,登記記録等の保存期間について、地図が備え付けられ、従前の地図に準ずる図面が閉鎖された場合には、当該地図に準ずる図面は、閉鎖された日から50年間保存される。,×,閉鎖された地図に準ずる図面の保存期間は永久である。
平成24年度第11問,不動産登記法,オ,登記記録等の保存期間について、甲土地を乙土地に合筆した場合には、甲土地の登記記録は、閉鎖された日から50年間保存される。,×,※法改正により現在は×。出題当時は50年保存であったが、法改正により現在の閉鎖登記記録の保存期間は「150年間」に延長されている（不動産登記規則28条4項）。
平成24年度第12問,不動産登記法,ア,建物の表示に関する登記の添付情報について、共用部分である旨の登記に錯誤があったことにより表題部の更正の登記を申請する場合には、添付情報として、錯誤があったことを証する情報を提供すれば足り、当該建物の所有者を証する情報を提供することを要しない。,×,共用部分である旨の登記がある建物の表題部の更正登記には、当該建物の所有権を証する情報の提供が必要である。
平成24年度第12問,不動産登記法,イ,建物の表示に関する登記の添付情報について、区分建物である建物を新築した場合において、その所有者について相続があったことにより、相続人が被相続人を表題部所有者とする当該建物の表題登記を申請するときは、添付情報として、相続があったことを証する市町村長が職務上作成した情報（当該情報がない場合にあっては、これに代わるべき情報）を提供しなければならない。,○,相続人からの表題登記申請（法47条2項）においては、相続を証する情報の提供が必要である（不動産登記令別表）。
平成24年度第12問,不動産登記法,ウ,建物の表示に関する登記の添付情報について、共用部分である旨の登記を申請する場合において、抵当証券が発行されていない抵当権の登記があるときは、添付情報として、当該抵当権の登記名義人の承諾を証する当該登記名義人が作成した情報又は当該登記名義人に対抗することができる裁判があったことを証する情報を提供しなければならない。,○,共用部分である旨の登記には、当該建物に存する第三者（抵当権者等）の承諾証明情報の提供が必要である（不動産登記法58条3項）。
平成24年度第12問,不動産登記法,エ,建物の表示に関する登記の添付情報について、共用部分である旨を定めた規約を廃止した場合において、建物の表題登記を申請するときは、添付情報として、表題部所有者となる者が所有権を有することを証する情報を提供することを要しない。,×,規約廃止に伴う表題登記の申請においては、所有権を証する情報の提供が必要である（不動産登記法58条5項）。
平成24年度第12問,不動産登記法,オ,建物の表示に関する登記の添付情報について、敷地権の発生を原因とする建物の表題部の変更の登記を申請をする場合には、敷地権の目的である土地が当該建物を管轄する登記所の管轄区域内にあるときであっても、添付情報として、当該土地の登記事項証明書を提供しなければならない。,×,敷地権の目的である土地が同一の登記所の管轄区域内にある場合は、土地の登記事項証明書の提供は省略できる。
平成24年度第13問,不動産登記法,ア,建物の表示に関する登記について、登記された建物の床面積に誤りがあることが明らかになった場合には、当該建物の所有権の登記名義人は、誤りがあったことを知った日から１か月以内に、当該建物の表題部の更正の登記を申請しなければならない。,×,表題部の変更登記とは異なり、表題部の更正登記には1ヶ月以内の申請義務は規定されていない。
平成24年度第13問,不動産登記法,イ,建物の表示に関する登記について、既に事務所としての表題登記がある建物の用途をＡが改築工事により居宅に変更した後にＢが当該建物の所有権をＡから取得した場合には、Ｂは、当該改築工事が完了した日から１か月以内に、当該建物の表題部の変更の登記を申請しなければならない。,×,所有権移転後に表題部変更事由が存在する場合、新所有者Bは「所有権を取得した日」から1ヶ月以内に変更登記を申請しなければならない（不動産登記法51条2項）。
平成24年度第13問,不動産登記法,ウ,建物の表示に関する登記について、共用部分である旨の登記がある建物について共用部分である旨を定めた規約を廃止した場合には、当該建物の所有者は、当該規約の廃止の日から１か月以内に、当該建物の表題登記を申請しなければならない。,○,共用部分の規約を廃止した建物の所有者は、規約廃止の日から1ヶ月以内に表題登記を申請する義務を負う（不動産登記法58条5項）。
平成24年度第13問,不動産登記法,エ,建物の表示に関する登記について、表題登記がある建物の所在する行政区画の名称に変更があった場合には、当該建物の表題部所有者は、行政区画の名称に変更があった日から１か月以内に、当該建物の表題部の変更の登記を申請しなければならない。,×,行政区画の名称変更は法律上当然に変更されたものとみなされるため（みなし変更）、所有者による変更登記の申請義務はない。
平成24年度第13問,不動産登記法,オ,建物の表示に関する登記について、Ａが表題部所有者である甲建物とＢが所有者である表題登記がない乙建物が改築工事により１個の建物となった場合には、Ａ又はＢは、甲建物と乙建物が１個の建物となった日から１か月以内に、合体後の建物についての建物の表題登記及び合体前の建物についての建物の表題部の登記の抹消を申請しなければならない。,○,合体して1個の建物となった場合、建物の所有者は合体の日から1ヶ月以内に合体による登記を申請する義務がある（不動産登記法49条1項）。
平成24年度第14問,不動産登記法,ア,建物の分割の登記等について、１個の建物として登記されているＡ所有の居宅及び車庫のうち附属建物である車庫のみをＢが買い受けたものの、Ａが建物の分割の登記を申請しない場合には、Ｂは、所有権の移転の登記をする前提として、Ａに代位して建物の分割の登記を申請することができる。,○,所有権の一部を取得したBは、所有権移転登記請求権を保全するために、Aに代位して建物の分割登記を申請することができる。
平成24年度第14問,不動産登記法,イ,建物の分割の登記等について、甲建物の附属建物として登記されている２棟のうち、１棟を主である建物にし、残りの１棟をその附属建物とする場合には、甲建物から２棟の附属建物を乙建物と丙建物にそれぞれ分割する建物の分割の登記をした後に、丙建物を乙建物の附属建物とする建物の合併の登記を申請しなければならない。,×,分割登記と合併登記を別々に行う必要はなく、分割の登記の手続きの中で直接、1棟を主建物、もう1棟をその附属建物とする分割登記を申請できる（不動産登記規則115条）。
平成24年度第14問,不動産登記法,ウ,建物の分割の登記等について、抵当権の登記がある建物について建物の分割の登記を申請する場合において、分割後の全ての建物について抵当権を消滅させることをその抵当権者が承諾したことを証する情報を提供したときは、全ての建物について当該抵当権が消滅した旨を登記することができる。,×,表題部変更（分割）登記の手続きにおいて「全て」の建物についての抵当権を消滅させることはできない。完全に消滅させる場合は別途「抵当権抹消登記」による必要がある。
平成24年度第14問,不動産登記法,エ,建物の分割の登記等について、主である建物が甲登記所の管轄区域内にあり、その附属建物が乙登記所の管轄区域内にある建物が１個の建物として登記されている場合には、この建物を２個の建物に分割する建物の分割の登記は、甲登記所と乙登記所のいずれの登記所に対しても申請することができる。,×,1個の建物の分割登記は、管轄の主従に関わらず、主である建物の所在地を管轄する登記所（甲登記所）に申請しなければならない。
平成24年度第14問,不動産登記法,オ,建物の分割の登記等について、甲建物からその附属建物を分割して乙建物とする建物の分割の登記をする場合において、分割前の甲建物について、現に効力を有する所有権の登記がされた後、当該分割に係る附属建物の新築による当該分割前の甲建物の表題部の登記事項に関する変更の登記がされていたときは、乙建物の登記記録に分割による所有権の登記をする旨が記録される。,○,分割前の建物に所有権の登記があり、附属建物新築等の登記が所有権登記後になされた場合、分割された乙建物の登記記録には分割による所有権の登記が記録される（不動産登記規則144条）。
平成24年度第15問,不動産登記法,ア,建物の個数について、近接して建築された数棟の建物は、効用上一体として利用される状態になくとも、１個の建物として登記することができる。,×,数棟の建物を1個の建物（主建物と附属建物）として登記するには、それらが主従の関係にあり「効用上一体として利用される状態」にあることが必要である。
平成24年度第15問,不動産登記法,イ,建物の個数について、区分建物の１棟の建物の内部にある階段室やエレベーター室等、建物の構造上区分所有者の全員の共用に供されるべき建物の部分は、各別に１個の建物として登記することはできない。,○,いわゆる法定共用部分は、構造上の独立性および利用上の独立性を欠くため、それぞれ独立した1個の建物として登記することはできない。
平成24年度第15問,不動産登記法,ウ,建物の個数について、建物の個数は、建物の物理的現況に変更がない場合であっても、表題部所有者又は所有権の登記名義人の登記の申請により、増加し、又は減少することがある。,○,建物の物理的現況が変わらなくても、分割・区分・合併・合体などの登記申請によって、法律上・登記上の建物の個数が増減することがある。
平成24年度第15問,不動産登記法,エ,建物の個数について、登記記録は、区分建物については１棟の建物ごとに、区分建物でない建物については１個の建物ごとに作成される。,×,区分建物の登記記録は、表題部が「1棟の建物」ごとに作成されるものの、登記記録自体は「1個の建物（各専有部分）」ごとに作成される（不動産登記法14条）。
平成24年度第15問,不動産登記法,オ,建物の個数について、１棟の建物に構造上区分された数個の部分があり、独立して住居としての用途に供することができるものと倉庫としての用途に供することができるものとがある場合において、これらの２個の部分が隣接していないときは、その所有者が同一であっても、これらを１個の建物として登記することはできない。,×,離れた場所にある専有部分（居室）と専有部分（倉庫）であっても、所有者が同一で効用上一体として利用される関係にあれば、主たる建物と附属建物の関係として1個の区分建物として登記できる。
平成24年度第16問,不動産登記法,ア,建物の認定について、海底から海面上まで設置した脚柱によって支えられた永久的な構築物である桟橋の上に建造した家屋は、土地に直接付着していないため、建物と認定することはできない。,×,土地のみならず、海底等の堅固な構築物上に定着して建造された家屋等であっても、建物の要件（外気分断性等）を満たせば建物として認定され得る。
平成24年度第16問,不動産登記法,イ,建物の認定について、主要な用途が電波塔である鉄塔であっても、鉄塔の下部に建物があり、その建物に設けられたエレベーターと階段によって、当該建物と鉄塔上部の展望台とが連絡している場合には、当該建物と当該展望台とを一体として建物と認定することができる。,○,東京タワー等の事例のように、鉄塔下部の建物と上部の展望台とが連絡設備で一体として利用される構造になっている場合は、全体を一体の建物と認定することができる。
平成24年度第16問,不動産登記法,ウ,建物の認定について、屋根ふき材が波形硬質塩化ビニールである建造物は、他の部分が建物として認定することができる要件を備えていたとしても、建物と認定することはできない。,×,屋根ふき材が波形硬質塩化ビニールであっても、定着性や外気分断性、用途性などの建物の要件を備えていれば、建物として認定することができる。
平成24年度第16問,不動産登記法,エ,建物の認定について、ガード下を利用して築造した倉庫は、建物と認定することができる。,○,ガード下の空間を利用して壁で囲い、定着性・外気分断性を備えた堅固な倉庫等であれば、独立の建物として認定することができる。
平成24年度第16問,不動産登記法,オ,建物の認定について、アーケード付街路（公衆用道路上に屋根覆いを施した部分）は、建物と認定することができる。,×,公衆用道路上のアーケードは、独立した建物の要件（外気分断性や排他的支配）を欠き、建物として認定されない。
平成24年度第17問,不動産登記法,ア,建物図面又は各階平面図について、建物図面及び各階平面図は、１個の建物（附属建物があるときは、主である建物と附属建物とを合わせて１個の建物とする。）ごとに作成しなければならない。,○,建物図面及び各階平面図は、原則として1個の建物（主建物と附属建物を含む）ごとに作成しなければならない（不動産登記規則82条1項）。
平成24年度第17問,不動産登記法,イ,建物図面又は各階平面図を書面で作成する場合には、0.3 ミリメートル以下の細線により、図形を鮮明に表示しなければならない。,×,書面で作成する場合の細線の基準は「0.2ミリメートル以下」の細線で鮮明に表示しなければならない（不動産登記規則74条1項）。
平成24年度第17問,不動産登記法,ウ,建物図面の作成に当たり、建物がその図面上において極めて僅少となり、その形状を図示し難いときは、その位置のみを記入し、その用紙の余白の適宜の箇所に適宜の縮尺により拡大表示し、その位置、形状及び縮尺を明らかにすることができる。,○,極めて僅少な場合の特例として、用紙の余白に適宜の縮尺による拡大図を表示することが認められている（不動産登記規則82条3項）。
平成24年度第17問,不動産登記法,エ,各階平面図は、250 分の１の縮尺により作成しなければならないが、建物の状況その他の事情により当該縮尺によることが適当でないときは、500 分の１の縮尺により作成しなければならない。,×,適当でない場合は「500分の1」に限られず、「適宜の比例尺（縮尺）」により作成することができる（不動産登記規則83条1項ただし書）。
平成24年度第17問,不動産登記法,オ,附属建物の新築による建物の表題部の変更の登記を申請する際に提供すべき建物図面は、新築された附属建物のみでなく、主である建物も含めて記録しなければならない。,○,建物図面は敷地内における建物の配置全体を示す図面であるため、新築した附属建物だけでなく主である建物も含めて記録しなければならない。
平成24年度第18問,不動産登記法,1,最初に建物の専有部分の全部を所有する者が区分建物の表題登記の申請をする場合において、規約証明情報として提供の対象となる公正証書により設定することができる規約について、「法定共用部分でない建物の部分及び附属の建物を共用部分とすること」を設定できる。,○,いわゆる規約共用部分の定めであり、分譲業者が公正証書により設定することができる（区分所有法32条、第4条2項）。
平成24年度第18問,不動産登記法,2,最初に建物の専有部分の全部を所有する者が区分建物の表題登記の申請をする場合において、規約証明情報として提供の対象となる公正証書により設定することができる規約について、「区分所有者が建物及び建物が所在する土地と一体として管理又は使用をする庭、通路その他の土地を建物の敷地とすること」を設定できる。,○,いわゆる規約建物の敷地の定めであり、公正証書により設定することができる（区分所有法32条、第5条1項）。
平成24年度第18問,不動産登記法,3,最初に建物の専有部分の全部を所有する者が区分建物の表題登記の申請をする場合において、規約証明情報として提供の対象となる公正証書により設定することができる規約について、「法定共用部分の持分を専有部分の床面積の割合と異なる割合によるものとすること」を設定できる。,×,共用部分の持分割合の変更（区分所有法14条）については、法32条に基づく公正証書による規約設定の対象として明記されていないため、設定できない。
平成24年度第18問,不動産登記法,4,最初に建物の専有部分の全部を所有する者が区分建物の表題登記の申請をする場合において、規約証明情報として提供の対象となる公正証書により設定することができる規約について、「各専有部分に係る敷地利用権の割合を各専有部分の床面積の割合と異なる割合によるものとすること」を設定できる。,○,敷地利用権の割合の変更に関する定めであり、公正証書により設定することができる（区分所有法32条、第22条2項ただし書）。
平成24年度第18問,不動産登記法,5,最初に建物の専有部分の全部を所有する者が区分建物の表題登記の申請をする場合において、規約証明情報として提供の対象となる公正証書により設定することができる規約について、「専有部分とその専有部分に係る敷地利用権とを分離して処分することができるようにすること」を設定できる。,○,分離処分の可能の定め（分離処分禁止の排除）であり、公正証書により設定することができる（区分所有法32条、第22条1項ただし書）。
平成24年度第19問,不動産登記法,ア,登録免許税に関し、１筆の土地を２筆に分筆する分筆の登記をした場合において、錯誤を原因とする分筆の登記の抹消を申請するときに納付すべき登録免許税の額は、1000 円となる。,×,分筆登記の抹消の登録免許税は、抹消の対象となる分筆後の土地の筆数ごとに1000円が課されるため、2筆となっている場合は2000円となる。
平成24年度第19問,不動産登記法,イ,登録免許税に関し、地上権が敷地権である旨の登記がある土地を分筆する分筆の登記を申請する場合には、登録免許税は課されない。,×,敷地権である旨の登記がある土地の分筆であっても、通常と同様に分筆後の土地の筆数につき1000円の登録免許税が課される。非課税規定はない。
平成24年度第19問,不動産登記法,ウ,登録免許税に関し、所有権の登記名義人を異にする二以上の建物が合体して１個の建物となった場合にする登記の申請において納付すべき登録免許税の額は、1000 円となる。,○,合体による登記において表題部変更に相当する部分の登録免許税は、合体後の建物1個につき1000円が課される。
平成24年度第19問,不動産登記法,エ,登録免許税に関し、所有権の登記がある甲土地の一部を分筆してこれを所有権の登記がある乙土地に合筆する合筆の登記を一の申請情報によって申請する場合に納付すべき登録免許税の額は、2000 円となる。,○,分筆と合筆を一の申請情報により一括申請する場合、本来の合算額から控除される特例があり、分合筆登記として1件につき2000円となる。
平成24年度第19問,不動産登記法,オ,登録免許税に関し、私人が所有権の登記名義人である土地について、地方公共団体が代位による分筆の登記を嘱託する場合には、登録免許税は課されない。,×,国や地方公共団体が自己の権利のためにする登記等は非課税だが、私人名義の土地について代位嘱託する場合、利益を受けるのは私人であるため非課税とはならない。
平成24年度第20問,土地家屋調査士法,ア,土地家屋調査士会に関する規定について、土地家屋調査士会は、入会金に関する規定を会則に記載しなければならず、入会金に関する会則の規定を定め、又は変更するには、法務大臣の認可を受けなければならない。,×,「入会金に関する規定」等、法務省令で定める事項の会則変更は、法務大臣の認可を受けることを要しない（土地家屋調査士法53条3項）。
平成24年度第20問,土地家屋調査士法,イ,土地家屋調査士会に関する規定について、土地家屋調査士会は、所属の会員が受任する業務の報酬額を定めなければならず、会員は、その報酬額の定めに従わなければならない。,×,調査士の報酬規定は法改正により撤廃されており、現在は各調査士が自由に報酬を定めることができる。
平成24年度第20問,土地家屋調査士法,ウ,土地家屋調査士会に関する規定について、土地家屋調査士会は、所属の会員が土地家屋調査士法に違反するおそれがあると認めるときは、会則の定めるところにより、会員に対し、注意を促し、又は必要な措置を講ずべきことを勧告することができる。,○,土地家屋調査士会は、会員の違法行為のおそれがある場合、注意または必要な措置の勧告をすることができる（土地家屋調査士法56条）。
平成24年度第20問,土地家屋調査士法,エ,土地家屋調査士会に関する規定について、日本土地家屋調査士会連合会は、土地家屋調査士となる資格を有している者から土地家屋調査士名簿への登録を求められた場合には、その者が土地家屋調査士会への入会の手続を執らないことを理由として、登録を拒否してはならない。,×,日本土地家屋調査士会連合会は、登録申請者が調査士会に入会する手続きをとらないときは、登録を拒否しなければならない（土地家屋調査士法10条1項2号）。
平成24年度第20問,土地家屋調査士法,オ,土地家屋調査士会に関する規定について、土地家屋調査士会は、所属の会員が土地家屋調査士法に違反すると考えるときは、その旨を法務大臣に報告しなければならない。,○,調査士会は、会員が同法や会則等に違反する事実があると認めるときは、法務大臣等に報告しなければならない義務がある（土地家屋調査士法57条等）。
平成23年度第1問,民法,ア,Ａが、Ｂに強迫されて、Ａ所有の甲土地をＢに売り渡して所有権の移転の登記をし、さらに、Ｂが事情を知らないＣに甲土地を転売して所有権の移転の登記をした場合には、Ａがその後にＡＢ間の売買契約を強迫を理由として取り消したとしても、Ａは、Ｃに対して甲土地の所有権を主張することはできない。,×,強迫による意思表示の取消しは、善意無過失の第三者に対しても対抗することができる（民法96条3項の反対解釈）。
平成23年度第1問,民法,イ,ＡとＢとが通謀して、Ａ所有の甲土地をＢに仮装譲渡して所有権の移転の登記をし、さらに、Ｂが仮装譲渡の事実を知らないＣに甲土地を転売し、その後、Ｃが仮装譲渡の事実を知っているＤに甲土地を転売した場合には、Ａは、Ｄに対して甲土地の所有権を主張することはできない。,○,通謀虚偽表示の無効は善意の第三者（C）に対抗できず、Cが確定的に権利を取得するため、その後の転得者（D）が悪意であってもAは無効を主張できない。
平成23年度第1問,民法,ウ,Ａが、Ａ所有の甲土地を売り渡すつもりで、錯誤によりＡ所有の乙土地をＢに対して売り渡した場合には、Ａに重大な過失があるときであっても、Ｂは、当該売買契約の取消しを主張することができる。,×,※法改正により現在は取消しの問題。錯誤による取消し（旧法では無効）は原則として表意者（A）を保護する制度であり、相手方（B）から主張することはできない。
平成23年度第1問,民法,エ,Ａが、Ｂにだまされて、Ａ所有の甲土地をＣに売却した場合には、ＣがＢによるＡに対する詐欺につき善意かつ無過失であったときであっても、Ａは、ＡＣ間の売買契約を取り消すことができる。,×,第三者（B）の詐欺による意思表示は、相手方（C）がその事実を知り、または知ることができた場合（悪意または有過失）に限り、取り消すことができる（民法96条2項）。
平成23年度第1問,民法,オ,Ａが、Ａ所有の甲土地を売却するに当たり、Ｂにその代理権を与えていたところ、Ｂが、売買代金を着服する意図で、甲土地をＣに売却した場合において、Ｃが、Ｂの着服の意図を知らなくても、その意図を知ることができたときは、Ａは、当該売買契約の無効を主張することができる。,○,代理人の権限濫用について、相手方が悪意または有過失（知ることができた）である場合は、無権代理行為とみなされ（民法107条）、本人は契約の無効（効果不帰属）を主張できる。
平成23年度第2問,民法,ア,ＡのＢに対する売買代金債務を連帯保証したＣは、Ａの売買代金債務について消滅時効が完成した後にＢから連帯保証債務の履行を求められた場合にはＡの売買代金債務についての消滅時効が完成する前に自らの連帯保証債務を承認していたときであっても、Ａの売買代金債務についての消滅時効を援用してＢからの請求を拒むことができる。,○,連帯保証人は主債務の消滅時効を独自に援用する利益を有する。保証人が保証債務を承認しても、主債務の時効援用権は失われない。
平成23年度第2問,民法,イ,Ａを抵当権者として先順位の抵当権が設定されている不動産の後順位の抵当権者であるＢは、Ａの先順位の抵当権の被担保債権について消滅時効が完成した場合であっても、その消滅時効を援用することができない。,○,後順位抵当権者は、先順位抵当権の被担保債権の消滅により順位が上昇する利益（反射的利益）を有するに過ぎず、時効を援用する正当な利益を有する者には該当しない。
平成23年度第2問,民法,ウ,甲土地上に乙建物を所有しているＡから乙建物を賃借しているＢが、甲土地の所有者であるＣから、所有権に基づき乙建物から退去して甲土地を明け渡すよう求められた場合において、Ａの占有による甲土地の所有権の取得時効が完成しているときは、Ｂは、その取得時効を援用してＣからの請求を拒むことができる。,○,建物の賃借人は、敷地所有者からの明渡請求を拒むため、建物所有者（賃貸人）の敷地に対する取得時効を援用する正当な利益を有する。
平成23年度第2問,民法,エ,被相続人Ａの占有により甲土地の取得時効が完成していた場合には、Ａの共同相続人の一人であるＢは、甲土地の全部について取得時効を援用することができる。,×,共同相続人の一人は、自己の相続分の限度においてのみ被相続人の占有による取得時効を援用することができる。全部について援用することはできない。
平成23年度第2問,民法,オ,Ａに対する貸金債務を承認したＢが、Ａから貸金返還請求を受けた場合には、Ｂは、その承認の際に、その貸金債務について消滅時効が完成していることを知らなかったときであっても、貸金債務の消滅時効を援用してＡからの請求を拒むことができない。,○,時効完成後の債務の承認は、時効完成の事実を知らなくても、信義則上、その後に時効を援用することは許されない（時効の利益の放棄に準じる）。
平成23年度第3問,民法,ア,Ａ、Ｂ及びＣが共同して甲土地をＤに賃貸している場合において、その賃貸借契約を解除するときは、Ａは、Ｂ及びＣの了解がなくても、単独でＤに対して解除権を行使することができる。,×,共有物の賃貸借契約の解除は共有物の管理行為に該当するため、各共有者の持分の価格に従い、その過半数で決しなければならない（民法252条）。
平成23年度第3問,民法,イ,Ａが、Ｂ及びＣの承諾を得ることなく、単独で甲土地全部を占有している場合であっても、Ｂ及びＣは、その共有持分が過半数を超えることを理由として、Ａに対して当然には甲土地の明渡しを請求することはできない。,○,各共有者は共有物の全部について、その持分に応じた使用をすることができるため、他の共有者は当然には明渡しを請求できない。
平成23年度第3問,民法,ウ,Ｂの持分についてのみ第三者Ｄへの不実の持分移転登記がされている場合には、Ａ又はＣは、それぞれ単独でＤに対してその持分移転登記の抹消登記手続を請求することはできない。,○,他の共有者の持分に関する不実登記の抹消は、自己の持分への妨害ではないため、保存行為として単独で抹消請求することはできない。
平成23年度第3問,民法,エ,第三者Ｅが甲土地を不法に占有したことによりＡ、Ｂ及びＣの使用が妨げられた場合であっても、Ａは、Ｅに対してその持分割合を超えて損害賠償を請求することはできない。,○,不法占有者に対する損害賠償請求は、各共有者が自己の持分割合の限度でのみ行うことができる（不可分債権ではない）。
平成23年度第3問,民法,オ,甲土地の分割が裁判所に請求された場合において、甲土地を分割することが不可能であるか、又は分割によってその価格を著しく減少させるおそれがあるときは、裁判所は、甲土地を競売に付し、その売得金をＡ、Ｂ及びＣの各持分割合に応じて分割することを命ずることができる。,○,現物分割が不可能または価格減少のおそれがある場合は、競売による代金分割を命ずることができる（民法258条2項）。
平成23年度第4問,不動産登記法,ア,所有権の登記名義人が二人以上である土地の合筆の登記の申請については、登記名義人ごとに同一の内容の登記識別情報を通知しなければならない。,×,合筆の登記においては、新たな権利の取得はないため、登記識別情報は通知されない。
平成23年度第4問,不動産登記法,イ,登記識別情報の通知を受けるべき者が、官庁又は公署である場合には、あらかじめ登記識別情報の通知を希望する旨の申出がなければ、登記識別情報の通知を要しない。,○,官公署が権利者となる場合は、原則として登記識別情報は通知されず、希望する旨の申出がある場合にのみ通知される（不動産登記規則64条1項1号）。
平成23年度第4問,不動産登記法,ウ,登記識別情報を記載した書面の交付を受けた者が、当該書面を自宅の火災により焼失してしまった場合には、登記識別情報の再発行をすることができる。,×,登記識別情報の通知（書面の交付を含む）は、いかなる理由があっても再作成や再発行をすることはできない。
平成23年度第4問,不動産登記法,エ,登記識別情報を記載した書面を交付する方法によって通知を受けるべき者が、登記完了の時から 30 日以内に登記識別情報を記載した書面を受領しない場合には、登記識別情報の通知を要しない。,×,書面交付による通知の場合は「3ヶ月以内」に受領しないときに通知を要しないこととなる（不動産登記規則64条1項3号）。
平成23年度第4問,不動産登記法,オ,家庭裁判所が選任した不在者の財産管理人が、当該不在者が所有する所有権の登記がある土地の合筆の登記を申請し、当該登記が完了した場合には、登記識別情報の通知は、当該不在者の財産管理人に対して行う。,×,合筆の登記では新たな登記識別情報は通知されない（肢アと同様）。また、仮に通知される登記であっても、法定代理人等へ通知する規定がある。
平成23年度第5問,不動産登記法,ア,地図訂正の申出は、その地図に表示された土地の所有権の登記名義人が二人である場合には、そのうちの一人からすることができる。,○,地図の訂正の申出は保存行為に該当するため、共有者の一人から単独で申し出ることができる。
平成23年度第5問,不動産登記法,イ,一筆の土地の一部が滅失したため、これを原因とする地積の変更の登記を申請する場合には、併せて地図訂正の申出をしなければならない。,×,地積変更登記（一部滅失）を申請する場合、その登記の手続きに付随して職権で地図が訂正されるため、別途の地図訂正の申出は不要である。
平成23年度第5問,不動産登記法,ウ,隣接地の所有者間において両土地の地番を付け替える旨の合意を含む調停が成立したとしても、その合意に基づいて両土地の地番を付け替える地図訂正の申出をすることはできない。,○,地図の訂正は客観的な誤り（原始的誤謬）を是正するものであり、当事者間の合意によって人為的に地番を付け替えるために利用することはできない。
平成23年度第5問,不動産登記法,エ,登記官は、地図に誤りがあると認められる場合であっても、地図訂正の申出がないときは、職権で地図訂正をすることはできない。,×,登記官は、地図に誤りがあることを発見したときは、職権でこれを訂正することができる（不動産登記法14条4項）。
平成23年度第5問,不動産登記法,オ,地図に表示された土地の位置についての地図訂正の申出をする場合には、当該土地の位置の誤りが、登記所に備え付けられている地積測量図によって確認することができるときであっても、当該土地の位置に誤りがあることを証する情報の提供をしなければならない。,×,登記所の備付資料（地積測量図等）により誤りが明らかである場合には、誤りを証する情報（同意書等）の提供を省略できる（不動産登記規則16条2項ただし書）。
平成23年度第6問,不動産登記法,ア,所有権が敷地権である旨の登記がされている土地の分筆は、その敷地権の登記がされた区分建物における所有権の登記名義人の３分の２以上の者の申請により、することができる。,×,敷地権付き土地の分筆であっても、敷地権の割合等に変更が生じる場合など実体上の権利変動を伴う場合は、原則として所有権登記名義人全員から申請する必要がある。
平成23年度第6問,不動産登記法,イ,区分建物が所在する土地を２筆に分筆する場合において、その土地の一方が当該区分建物が所在する土地以外の土地となるときは、当該分筆の登記の申請情報と併せて、当該土地を当該区分建物の敷地とする旨の規約を定めたことを証する情報の提供をしなければならない。,○,法定敷地の一部が建物の所在しない土地となる場合、分離処分を避けるために規約敷地とするための規約設定証明情報の提供が必要となる（不動産登記法41条等）。
平成23年度第6問,不動産登記法,ウ,土地の一部が別の地目となった場合には、登記官が職権で分筆することができるので、所有権の登記名義人は、分筆の登記を申請することを要しない。,×,一部地目変更による分筆登記は、登記官の職権ではなく、所有権登記名義人が申請義務を負う（不動産登記法39条2項）。
平成23年度第6問,不動産登記法,エ,分筆の登記の申請において、分筆前の地積と分筆後の地積が異なる場合であっても、その地積の差が分筆前の地積を基準にして不動産登記規則に定められている誤差の限度内であるときは、地積に関する更正の登記を申請することを要しない。,○,分筆前後の地積の差が公差（誤差の限度）内である場合は、地積更正登記を要せず分筆登記を申請することができる。
平成23年度第6問,不動産登記法,オ,所有権の登記がない土地について、表題部所有者ではない当該土地の実体上の所有者は、表題部所有者の承諾を証する情報を提供して、当該土地の分筆の登記を申請することができる。,×,分筆登記は表題部所有者（または所有権登記名義人）から申請しなければならず、実体上の所有者であっても表題部名義人でなければ直接申請することはできない。
平成23年度第7問,不動産登記法,ア,土地の表題登記をする場合において使用される地番は、特別の事情がない限り、当該土地に隣接するいずれかの土地の地番に支号を付して定める。,○,新たに表題登記する土地の地番は、隣接地の地番に支号を付して定めるのが原則である（不動産登記規則67条1項）。
平成23年度第7問,不動産登記法,イ,要役地についてする地役権の登記がある土地で地番に支号がないものについて分筆の登記をする場合において、当該地役権を分筆後のいずれかの土地について消滅させることを証する地役権者が作成した情報が提供され、当該土地の地役権を抹消するときは、分筆した土地について支号を用いない地番を存することができる。,×,分筆により権利関係（地役権等）が異なることになる場合は、いずれの土地についても支号を付した新たな地番を付さなければならない（不動産登記規則67条3項の例外に該当しない）。
平成23年度第7問,不動産登記法,ウ,特別の事情がある場合には、合筆した土地について、合筆前の首位の地番をもってその地番としなくとも差し支えない。,○,合筆後の地番は原則として首位の地番とするが、特別の事情がある場合はこの限りではない（不動産登記規則67条2項ただし書）。
平成23年度第7問,不動産登記法,エ,地番は、市、区、町、村、字又はこれに準ずる地域ごとに起番し、土地の位置が分かりやすいものとなるように定められる。,○,地番は、地番区域（市、区、町、村、字等）ごとに起番して定める（不動産登記規則66条）。
平成23年度第7問,不動産登記法,オ,甲土地を甲土地及び乙土地に分筆した後、錯誤により分筆の登記の申請がされたことを原因として、分筆の登記の抹消がされた場合には、抹消された乙土地の地番は、特別の事情がなくても、再使用することができる。,×,一度使用され、閉鎖または抹消された地番（乙土地の地番）は、混同を避けるため、原則として再使用することはできない（不動産登記規則68条）。
平成23年度第8問,不動産登記法,ア,抵当権の登記がある甲土地を甲土地及び乙土地に分筆し、乙土地については、抵当権を消滅させる登記を申請する場合において、当該抵当権を目的とする第三者の権利に関する登記があるときは、当該分筆の登記後の乙土地について、抵当権者が当該抵当権を消滅させることを承諾したことを証する情報のほか、当該第三者が当該抵当権を消滅させることを承諾したことを証する情報も提供しなければならない。,○,抵当権の消滅登記において、その抵当権を目的とする第三者の権利がある場合は、その第三者の承諾証明情報も必要となる。
平成23年度第8問,不動産登記法,イ,承役地についてする地役権の登記がある土地の分筆の登記又は合筆の登記を申請する場合において、地役権の設定の範囲が分筆後又は合筆後の土地の一部となるときは、申請情報には地役権の設定の範囲を記載し、地役権図面及び地役権証明書を添付しなければならない。,×,地役権図面の提供は必要だが、「地役権証明書（地役権者が作成した証明情報等）」の提供は規定されていない（分筆において存続する範囲を特定するのみ）。
平成23年度第8問,不動産登記法,ウ,永小作権又は採石権の登記がある土地は、登記の目的、申請の受付の年月日及び受付番号並びに登記原因及びその日付が同一であっても、合筆の登記を申請することはできない。,○,永小作権や採石権などの用益権は、所有権や地役権等と異なり、例外なく合筆の制限事由となる（不動産登記法41条1項2号）。
平成23年度第8問,不動産登記法,エ,抵当権の登記がある甲土地を甲土地及び乙土地に分筆する際に、乙土地について抵当権者が当該抵当権を消滅させることを承諾したことを証する情報を提供して分筆の登記がされた場合であっても、当該分筆の登記が錯誤により申請がされたときは、分筆錯誤を原因として、当該分筆の登記の抹消を申請することができる。,○,分筆に伴い一部の土地につき抵当権が消滅した場合であっても、分筆自体が錯誤であれば、その抹消登記を申請できる。
平成23年度第8問,不動産登記法,オ,所有権の移転の仮登記がある土地は、その申請の受付の年月日及び受付番号並びに登記原因及びその日付が同一である場合には、合筆の登記を申請することができる。,×,所有権の仮登記がある土地は、たとえ受付番号等が同一であっても合筆の制限事由に該当し、合筆登記を申請することはできない（法41条1項2号ただし書の例外に該当しない）。
平成23年度第9問,民法,ア,甲土地と乙土地との筆界がａ－ｂである場合において、甲土地の所有者Ａと乙土地の所有者Ｂが所有権界及び筆界をともにｃ－ｄとするとの合意をしたときは、所有権界及び筆界は、ｃ－ｄとなる。,×,当事者間の合意によって「所有権界」をｃ－ｄとすることは可能だが、公法上の境界である「筆界」を合意によって変更することはできない。
平成23年度第9問,民法,イ,甲土地と乙土地との所有権界及び筆界がいずれもａ－ｂである場合において、甲土地の所有者Ａと乙土地の所有者Ｂがともに所有権界及び筆界をｃ－ｄと認識したまま、その後Ａがａｂｄｃａで囲まれた土地を時効取得したときは、甲土地と乙土地との所有権界及び筆界は、ｃ－ｄとなる。,×,時効取得によってAの「所有権界」はｃ－ｄに移動するが、「筆界」は公法上の境界であるため時効によって移動することはない（ａ－ｂのまま）。
平成23年度第9問,民法,ウ,甲土地と乙土地との所有権界及び筆界がいずれもａ－ｂである場合において、所有権界及び筆界がｃ－ｄであると信じてａｂｄｃａで囲まれた土地を占有している甲土地の所有者Ａから、所有権界及び筆界はｃ－ｄであるとの説明を受け、第三者がそれを信じて購入したときは、甲土地と乙土地との所有権界及び筆界は、ｃ－ｄとなる。,×,第三者が誤信して購入したとしても、公信の原則がないため「所有権界」は移動せず、当然「筆界」も移動しない。
平成23年度第9問,民法,エ,乙土地の所有者が国である場合において、甲土地と乙土地との筆界がａ－ｂであるときに、甲土地の所有者Ａと国との間で、境界をｃ－ｄと定める国有財産法上の官民境界確定協議の契約が調った場合には、所有権界と筆界は異なることになる。,○,官民境界確定協議は、私法上の所有権界を確認・確定する効力は有するが、公法上の筆界を変更する効力はないため、両者が異なる結果となる。
平成23年度第9問,民法,オ,筆界確定訴訟において、甲土地と乙土地との筆界をａ－ｂとする確定判決があった場合であっても、甲土地の所有者Ａと乙土地の所有者Ｂは、甲土地と乙土地との所有権界をｃ－ｄとする合意をすることができる。,○,筆界確定訴訟は公法上の筆界を確定するものであり、当事者が私法上の「所有権界」について異なる合意（譲渡等）を妨げるものではない。
平成23年度第10問,不動産登記法,ア,甲建物を区分して、その一部を乙建物の附属建物とする建物の区分の登記と建物の合併の登記は、一の申請情報で申請することはできない。,×,区分登記と合併登記は、相互に関連する実体上の変動を反映するものであり、一の申請情報で一括して申請することができる（不動産登記規則115条）。
平成23年度第10問,不動産登記法,イ,甲土地についてする地積の更正の登記と更正後の分筆の登記は、一の申請情報で申請することができる。,○,分筆の前提としての地積更正登記と分筆登記は、密接に関連するため一の申請情報により申請できる（不動産登記規則115条）。
平成23年度第10問,不動産登記法,ウ,甲土地についてする表題部所有者の住所の変更の登記と合筆の登記は、一の申請情報で申請することはできない。,×,合筆の前提としての名義人の住所変更登記と合筆登記は、一の申請情報により申請することができる。
平成23年度第10問,不動産登記法,エ,甲土地についてする地目の変更の登記と地積の更正の登記は、一の申請情報で申請することができる。,○,同一の不動産に対する表題部の変更登記と更正登記は、一の申請情報により申請することができる（不動産登記規則115条）。
平成23年度第10問,不動産登記法,オ,同一の登記所の管轄区域内にある甲建物の滅失の登記と乙建物の表題登記は、登記名義人が同一であれば、一の申請情報で申請することができる。,×,滅失登記と表題登記は、それぞれ別個の不動産（滅失した建物と新築した建物）に関する登記であり、一括申請の対象とはならない。
平成23年度第11問,不動産登記法,ア,所有権の登記名義人がＡである甲土地の一部を買い受けたＢが、当該部分にＣを抵当権者とする抵当権を設定した場合であっても、Ｃは、Ａ及びＢに代位して甲土地から抵当権が設定された部分を分筆する登記を申請することはできない。,×,抵当権者Cは、抵当権の登記請求権を保全するため、設定者Bに代位し、さらに所有権者Aに転代位して分筆登記を申請することができる。
平成23年度第11問,不動産登記法,イ,Ａが所有する甲土地及び乙土地を合筆の上Ｂが購入する契約を締結した場合には、Ｂは、Ａに代位して合筆の登記を申請することができる。,×,合筆の登記は権利の保全のために代位申請することが認められないため、BがAに代位して合筆登記を申請することはできない。
平成23年度第11問,不動産登記法,ウ,土地区画整理事業を施行する者は、土地区画整理事業の施行のために必要がある場合には、所有者に代位して土地の分筆又は合筆の登記を申請することができる。,○,土地区画整理事業等の施行者は、事業の施行のために必要があるときは、特例により所有者に代位して分筆や合筆の登記を申請できる。
平成23年度第11問,不動産登記法,エ,１筆の土地につき相続によるＡ、Ｂ及びＣ共有名義の登記がされた後に、当該土地を３筆に分筆し、うち２筆をＡが取得し、Ｂ及びＣが残り１筆を共有取得する旨の遺産分割調停が成立した場合には、Ａは、単独で、Ｂ及びＣに代位して分筆の登記を申請することができる。,×,分筆の登記は、共有者の1人から保存行為として単独で申請できるため、代位によらなくてもAが自ら分筆登記を申請できる。
平成23年度第11問,不動産登記法,オ,甲土地の一部に地役権の設定を受けた地役権者Ａは、甲土地の所有者Ｂに代位して分筆の登記を申請することができる。,×,地役権は土地の一部にも設定できるため、分筆の登記を代位申請する保全の必要性がなく、代位申請することは認められない。
平成23年度第12問,不動産登記法,ア,表題部に記録された登記原因及びその日付に錯誤があることが判明した場合であっても、表題部所有者は、表題部の更正の登記を申請することはできない。,○,表題部の「登記原因及びその日付」のみの更正登記は認められていないため、申請することはできない。
平成23年度第12問,不動産登記法,イ,表題部に共有者Ａ持分２分の１共有者Ｂ持分２分の１と記録されている場合において、共有者Ａ持分３分の２共有者Ｂ持分３分の１とする表題部所有者の更正の登記をＡが申請するときは、Ｂの承諾書とともに、Ａの共有持分権を証する情報を提供しなければならない。,○,自己の持分を増加させる更正登記を申請する場合、不利益を受ける他の共有者（B）の承諾を証する情報と、真実の持分を証する情報の提供が必要である。
平成23年度第12問,不動産登記法,ウ,表題部にＡが所有者として記録されている場合において、当該建物の実体上の所有者がＢであるときは、Ｂは、Ａに対抗することができる裁判があったことを証する情報を提供して、表題部所有者の更正の登記を申請することができる。,×,表題部所有者の更正登記は表題部名義人以外の者から申請することはできず、真の所有者Bは判決による所有権保存登記等を行うべきである。
平成23年度第12問,不動産登記法,エ,表題部に記録されている所有者の氏名に誤りがあった場合において、表題部所有者の更正の登記を申請するときは、錯誤があったことを証する市区町村長、登記官その他の公務員が作成した情報を提供しなければならないが、当該情報がない場合には、これに代わるべき情報を添付情報とすることができる。,○,氏名更正の場合、公務員作成の情報（住民票等）が必要だが、提供できない場合はこれに代わるべき情報（不在籍証明等）を添付できる。
平成23年度第12問,不動産登記法,オ,表題部にＡが所有者として記録されている場合において、共有者Ａ持分２分の１、共有者Ｂ持分２分の１とする表題部所有者の更正の登記をＢが申請するときは、Ｂの住所を証する情報を提供しなければならない。,×,表題部所有者をA単独からA・Bの共有とする更正登記は、現在の表題部所有者であるAから申請しなければならず、Bから申請することはできない。
平成23年度第13問,不動産登記法,ア,表題登記がある建物を全て取り壊し、その材料を用いて建物を再度建築したときは、表題登記がある既存建物について、建物の滅失の登記を申請しなければならない。,○,同一材料で再建築しても同一の建物とは認められないため、既存建物について滅失登記を、新築建物について表題登記をそれぞれ申請する。
平成23年度第13問,不動産登記法,イ,所有権の登記以外の権利に関する登記がある建物が滅失したときは、当該権利の登記名義人の承諾書を添付して、建物の滅失の登記を申請しなければならない。,×,建物が滅失すれば当該建物を目的とする権利も絶対的に消滅するため、抵当権者等の登記名義人の承諾は不要である。
平成23年度第13問,不動産登記法,ウ,所有者が異なる区分建物が属する一棟の建物が滅失した場合において、区分建物の滅失の登記を申請するときは、区分建物の所有者の一人が一棟の建物の滅失の登記を申請することができる。,○,一棟の建物に属する区分建物が滅失した場合、区分所有者の一人から一棟の建物全体についての滅失の登記を代位申請することができる。
平成23年度第13問,不動産登記法,エ,区分した建物として登記がされているが、初めから区分した状態になかったことが明らかな建物については、錯誤を登記原因として建物の滅失の登記を申請しなければならない。,×,初めから区分建物でなかったことが判明した場合、建物の滅失登記ではなく、非区分建物とするための建物の表題部変更（区分の更正）登記等を行う。
平成23年度第13問,不動産登記法,オ,鉄筋コンクリート造の建物について、火災により建物の内部の一部が焼失したが、主要構造部分が残存し、使用目的に従った使用が可能であるときは、建物の滅失の登記を申請することはできない。,○,主要構造部分が残存し修復により使用可能な状態であれば、建物としての要件を失っていないため、滅失登記は申請できない。
平成23年度第14問,不動産登記法,ア,埋立地に建築された建物の敷地が編入されるべき行政区画が定められていない場合には、当該建物の表題登記を申請することはできない。,×,行政区画が定まっていない埋立地であっても、法務大臣等が指定した管轄登記所に表題登記を申請することができる。
平成23年度第14問,不動産登記法,イ,甲登記所において登記されている建物に附属建物を新築し、乙登記所の管轄区域にまたがることとなったときは、主である建物と附属建物の床面積の大きさにかかわらず、甲登記所に所在の変更の登記を申請しなければならない。,○,主建物と附属建物が異なる管轄にまたがる場合、管轄は主建物の所在地を管轄する登記所（甲登記所）となるため、甲登記所に申請する。
平成23年度第14問,不動産登記法,ウ,建物が複数の登記所の管轄区域にまたがって建築されたときは、法務大臣又は法務局若しくは地方法務局の長が当該建物の登記事務を行う登記所を指定するまでは、建物の表題登記を申請することはできない。,○,管轄がまたがる場合、管轄登記所の指定を受けるまでは、いずれの登記所にも登記申請を行うことはできない。
平成23年度第14問,不動産登記法,エ,甲登記所の管轄区域に主である建物と附属建物がある場合において、主である建物のみを乙登記所の管轄区域にえい行移転したときは、附属建物が主である建物よりも床面積が大きい場合であっても、管轄登記所は、乙登記所となる。,×,主建物と附属建物が別管轄になった場合、当然に主建物の管轄に変わるわけではなく、法務局長等による管轄指定の手続きを経る必要がある。
平成23年度第14問,不動産登記法,オ,表題登記がある建物をえい行移転により甲登記所の管轄区域から乙登記所の管轄区域に移動した場合には、甲登記所に所在の変更の登記を申請しなければならない。,○,管轄転属を伴うえい行移転による所在変更登記は、従前の所在地を管轄する登記所（甲登記所）に対して申請しなければならない。
平成23年度第15問,不動産登記法,ア,甲建物から乙建物を分割する登記を申請する場合において、分割後の建物の床面積に変更がないときは、各階平面図の添付を要しない。,×,分割により別個の建物となる場合、それぞれの建物の形状や位置関係が明確になるよう、面積変更の有無に関わらず各階平面図の添付が必要である。
平成23年度第15問,不動産登記法,イ,甲土地上にのみ存する区分建物について、新たに規約を定め、乙土地を当該区分建物の規約敷地とする登記を申請する場合には、建物図面の添付を要しない。,○,規約敷地（建物が存しない土地）を追加する場合、建物図面に当該敷地の形状や建物の位置を記載することはできないため、建物図面の添付は不要である。
平成23年度第15問,不動産登記法,ウ,区分建物の増築の登記を申請する場合において、一棟の建物についても登記内容に変更があるときは、当該箇所を表示した一棟の建物に関する建物図面及び各階平面図を添付しなければならない。,○,区分建物の増築等により一棟の建物自体に変更が生じた場合は、一棟の建物に関する建物図面及び各階平面図も提供しなければならない。
平成23年度第15問,不動産登記法,エ,仮換地上に建築された建物に関する表題登記に添付する建物図面においては、仮換地の形状を実線で図示し、所在欄には括弧書きで換地後の予定地番を記載しなければならない。,×,仮換地上に建築された場合、建物図面には仮換地ではなく「従前の土地（底地）」の形状を実線で描き、所在も従前の地番を記載する。
平成23年度第15問,不動産登記法,オ,建物を甲土地から乙土地にえい行移転したことによる建物の所在の変更の登記をした場合における従前の建物図面の保存期間は、30 年である。,×,※法改正により現在は×。閉鎖された建物図面の保存期間は現在「永久」である。出題当時の規定では30年であった。
平成23年度第16問,不動産登記法,ア,区分建物の一部を増築した後に、当該建物について共用部分である旨の登記がされた場合には、増築した当時の増築に係る区分建物の所有権の登記名義人は、共用部分である旨の登記がされた日から１か月以内に、増築の登記を申請しなければならない。,×,共用部分である旨の登記がなされると表題部のみの登記となり、所有者に変更登記の申請義務は生じない。
平成23年度第16問,不動産登記法,イ,区分建物の表題登記の申請をした際に申請情報として提供した所有権敷地権の割合について変更が生じた場合には、所有権の登記名義人は、変更の日から１か月以内に、表題部に関する変更の登記を申請しなければならない。,○,敷地権の割合の変更は、建物の表題部の変更登記として、変更の日から1ヶ月以内に申請する義務を負う。
平成23年度第16問,不動産登記法,ウ,分筆により建物の所在する土地の地番が変更した場合には、当該建物の所有権の登記名義人は、変更の日から１か月以内に、建物の所在に関する変更の登記を申請しなければならない。,○,分筆による地番変更に伴う建物の所在変更は、職権によるみなし変更とはならず、所有者に1ヶ月以内の申請義務がある。
平成23年度第16問,不動産登記法,エ,地目が山林として登記されている土地上に住宅が建築された後に当該土地の所有権を新たに取得した者は、その取得の日から１か月以内に、当該土地の地目の変更の登記を申請しなければならない。,○,所有権取得前に地目変更が生じていた場合、新所有者は所有権を取得した日から1ヶ月以内に地目変更登記を申請しなければならない。
平成23年度第16問,不動産登記法,オ,１棟の建物が、その一部の取壊しにより、物理的に２棟以上の建物となった場合には、その所有権の登記名義人は、工事の完了の日から１か月以内に、建物の分割の登記を申請しなければならない。,×,物理的に複数棟になっても、主従関係があれば主建物と附属建物として1個の建物として登記できるため、当然に分割登記の申請義務が生じるわけではない。
平成23年度第17問,不動産登記法,ア,附属建物として登記されている建物を、登記記録上、別の１個の建物とする登記を申請する場合において、当該建物が共有であるときは、共有者全員で申請しなければならない。,○,建物の分割登記により独立の建物とする場合、権利関係に重大な影響を及ぼすため、共有者全員から申請しなければならない。
平成23年度第17問,不動産登記法,イ,表題登記があり、既に各階平面図が登記所に提出されている建物について、附属建物を新築した場合には、その附属建物の新築に伴う表題部の変更の登記の申請に添付する各階平面図は、新築された附属建物のみのものでよい。,○,既存建物の各階平面図が既に提出されている場合、追加された附属建物の各階平面図のみを添付すれば足りる。
平成23年度第17問,不動産登記法,ウ,主である建物が取り壊され、その後に附属建物が取り壊された場合において、建物の滅失の登記を申請するときは、附属建物が取り壊された日付を申請情報とすることを要しない。,×,建物の滅失登記においては、建物が完全に滅失した日（最後に附属建物が取り壊された日）を登記原因の日付として記載しなければならない。
平成23年度第17問,不動産登記法,エ,車庫として利用されていた附属建物を、その基礎部分を残して、取り壊し、その基礎上に構造及び床面積が同一であって、物置として利用される附属建物を新築した場合に行う登記申請においては、建物図面の添付を要しない。,○,同一の基礎上に同一形状で再築され、配置に変更がない場合、新たな建物図面の添付を省略することができる。
平成23年度第17問,不動産登記法,オ,表題登記があり、既に建物図面が登記所に提出されている建物について、当該建物の数個の附属建物のうち、その一つを残して他の全ての附属建物を取り壊した場合であっても、附属建物の滅失による表題部の変更の登記を申請するときは、建物図面の添付を省略することはできない。,×,残存する建物の配置関係に変更が生じないため、新たに建物図面を作成して添付することは要せず、省略することができる。
平成23年度第18問,不動産登記法,ア,表題登記がある建物の主である建物とその附属建物が合体した場合には、合体後の建物についての建物の表題登記及び合体前の建物についての表題部の登記の抹消を申請しなければならない。,×,同一の登記記録にある主建物と附属建物が合体した場合、これは「合体」ではなく「建物の表題部変更登記（増築等）」によって処理される。
平成23年度第18問,不動産登記法,イ,表題登記がない建物と表題登記がある建物のみが合体して１個の建物となった後に、当該合体前の表題登記がない建物の所有者から当該合体後の建物について合体前の表題登記がない建物の所有権に相当する持分を取得した者は、当該持分取得の日から１か月以内に、合体後の建物についての建物の表題登記及び合体前の建物についての建物の表題部の登記の抹消を申請しなければならない。,○,合体後に未登記建物の持分を承継取得した者は、持分取得の日から1ヶ月以内に合体の登記を申請する義務を負う。
平成23年度第18問,不動産登記法,ウ,所有権の登記がある建物と表題登記がない建物が合体して１個の建物となった後に、合体による建物の表題登記及び合体前の建物についての建物の表題部の登記の抹消並びに当該表題登記がない建物の所有者を当該合体後の建物の登記名義人とする所有権の登記の申請を合体前の所有権の登記がある建物の所有権の登記名義人が申請する場合には、合体後の建物全体の当該申請人の所有権を証する情報を提供しなければならない。,×,この場合、合体前の未登記建物部分についての所有権証明情報を提供すれば足り、建物全体の所有権証明情報を提供する必要はない。
平成23年度第18問,不動産登記法,エ,表題登記のみがある建物が合体して１個の建物となった後に、合体前の建物の表題部所有者に誤りがあり、更正の登記によって表題部所有者となった者は、その者に係る表題部所有者についての更正の登記があった日から１か月以内に、合体後の建物についての建物の表題登記及び合体前の建物についての建物の表題部の登記の抹消を申請しなければならない。,○,更正登記によって真正な表題部所有者となった者は、その更正登記の日から1ヶ月以内に合体の登記を申請しなければならない。
平成23年度第18問,不動産登記法,オ,合体前の建物がいずれも表題登記がない建物であるときは、合体後の建物については、合体による表題登記の申請ではなく、新築による建物の表題登記を申請しなければならない。,○,ともに未登記の建物が合体した場合、合体の登記の規定は適用されず、全体を1個の建物として通常の表題登記を申請する。
平成23年度第19問,不動産登記法,ア,表題登記がある区分建物でない建物（非区分建物）に接続して区分建物が新築されて一棟の建物となったことにより、当該表題登記がある非区分建物が区分建物となった場合における当該新築に係る区分建物についての表題登記の申請は、当該接続前の表題登記がある非区分建物についての表題部の登記の抹消の申請と併せてしなければならない。,×,非区分建物が区分建物になった場合は、表題部の抹消ではなく「表題部の変更登記（区分建物への変更）」を併せて申請する。
平成23年度第19問,不動産登記法,イ,表題登記がない建物に接続して区分建物が新築されて一棟の建物となった場合には、当該区分建物の所有者が、他の区分建物の所有者に代わって、当該他の区分建物についての表題登記を申請することができる。,○,一棟の建物に属する区分建物の表題登記は一括申請が原則であるため、一部の所有者が他の区分所有者に代位して表題登記を申請できる。
平成23年度第19問,不動産登記法,ウ,一棟の建物に属する区分建物全部の原始取得者が、その表題登記をしない間に、そのうちの一部の区分建物を他に売却した場合には、その売却した区分建物の表題登記の申請は、原始取得者が、その転得者に代位してする方法により、しなければならない。,×,原始取得者は、自らを表題部所有者とする表題登記を申請し、その後転得者へ所有権移転登記等を行うのが原則であり、代位申請をするわけではない。
平成23年度第19問,不動産登記法,エ,一棟の建物に属する建物の全部が同一の原始取得者の所有に属する場合には、その原始取得者は、その一棟の建物に属する建物の全部を１個の非区分建物としてその表題登記を申請することができる。,○,区分建物の要件を満たしていても、所有者の意思により、一棟の建物全体を1個の非区分建物として表題登記を申請することが認められる。
平成23年度第19問,不動産登記法,オ,新築された表題登記がない区分建物の原始取得者が死亡した場合には、その相続人は、自己を当該区分建物の表題部所有者とする表題登記を申請することができる。,○,未登記建物の原始取得者が死亡した場合、その相続人は直接自己（相続人）を表題部所有者として表題登記を申請できる。
平成23年度第20問,土地家屋調査士法,ア,土地家屋調査士ＣがＡから筆界特定①の手続について代理する事務を受任している場合において、Ｃは、Ａの同意があればＢから筆界特定②の手続について代理する事務を受任することができる。,○,調査士が受任している事件の相手方から別の事件を受任することは利益相反の制限を受けるが、依頼者（A）の同意があれば受任できる。
平成23年度第20問,土地家屋調査士法,イ,土地家屋調査士法人ＤがＡから筆界特定①の手続について代理する事務を受任している場合において、Ｄの社員である土地家屋調査士Ｅは、自らこれに関与していないときは、Ａの同意があれば、Ｂから筆界特定②の手続について代理する事務を受任することができる。,×,調査士法人が受任している事件について、その法人の社員が個人として相手方から別の事件を受任することは、依頼者の同意の有無や関与の有無に関わらず禁止される。
平成23年度第20問,土地家屋調査士法,ウ,土地家屋調査士法人ＤがＡから筆界特定①の手続について代理する事務を受任している場合において、Ｄの社員である土地家屋調査士Ｅは、自らこれに関与したときであっても、Ａの同意があればＤを脱退した後に、Ｂから筆界特定①の手続について法務局又は地方法務局に提出する書類を作成する事務を受任することができる。,×,法人の社員として関与した事件について、脱退後に相手方から受任することは、依頼者の同意があったとしても禁止される。
平成23年度第20問,土地家屋調査士法,エ,土地家屋調査士法人Ｄは、Ａから筆界特定①の手続について何度も協議を受け、Ａの信頼を得ていたが、実際には、Ａは、筆界特定①の申請手続を自ら行い、Ｄにその手続について代理する事務を委任しなかった。この場合において、Ｄは、Ａの同意があれば、Ｂから筆界特定①の手続について法務局又は地方法務局に提出する書類を作成する事務を受任することができる。,○,協議を受けて賛助（信頼）した事件について、相手方から受任することは原則禁止されるが、協議を受けた者（A）の同意があれば受任できる。
平成23年度第20問,土地家屋調査士法,オ,土地家屋調査士法人Ｄの使用人である土地家屋調査士ＥがＡから筆界特定①の手続について法務局又は地方法務局に提出する書類を作成する事務を受任している場合には、Ｄは、Ａの同意があっても、Ｂから筆界特定①の手続について法務局又は地方法務局に提出する書類を作成する事務を受任することはできない。,○,使用人である調査士が受任している事件について、所属する調査士法人が相手方から受任することは、同意の有無にかかわらず禁止される。
平成22年度第1問,民法,ア,Aは、BからB所有の甲不動産を売却する代理権を与えられていないにもかかわらず、その事情について善意無過失のCとの間で、Bの代理人として甲不動産を売却する旨の売買契約を締結し代金を受け取った。CがAに対し無権代理行為による損害賠償を請求したところ、Aが死亡してその地位をBが単独で相続した場合には、Bは、無権代理行為の追認を拒絶することにより、無権代理行為による損害賠償責任を免れることができる。,×,本人が無権代理人を単独相続した場合、本人の資格において追認を拒絶することはできるが、無権代理人の損害賠償責任も承継するため、損害賠償責任を免れることはできない。
平成22年度第1問,民法,イ,Aは、BからB所有の甲不動産を売却する代理権を与えられていないにもかかわらず、善意無過失のCとの間で売買契約を締結した。CがBに対し甲不動産の引渡しを求めたところ、BがAの無権代理行為の追認を拒絶した後Bが死亡してその地位をAが単独で相続した場合には、Aは、Cから当該売買契約に基づく甲不動産の引渡請求をされても、Bの上記追認拒絶の効果を主張してCの請求を拒むことができない。,×,本人が追認を拒絶した後に無権代理人が本人を相続した場合、追認拒絶により無効が確定しているため、無権代理人は本人の地位に基づいて追認拒絶の効果を主張し、Cの請求を拒むことができる。
平成22年度第1問,民法,ウ,Aは、Bの無権代理人として甲不動産をCに売却した。CがBに対し甲不動産の引渡しを求めたところ、Bが死亡してその地位をAが他の相続人とともに共同で相続した場合には、Aは、Cから当該売買契約に基づく甲不動産の引渡請求をされたときは、他の相続人とともに無権代理行為の追認を拒絶してCの請求を拒むことができる。,○,無権代理人が本人を他の相続人と共同相続した場合、他の相続人の追認がない限り無権代理行為は有効とならず、Aは他の相続人とともに追認を拒絶して請求を拒むことができる。
平成22年度第1問,民法,エ,Aは、Bの無権代理人として甲不動産をCに売却した。CがBに対し甲不動産の引渡しを求めたところ、Bが死亡してその地位をAが単独で相続した場合には、Aは、Cから引渡請求をされたときは、無権代理行為の追認を拒絶してCの請求を拒むことができない。,○,無権代理人が本人を単独相続した場合、本人の地位と無権代理人の地位が融合し、信義則上追認を拒絶することはできず、契約は当然に有効となるため請求を拒むことはできない。
平成22年度第1問,民法,オ,Aは、Bの無権代理人として甲不動産をCに売却した。Aが死亡してその地位をB及びAB間の子Dが共同で相続した後、Bが死亡してその地位をDが単独で相続した場合には、Dは、Cから引渡請求をされたときは、無権代理行為の追認を拒絶してCの請求を拒むことができない。,○,無権代理人を本人とともに共同相続した者が、その後に本人を単独相続した場合、本人の地位と無権代理人の地位を併有することになり、信義則上追認拒絶できず契約は有効となる（最判平10.7.17）。
平成22年度第2問,民法,ア,Cが所有する土地をAに売却したが、所有権の移転の登記をしないうちに、Bが権原がないのにその土地を占拠した場合、AはBに対して土地の所有権を主張することができない。,×,不法占拠者であるBは民法第177条の「第三者」に該当しないため、Aは登記がなくてもBに対して所有権を主張することができる。
平成22年度第2問,民法,イ,Cが所有する土地をAに売却したが、所有権の移転の登記をしないうちにCの一般債権者Bがその土地について仮差押えをした場合、AはBに対して土地の所有権を主張することができない。,○,仮差押債権者であるBは民法第177条の「第三者」に該当するため、Aは登記を備えなければBに対して所有権を主張することができない。
平成22年度第2問,民法,ウ,Bが所有する土地をCに売却したが所有権の移転の登記をしないうちに、CがAにその土地を売却した場合、AはBに対して土地の所有権を主張することができない。,×,AとBは前主と後主の関係（当事者間の承継）であり、対抗関係には立たないため、Aは登記がなくてもBに対して所有権を主張することができる。
平成22年度第2問,民法,エ,Bが所有する土地をCに売却して所有権の移転の登記をし、CがAにその土地を売却したがその所有権の移転の登記をする前に、BがCの代金未払を理由にBC間の売買契約を解除した場合、AはBに対して土地の所有権を主張することができない。,○,契約解除前の第三者であるAが解除権者Bに対して権利を主張するためには登記が必要であるため、登記をしていないAはBに対して所有権を主張することができない。
平成22年度第2問,民法,オ,未成年者Aは、法定代理人Cの同意を得ないでA所有の土地をDに売却し、Dは、Aが未成年者であることを知らないBに対しその土地を売却した。その後、CがAのDに対する売買の意思表示を取り消した場合、AはBに対して土地の所有権を主張することができない。,×,制限行為能力を理由とする取消しは絶対的な効力を有し、善意の第三者に対しても主張できるため、AはBに対して所有権を主張できる（法改正による変更なし）。
平成22年度第3問,民法,ア,Dが丙土地を所有している場合において、Aが所有する一筆の土地を甲土地と乙土地に分筆して甲土地をBに譲渡し、その後、乙土地をCに譲渡したときは、甲土地の所有者Bは、乙土地について通行権を主張することができる。,○,土地の一部譲渡によって袋地が生じた場合、袋地の所有者は残余地のみを無償で通行できる。この無償通行権は、残余地が特定承継された場合でもその承継人に対して主張できる（最判平2.3.20）。
平成22年度第3問,民法,イ,Bが丙土地を所有している場合において、必要があるときは、甲土地を所有するAは、Bが所有する丙土地に公道に至るための通路を開設することができるが、甲土地の地上権者であるCは、丙土地に公道に至るための通路を開設することができない。,×,囲繞地通行権は所有権者だけでなく、地上権者等の土地の利用権者にも認められるため、地上権者Cも通路を開設することができる。
平成22年度第3問,民法,ウ,Cが丙土地を所有している場合において、Aが所有する一筆の土地を甲土地と乙土地に分筆して、乙土地をBに譲渡したときは、甲土地の所有者Aは、乙土地について通行権を主張することができない。,×,土地の一部譲渡により袋地（甲土地）が生じた場合、袋地の所有者Aは、他方の分割地である乙土地に対して無償通行権を主張することができる。
平成22年度第3問,民法,エ,Cが乙土地及び丙土地を所有している場合において、所有者であるAから甲土地を譲り受けたBが甲土地についてAから所有権の移転の登記を得ていないときは、Bは、乙土地及び丙土地のいずれについても通行権を主張することができない。,×,囲繞地通行権は土地の所有権に付従する権利であり、所有権の取得を登記していなくても、隣地通行権を主張することができる。
平成22年度第3問,民法,オ,Cが丙土地を所有し、Aがその所有に係る甲土地及び乙土地のうち乙土地について抵当権を設定していた場合において、当該抵当権の実行としての競売による競落により、Bが乙土地を取得したときは、Aは、乙土地について通行権を主張することができる。,○,同一所有者の土地の一部に設定された抵当権が実行され袋地が生じた場合、土地の一部譲渡の場合と同様に扱われ、袋地の所有者Aは乙土地に対して通行権を主張できる。
平成22年度第4問,不動産登記法,ア,甲土地及び乙土地について、いずれも敷地権である旨の登記がされている場合には、合筆の登記をすることができない。,○,敷地権である旨の登記がされている土地は、不動産登記法上、敷地権の種類や割合が変わるおそれがあるため原則として合筆することができない。
平成22年度第4問,不動産登記法,イ,甲土地及び乙土地について、いずれも先取特権の登記がされている場合であっても、当該先取特権の登記の目的並びに登記原因及びその日付が同一であれば合筆の登記をすることは妨げられない。,×,先取特権の登記がある土地を合筆する場合、登記の目的、登記原因及びその日付に加えて、「受付番号並びに受付年月日」も同一でなければ合筆できない。
平成22年度第4問,不動産登記法,ウ,甲土地及び乙土地について、いずれも破産手続開始の登記がされている場合には、その後いずれも破産手続終結の登記がされているときであっても、破産手続開始の登記を抹消しなければ合筆の登記をすることができない。,○,破産手続開始の登記は処分の制限の登記であり、合筆が制限される「所有権の登記以外の権利に関する登記」に該当するため、抹消しなければ合筆できない。
平成22年度第4問,不動産登記法,エ,甲土地及び乙土地について、いずれも信託の登記がされている場合であっても、当該信託の登記について、信託目録に記録された登記事項のすべてが同一であれば、合筆の登記をすることは妨げられない。,○,所有権の登記以外の権利に関する登記がある土地の合筆の例外として、信託の登記であって信託目録に記録された登記事項が同一であるものは合筆できる。
平成22年度第4問,不動産登記法,オ,甲土地及び乙土地について、不在者の財産管理人が合筆の登記を申請するには、家庭裁判所の許可を得なければならない。,×,合筆の登記は土地の現状を法的に変更するものではなく「保存・管理行為」に該当するため、家庭裁判所の許可を得ることなく財産管理人が申請できる。
平成22年度第5問,不動産登記法,ア,主である建物の居宅と附属建物の車庫からなる所有権の登記がない甲建物について、主である建物を取り壊し、跡地に新築した居宅を主である建物とし既存の車庫を附属建物とするには、新築した居宅について建物の表題登記をした後に、当該建物に甲建物を合併する登記の方法によらなければならない。,×,合併の登記によらなくても、既存の甲建物の表題部の変更の登記（新築した居宅を主たる建物とし、既存の車庫を附属建物とする変更）によって処理することができる。
平成22年度第5問,不動産登記法,イ,甲建物と乙建物について、いずれも登記名義人として同じ共有者が同じ持分で登記がされている場合には、甲建物と乙建物の合併の登記は、共有者の一名が単独で申請することができる。,○,建物の合併の登記は、建物の物理的な表示の変更にすぎず「保存行為」に該当するため、共有者の一人から単独で申請することができる。
平成22年度第5問,不動産登記法,ウ,甲建物と乙建物の双方に登記されている所有権移転の登記に、いずれも買戻しの特約の登記がある場合には、買戻しの特約の登記の申請の受付年月日等が同じであっても、甲建物と乙建物を合併する登記をすることはできない。,○,買戻しの特約の登記は、合筆や建物の合併の制限の例外（受付番号等が同一の場合に許容される権利の登記）として列挙されていないため、合併することはできない。
平成22年度第5問,不動産登記法,エ,甲建物と乙建物の所有権の登記名義人が同じである場合において、登記名義人が住所を移転し、甲建物については住所の変更の登記がされているが、乙建物については住所の変更の登記がされていないときは、登記名義人は、住所の変更を証する情報を提供して、甲建物と乙建物を合併する登記を申請することができる。,×,所有権の登記名義人の住所が登記記録上で異なる場合、同一人であっても合併の登記をすることはできない。事前に乙建物についての住所変更登記を経る必要がある。
平成22年度第5問,不動産登記法,オ,甲建物の附属建物として登記されている区分建物を分割して、これを当該区分建物と接続する区分建物である乙建物に合併する登記の申請をするに当たっては、分割の登記及び合併の登記を一の申請情報によって申請することができる。,○,建物の分割の登記と、分割した建物を他の建物に合併する建物の合併の登記は、一の申請情報によって申請することができる（不動産登記規則第117条）。
平成22年度第6問,不動産登記法,ア,表題登記がある区分建物について、これを共用部分とする旨の規約を定めたときは、当該建物の表題部所有者は、当該規約を定めた日から1か月以内に、共用部分である旨の登記の申請をしなければならない。,×,共用部分である旨の登記については申請義務は規定されておらず、「申請することができる」にとどまるため、1か月以内の申請義務はない。
平成22年度第6問,不動産登記法,イ,共用部分である旨の登記がある建物について、床面積に変更があったときは、当該建物の所有者は、その変更の日から1か月以内に、表題部の変更の登記を申請しなければならない。,○,建物の床面積の変更は建物の表題部の変更登記の対象であり、共用部分である旨の登記がある建物であっても、変更の日から1か月以内に申請する義務がある。
平成22年度第6問,不動産登記法,ウ,共用部分である旨の登記の申請をする場合において、当該共用部分である建物が当該建物の属する一棟の建物以外の一棟の建物に属する建物の区分所有者の共用に供されるものであるときは、当該区分所有者が所有する建物の家屋番号を申請情報の内容として提供しなければならない。,○,団地共用部分などの場合、共用部分である旨の登記の申請にあたっては、当該他の建物の家屋番号を申請情報の内容として提供しなければならない。
平成22年度第6問,不動産登記法,エ,抵当権の設定の登記がある建物について、これを共用部分とする旨の規約を定めたときは、当該抵当権の登記名義人の承諾がなくても、共用部分である旨の登記の申請をすることができる。,×,共用部分である旨の登記がされると所有権や抵当権等の権利に関する登記は抹消されるため、抵当権の登記がある場合は当該抵当権者の承諾情報を提供しなければならない。
平成22年度第6問,不動産登記法,オ,共用部分である旨の登記がある建物について、共用部分である旨を定めた規約を廃止した後に所有権を取得した者は、その所有権の取得の日から1か月以内に、当該建物の表題登記を申請しなければならない。,○,共用部分である旨を定めた規約が廃止された場合、当該建物の所有権を取得した者は、その取得の日から1か月以内に建物の表題登記を申請する義務を負う。
平成22年度第7問,不動産登記法,ア,表題部の所有者欄にA、B及びCの3人の共有の登記がされている土地について、Aが地目の変更の登記を申請し、登記が完了した場合には、登記官は、A及びBに対して当該登記が完了した旨を通知すれば足りる。,×,完了通知（規則第181条1項）は申請人以外の表題部所有者（B及びC）に対して行う必要があるが、共有者の場合はその一人（例えばB）に通知すれば足りる。申請人Aには登記完了証が交付されるため「A及びBに通知する」という表現は不正確であり誤り。
平成22年度第7問,不動産登記法,イ,表題部の所有者欄にA、B及びCの3人の共有の登記がされている土地について、Aの債権者Dが地目の変更の登記を申請し、登記が完了した場合には、登記官は、A及びDに対して当該登記が完了した旨を通知すれば足りる。,×,代位申請の場合は申請人Dには登記完了証が交付され、被代位者（A、B、C）には完了通知が行われる。共有者の場合は被代位者の一人（例えばA）に通知すれば足りるが、申請人Dを含めて「通知すれば足りる」とするのは不正確。
平成22年度第7問,不動産登記法,ウ,表題部の所有者欄にA、B及びCの3人の共有の登記がされている土地について、職権による地目の変更の登記が完了した場合には、登記官は、Aに対して当該登記が完了した旨を通知すれば足りる。,○,職権による表示に関する登記が完了した場合、表題部所有者全員に通知すべきであるが、共有の場合はそのうちの一人（A）に対して通知すれば足りる。
平成22年度第7問,不動産登記法,エ,Dが当該土地の所有者をD、E及びFに更正する旨の表題部所有者についての更正の登記を申請し、登記が完了した場合には、登記官は、D及びEに対して当該登記が完了した旨を通知すれば足りる。,×,Dは申請人であるため登記完了証が交付される。更正後の表題部所有者となるE、Fには完了通知が必要であるが、共有者のためEまたはFの一人に通知すれば足りる。
平成22年度第7問,不動産登記法,オ,Cが当該土地の所有者をA、B及びCに更正する旨の表題部所有者である共有者の持分についての更正の登記を申請し、登記が完了した場合には、登記官は、A及びCに対して当該登記が完了した旨を通知すれば足りる。,×,申請人Cには登記完了証が交付される。通知を受けるべきA、Bについては、共有者のためその一人（例えばA）に完了通知をすれば足りるが、「A及びCに通知」とするのは誤り。
平成22年度第8問,不動産登記法,ア,登記が完了した後は、理由のいかんを問わず、その申請を取り下げることができない。,○,登記の申請の取下げは、登記が完了する前までに限って行うことができる。
平成22年度第8問,不動産登記法,イ,書面申請の方法によって行った登記の申請を取り下げる場合には、登記官に対し、その申請書にはり付けた登録免許税の印紙で消印されたものを再使用したい旨の申出をすることができる。,○,取下げの場合、消印された登録免許税の印紙であっても、再使用の申出（再使用証明の請求）をすることができる。
平成22年度第8問,不動産登記法,ウ,電子申請の方法によって行った登記の申請は、その申請を取り下げる旨の情報を記載した書面を登記所に提出する方法によって、取り下げることができる。,×,電子申請の方法により行った登記の申請の取下げは、書面によることはできず、電子情報処理組織を使用して行わなければならない。
平成22年度第8問,不動産登記法,エ,代理人が書面申請の方法によって行った登記の申請を取り下げた場合には、申請書及び代理権限証書を除いた添付書面が還付される。,×,登記の申請が取り下げられた場合、申請書並びに代理権限証書を含むすべての添付書面が還付される。
平成22年度第8問,不動産登記法,オ,一の申請情報により二以上の登記の申請を行った場合であっても、そのうちの一部の申請を取り下げることができる。,○,一括申請された二以上の登記の申請について、原則としてその一部のみを取り下げることができる。
平成22年度第9問,不動産登記法,ア,土地の分筆の登記の申請の委任をした者がその申請の前に死亡した場合には、代理人は、当該土地の分筆の登記を申請することができない。,×,登記申請の代理権は、本人の死亡によっては消滅しないため（不動産登記法第17条1号）、代理人は申請することができる。
平成22年度第9問,不動産登記法,イ,法人から委任を受けて登記の申請を行う場合には、委任を受けた後に法人の代表者が替わったときであっても、代理人は、当該登記の申請をすることができる。,○,法人の代表者の変更（資格の喪失）は、登記申請の代理権の消滅事由には該当しないため、代理人は申請することができる。
平成22年度第9問,不動産登記法,ウ,市町村から登記の嘱託の委任を受けた代理人が当該登記の申請をする場合には、申請情報に添付すべき市町村長が職務上作成した委任状は、作成後3か月以内のものであることを要しない。,○,市町村長が職務上作成した委任状は、官公署作成の代理権限証書であり、作成後3か月以内という期間制限を受けない。
平成22年度第9問,不動産登記法,エ,土地の合筆の登記の申請の委任を受けた代理人が、当該申請を補正のために取り下げるには、委任者から特別の委任を受けなければならない。,○,登記の申請を取り下げる行為は、それが補正のためであっても特別の委任（授権）を受けなければならない。
平成22年度第9問,不動産登記法,オ,土地の合筆の登記の申請の委任を受けた代理人が死亡した場合には、その一般承継人は、当該代理権を行使して当該登記の申請をすることができる。,×,代理人の死亡は代理権の絶対的な消滅事由であるため、その一般承継人（相続人など）が代理権を行使することはできない。
平成22年度第10問,不動産登記法,ア,甲土地の所有者は、甲土地と一点のみで接している乙土地を対象土地として筆界特定の申請をすることはできない。,○,筆界特定は、相互に隣接する土地の「線」としての筆界を特定する制度であり、一点のみで接している場合は隣接しているとはいえず申請できない。
平成22年度第10問,不動産登記法,イ,甲土地と隣接している乙土地のうち、甲土地と隣接していない部分を時効取得した者は、甲土地を対象土地として筆界特定の申請をすることはできない。,○,甲土地と隣接していない部分を取得した者は、当該筆界（甲・乙間）について利害関係を有する「所有権の登記名義人等（またはその承継人）」には該当せず申請できない。
平成22年度第10問,不動産登記法,ウ,甲土地の所有権移転の仮登記の登記名義人は、隣接する乙土地を対象土地として筆界特定の申請をすることができる。,×,筆界特定を申請できるのは「所有権の登記名義人等」であり、所有権の仮登記の登記名義人はこれに含まれないため申請できない。
平成22年度第10問,不動産登記法,エ,甲土地と乙土地の筆界について既に筆界特定がされていた場合であっても、その資料となった文書が偽造されたものであることが判明したときは、乙土地の所有者は、改めて甲土地を対象土地として筆界特定の申請をすることができる。,×,対象土地について既に筆界特定がされている場合は、いかなる理由（偽造文書の発覚等）であっても再度の筆界特定の申請は却下される。不服がある場合は筆界確定訴訟による。
平成22年度第10問,不動産登記法,オ,甲土地と乙土地の筆界について、甲土地の所有者が民事訴訟の手続により筆界の確定を求める訴えを提起し、当該訴えが裁判所に係属しているときは、乙土地の所有者は、筆界特定の申請をすることはできない。,×,筆界確定訴訟の「判決が確定」した場合は申請できないが、訴えが「係属中」であるに過ぎない段階では、併行して筆界特定の申請をすることができる。
平成22年度第11問,不動産登記法,ア,抵当権の登記がある土地の地積に関する更正の登記の申請をする場合において、その土地の地積が減少するときは、抵当権者の承諾があったことを証する情報を提供しなければならない。,×,地積の更正の登記は土地の物理的現況を正す（表示の更正）にすぎないため、地積が減少する結果になったとしても、権利の登記名義人（抵当権者）の承諾を証する情報を提供する必要はない。
平成22年度第11問,不動産登記法,イ,地図に表示された土地の区画又は地番に誤りがあるため、当該土地の所有権の登記名義人が地図の訂正の申出をする場合において、当該土地の登記記録の地積に錯誤があるときは、地積に関する更正の登記の申請を併せてしなければならない。,○,登記記録の地積に錯誤がある場合に地図訂正の申出を行う際は、地積に関する更正の登記の申請を併せて行わなければならない（不動産登記規則第15条第2項）。
平成22年度第11問,不動産登記法,ウ,地積に関する更正の登記の申請と合筆の登記の申請は、一の申請情報によって申請することができる。,×,更正の登記と合筆の登記は、登記の目的及び登記原因が異なるため、一の申請情報によって一括申請することはできない（不動産登記規則第35条）。
平成22年度第11問,不動産登記法,エ,分筆の登記の申請をするに当たり、申請人が分筆線の位置を誤って申請してしまい、それぞれの地積が予定していた地積と異なってしまった場合には、分筆の登記がされた後の両土地について、地積に関する更正の登記の申請をすることができる。,×,分筆線の位置の誤りは、当事者の意思に基づき創設的に筆界を形成した結果であるため錯誤に該当せず、地積更正の登記によって是正することはできない。合筆後に再度分筆するなどの手続きが必要となる。
平成22年度第11問,不動産登記法,オ,表題部所有者又は所有権の登記名義人は、登記されている地積と実際の地積が相違することが判明した日から1か月以内に、地積に関する更正の登記を申請しなければならない。,×,地目の「変更」など生発的変化には1か月以内の申請義務があるが、当初から地積が間違っていた場合の「更正の登記」には申請義務は規定されていない。
平成22年度第12問,不動産登記法,ア,水面のうち、かんがい用水でない水の貯留池の地目は、ため池である。,×,かんがい用水でない水の貯留池の地目は「池沼」である。「ため池」は、耕地かんがい用の用水貯留池を指す。
平成22年度第12問,不動産登記法,イ,畑の耕作を放棄したことによって雑草、かん木類が生育する土地の地目は、雑種地である。,×,耕作を放棄した結果として雑草やかん木類が生育している場合、農地としての回復が困難な状態にまで荒廃していれば「原野」となり、「雑種地」にはならない。
平成22年度第12問,不動産登記法,ウ,高圧線の下にある建物の敷地である土地の地目は、宅地である。,○,高圧線の下であっても、現に建物の敷地に供されている土地であれば、その地目は「宅地」として取り扱われる。
平成22年度第12問,不動産登記法,エ,都市計画法における工業専用地域に指定された地域内に建設された工場の敷地である土地の地目は、工場用地である。,×,工場の敷地であっても、建物の敷地である以上その地目は「宅地」である。「工場用地」という地目は存在しない。
平成22年度第12問,不動産登記法,オ,地目が山林である土地において、建物の敷地とするための造成工事は完了したが、建物の建築工事が完了しておらず、進行中である場合には、当該土地の地目は、雑種地である。,×,建物の敷地とするための造成工事が完了していれば、たとえ建物の建築工事が進行中であっても、その土地の地目は「宅地」となる。
平成22年度第13問,不動産登記法,ア,1棟の建物の中間部分を取り壊し一方が他方の附属建物となる「建物の分棟」をした場合には、分棟前の建物の表題部所有者又は所有権の登記名義人は、当該建物の分棟があった日から1か月以内に、建物の分棟の登記を申請しなければならない。,○,建物の分棟は「建物の表題部の変更の登記」に該当するため、物理的現況の変更があった日から1か月以内に申請する義務を負う（不動産登記法第51条1項）。
平成22年度第13問,不動産登記法,イ,共有名義の建物について、1棟の建物の中間部分を取り壊し一方が他方の附属建物となる「建物の分棟」の登記の申請は、分棟前の建物の共有者の全員からでなければすることができない。,×,建物の分棟の登記（表題部変更登記）は、建物の物理的状況を登記記録に反映させる「保存行為」に該当するため、共有者の一人から単独で申請することができる。
平成22年度第13問,不動産登記法,ウ,所有権の登記がある建物について、1棟の建物の中間部分を取り壊し一方が他方の附属建物となる「建物の分棟」の登記を申請するときは、登録免許税を納付しなければならない。,×,建物の分棟の登記は表題部の変更の登記（表示に関する登記）であるため、登録免許税は課されない。
平成22年度第13問,不動産登記法,エ,1棟の建物の中間部分を取り壊し一方が他方の附属建物となる「建物の分棟」の登記の申請は、分棟前の建物についての表題部の抹消の登記の申請と分棟後の建物についての表題登記の申請を一の申請情報によってしなければならない。,×,建物の分棟は「建物の表題部の変更の登記」の手続きにより行うものであり、表題部の抹消登記と新たな表題登記によって行うものではない。
平成22年度第13問,不動産登記法,オ,分棟前の建物の所有者が、中間部分を取り壊して物理的に2棟となった建物をそれぞれ別個の独立した建物とする場合には、建物の分棟の登記（表題部変更）の申請と建物の分割の登記の申請を一の申請情報によってすることができる。,○,建物の表題部の変更の登記（分棟）と、分割した部分を別の独立した建物とする建物の分割の登記は、一の申請情報によって併せて申請することができる（不動産登記規則第115条等）。
平成22年度第14問,不動産登記法,ア,いずれも所有権の登記がある建物について合併の登記の申請をするときは、合併に係る建物のうちいずれか1個の建物の所有権の登記名義人の登記識別情報を提供すれば足りる。,×,所有権の登記がある建物の合併の登記の申請には、合併に係る「すべての」建物の所有権の登記名義人の登記識別情報を提供しなければならない。
平成22年度第14問,不動産登記法,イ,区分建物の表題登記の申請をする場合において、敷地権の目的である土地に当該建物を管轄する登記所の管轄区域外にあるものがあるときは、当該土地の不動産番号を提供すれば、当該土地の登記事項証明書を提供する必要はない。,×,管轄区域外の土地を敷地権の目的とする場合、不動産番号を提供したとしても、当該土地の登記事項証明書を提供しなければならない。
平成22年度第14問,不動産登記法,ウ,建物の表題登記の申請をするときは、当該建物の所有者についての住民基本台帳法第7条第13号に規定する住民票コードを提供すれば、当該所有者の住所証明情報を提供する必要はない。,○,申請情報の内容として住民票コードを提供した場合には、当該所有者の住所証明情報（住民票の写し等）の提供を省略することができる。
平成22年度第14問,不動産登記法,エ,建物の合併の登記の申請をする場合において、合併前の双方の建物の各階平面図が登記所に備え付けられているときは、合併後の建物図面のみを提供すれば足り、合併後の各階平面図を提供する必要はない。,×,建物の合併によって各階の形状や床面積等の物理的状況が変更されるため、合併後の建物図面だけでなく、合併後の各階平面図もあわせて提供しなければならない。
平成22年度第14問,不動産登記法,オ,二階建ての建物の二階部分を増築したことによる建物の表題部の変更の登記を申請する場合に提供する各階平面図は、二階部分のみの各階平面図で足りる。,×,建物の表題部の変更登記に際して各階平面図を提供する場合、変更のあった階層部分だけでなく、変更のない階層を含め「建物のすべての階」の各階平面図を提供しなければならない。
平成22年度第15問,不動産登記法,ア,区分建物の表題登記の申請をする場合において、当該区分建物が属する一棟の建物に属さない区分建物を附属建物とするときは、当該附属建物とする区分建物が属する一棟の建物に属する他の区分建物の表題登記の申請を併せてしなければならない。,○,附属建物とする区分建物が他の別の一棟の建物に属する場合、その別棟に属する他の区分建物の表題登記も併せて申請しなければならない（不動産登記法第48条）。
平成22年度第15問,不動産登記法,イ,三つの区分建物で構成される一棟の建物に属する区分建物についての表題登記を申請する場合において、一つの区分建物についてのみ専有部分とその専有部分に係る敷地利用権の分離処分を可能とする規約を設定したときは、他の二つの区分建物についてのみ敷地権に関する事項を申請情報とすることができる。,○,分離処分を可能とする規約が設定された専有部分については敷地権の登記がされないため、規約が設定されていない他の二つの区分建物についてのみ敷地権に関する事項を申請情報とする。
平成22年度第15問,不動産登記法,ウ,表題登記のある建物で当該建物の敷地である土地のみに抵当権の設定の登記があるものについて敷地権付きの建物の区分の登記を申請する場合において、抵当権者が抵当権の消滅を承諾したことを証する情報が提供されたときは、当該抵当権の登記が消滅した旨の登記がされる。,×,この場合、承諾情報の提供によって敷地権付き区分建物としての登記がなされるが、土地の抵当権が消滅するわけではなく「抵当権が消滅した旨の登記」がなされるわけではない。
平成22年度第15問,不動産登記法,エ,抵当権の設定の登記がある建物を2個に区分する建物の区分の登記を申請する場合において、抵当権者が一方の区分建物についてのみ当該抵当権の消滅を承諾したことを証する情報が提供されたときは、もう一方の区分建物の登記記録にのみ抵当権の設定の登記が転写される。,○,建物の区分登記において抵当権の一部消滅承諾があった場合、承諾がなかった建物の登記記録にのみ抵当権の登記が転写される。
平成22年度第15問,不動産登記法,オ,区分建物の表題登記の申請をする場合において、建築基準法に基づき交付された確認済証上、建築場所として一棟の建物が所在する土地の地番のほかその土地に隣接する土地の地番が記載されているときは、当該隣接する土地の地番も当該区分建物の所在地番として申請情報の内容としなければならない。,×,区分建物の所在地番として申請情報とするのは、一棟の建物が「現実に所在する」土地の地番のみである。確認済証に記載されていても、現実に建物が存在していなければ所在地番にはならない。
平成22年度第16問,不動産登記法,ア,建物の表題登記を代理人によって電子申請する場合に提供する、当該建物の所有者が作成した代理権限を証する情報（委任状）が書面に記載されているときは、当該書面をスキャンして当該作成者の電子署名を付したものを添付情報とすることができない。,×,代理権限を証する情報（委任状）は、委任者本人が書面をスキャン（PDF化等）し、自身で電子署名を付したものであれば、電子申請の添付情報として送信することが可能である。
平成22年度第16問,不動産登記法,イ,建物を増築したことによる建物の表題部の変更の登記を電子申請する場合に、所有権証明情報として提供する工事完了引渡証明情報が書面に記載されているときは、当該書面をスキャンして当該作成者の電子署名を付したものを添付情報とすることができない。,×,工事完了引渡証明情報についても、その作成者（施工業者等）が書面をスキャンし、自身で電子署名を付したものであれば、電子申請の添付情報として送信することが可能である。
平成22年度第16問,不動産登記法,ウ,地役権の登記がある承役地の分筆の登記を電子申請する場合において提供する、地役権設定の範囲を証する地役権者が作成した情報が書面に記載されているときは、当該書面をスキャンして当該作成者の電子署名を付したものを添付情報とすることができない。,×,地役権設定の範囲を証する情報についても、作成者である地役権者本人が書面をスキャンし、自身で電子署名を付したものであれば、電子申請の添付情報とすることができる。
平成22年度第16問,不動産登記法,エ,建物を取り壊したことによる建物の滅失の登記を代理人によって電子申請する場合に提供する、代理人が作成した不動産登記規則第93条に規定する調査報告情報が書面に記載されているときは、当該書面をスキャンして当該作成者の電子署名を付したものを添付情報とすることができない。,○,調査報告情報は、最初から電磁的記録（PDF等）として作成し職職電子署名を付す必要があり、紙の書面で作成したものをスキャンしたファイルに電子署名を付すことは認められていない。
平成22年度第16問,不動産登記法,オ,建物の合体の登記を電子申請する場合に提供する建物図面及び各階平面図が書面に記載されているときは、当該書面をスキャンして当該作成者の電子署名を付したものを添付情報とすることができない。,○,図面情報（建物図面等）は、定められた仕様（XML形式、TIFF等）で最初から電子的に作成する必要があり、紙の図面をスキャンして電子署名を付したもので代用することはできない。
平成22年度第17問,不動産登記法,ア,登記事項証明書及び登記事項要約書の交付は、いずれも電子情報処理組織を使用して請求することができる。,×,登記事項証明書はオンラインで請求することができるが、登記事項要約書についてはオンライン（電子情報処理組織）による請求は認められておらず、登記所の窓口で請求しなければならない。
平成22年度第17問,不動産登記法,イ,地図が電磁的記録に記録されている場合には、当該記録された地図の内容を証明した書面の交付は、電子情報処理組織を使用して請求することができる。,○,地図が電磁的記録に記録されている場合、地図証明書等の交付請求は電子情報処理組織を使用して（オンラインで）請求することができる。
平成22年度第17問,不動産登記法,ウ,建物の表題登記の申請情報に添付された表題部所有者となる者が所有権を有することを証する情報を記載した書面（所有権証明書）の閲覧は、請求人が利害関係を有する部分に限り請求することができる。,○,申請情報とともに提供された添付情報の閲覧は、原則として請求人が利害関係を有する部分に限り認められる（不動産登記法第121条第2項）。
平成22年度第17問,不動産登記法,エ,登記事項証明書の交付は、法務省令で定める場合を除いて、請求に係る不動産の所在地を管轄する登記所以外の登記所に対しても請求することができる。,○,登記事項証明書の交付請求は、登記情報交換サービスにより、管轄登記所以外のどの登記所に対しても請求することができる。
平成22年度第17問,不動産登記法,オ,登記されていない不動産については、その不動産が未登記であることの証明書の交付を請求することができる。,×,不動産登記法において、不動産が未登記であることの証明書（いわゆる無登記証明書）を交付する制度は存在しない。
平成22年度第18問,不動産登記法,ア,共有物分割の裁判によって共有の土地が分割された場合において、一部の共有者が分筆の登記の申請に協力しないときは、他の共有登記名義人がその者に代位して当該土地の分筆の登記を申請することができる。,○,共有物分割判決（形成判決）が確定した場合、各共有者はその判決に基づく単独所有権移転登記の前提として、代位により分筆の登記を単独で申請できる。
平成22年度第18問,不動産登記法,イ,所有権移転請求権保全の仮登記がされている甲土地から乙土地を分筆する場合には、分筆後の乙土地について仮登記権利者が権利の消滅を承諾したことを証する情報が提供されたときであっても、分筆後の乙土地の登記記録には当該仮登記が転写される。,×,分筆に伴い、仮登記権利者が分筆後の特定の土地（乙土地）について権利が消滅することを承諾した情報を提供したときは、当該乙土地の登記記録には仮登記は転写されない。
平成22年度第18問,不動産登記法,ウ,甲土地を要役地とする地役権設定登記がされている乙土地を分筆する場合において、分筆後の土地の一部について地役権が存続するときは、甲土地の登記記録に記録されている承役地である不動産に関する事項については、職権で変更の登記がされる。,○,承役地が分筆された場合、要役地の登記記録における承役地の表示は、登記官が職権で変更の登記をする（不動産登記規則第161条）。
平成22年度第18問,不動産登記法,エ,競売の申立てによる差押えの登記がされている甲土地から乙土地を分筆する場合には、分筆後の甲土地について競売申立権者が差押えの消滅を承諾したことを証する情報が提供されたときであっても、分筆後の甲土地について差押えの登記の抹消をすることはできない。,○,差押え等の処分の制限の登記は、分筆登記の際に承諾情報の提供によって一部の土地についてのみ転写を免れさせる（消滅させる）取扱いは認められておらず、全筆に転写された後に別途抹消登記をすべきである。
平成22年度第18問,不動産登記法,オ,抵当権の設定の登記がされている甲土地から乙土地を分筆する場合において、分筆後の甲土地及び乙土地の2筆の土地について抵当権者が抵当権の消滅を承諾したことを証する情報が提供されたときは、甲土地の登記記録には抵当権が消滅した旨の記録がされ、乙土地の登記記録には抵当権の設定の登記は転写されない。,×,すべての分筆後の土地について抵当権の消滅承諾情報を提供して、分筆登記の申請と同時に抵当権を消滅（抹消）させることはできず、別途に抵当権の抹消登記を申請する必要がある。
平成22年度第19問,不動産登記法,ア,所有権の登記がある土地の合筆の登記の申請を電子申請の方法でした場合における登記識別情報の通知は、申請人からの申出があっても、登記識別情報を記載した書面を送付して交付する方法ですることはできない。,×,電子申請によってなされた登記申請であっても、申請人の申出があれば、登記識別情報を記載した書面を交付（送付を含む）する方法によって通知を受けることができる。
平成22年度第19問,不動産登記法,イ,所有権の登記がある土地の合筆の登記の申請をする場合において、登記識別情報を失念したときは、登記識別情報を提供することができないことにつき正当な理由があるということはできない。,○,登記識別情報の「失念」は、提供できないことの正当な理由（失効、紛失、不通知など）には該当しない。
平成22年度第19問,不動産登記法,ウ,登記識別情報のある甲土地から乙土地を分筆した後、乙土地を丙土地に合筆する登記の申請をする際に提供すべき登記識別情報は、甲土地のものでよい。,○,分筆された乙土地の所有権の登記識別情報は、分筆元の甲土地のものと同一であるため、合筆申請時には甲土地の登記識別情報を提供すればよい。
平成22年度第19問,不動産登記法,エ,所有権の登記がある土地の合筆の登記がされた場合において、登記識別情報の通知を受ける特別の委任を受けた代理人があるときは、登記識別情報は、当該代理人に対して通知される。,○,登記識別情報の通知の受領について特別の授権を受けた代理人が申請した場合は、その代理人に対して通知される。
平成22年度第19問,不動産登記法,オ,登記識別情報の通知を受けた登記名義人が死亡した場合には、その相続人は、登記識別情報の失効の申出をしなければならない。,×,登記名義人が死亡した場合に、その相続人が当該登記識別情報の失効の申出をしなければならないという義務はない。
平成22年度第20問,土地家屋調査士法,ア,土地家屋調査士となる資格を有する者が、土地家屋調査士となるため日本土地家屋調査士会連合会に登録申請書を提出するときは、その事務所を設けようとする地を管轄する法務局又は地方法務局を経由してしなければならない。,×,登録申請書は、所属しようとする「土地家屋調査士会」を経由して日本土地家屋調査士会連合会に提出しなければならない。法務局を経由するわけではない。
平成22年度第20問,土地家屋調査士法,イ,土地家屋調査士が死亡したときは、その相続人は、遅滞なく、その旨を土地家屋調査士会連合会に届け出なければならない。,×,調査士が死亡した場合の届出先は、「その所属する土地家屋調査士会」である。連合会に対して直接届け出るわけではない。
平成22年度第20問,土地家屋調査士法,ウ,土地家屋調査士が他の法務局又は地方法務局の管轄区域内に事務所を移転しようとするときは、現に所属している土地家屋調査士会を経由して、日本土地家屋調査士会連合会に、所属する土地家屋調査士会の変更の登録の申請をしなければならない。,×,管轄外に事務所を移転する（所属する調査士会を変更する）ための変更登録の申請は、「新たに所属しようとする土地家屋調査士会」を経由して行わなければならない。
平成22年度第20問,土地家屋調査士法,エ,所属する土地家屋調査士会の変更の登録の申請をした土地家屋調査士は、その申請の日から3か月を経過しても当該申請に対して何らの処分がされないときは、当該申請が認められたものとみなすことができる。,○,変更の登録の申請をした日から3箇月を経過しても処分がされないときは、その登録の変更がされたものとみなすことができる（土地家屋調査士法第12条第2項）。
平成22年度第20問,土地家屋調査士法,オ,日本土地家屋調査士会連合会により心身の故障により調査士の業務をおこなうことができないことを理由に土地家屋調査士の登録を取り消された者は、当該処分に不服があるときは、法務大臣に対して行政不服審査法による審査請求をすることができる。,○,日本土地家屋調査士会連合会が行った登録の取消し処分に対して不服がある者は、法務大臣に対して審査請求をすることができる（土地家屋調査士法第16条）。
平成21年度第1問,民法,ア,Ａは、平成２年１月１日、Ｂ所有の甲土地を、自己の所有地であると過失なく信じて占有を開始し、以後、所有の意思をもって、平穏に、かつ、公然と甲土地を占有している。平成10年１月１日に甲土地がＢからＣに譲渡された場合において、Ａは、平成15年１月１日に、Ｃに対して甲土地の時効取得を主張することができますか。Ａは、所有権の移転の登記をしなくても、Ｃに対して甲土地の時効取得を主張することができます。,○,時効完成前（平成15年前）に目的物を譲り受けた第三者Cは、時効取得者Aとの関係では当事者と同様の地位に立つため、Aは登記なくしてCに時効取得を対抗できる。
平成21年度第1問,民法,イ,Ａは、平成２年１月１日、Ｂ所有の甲土地を、自己の所有地であると過失なく信じて占有を開始し、以後、所有の意思をもって、平穏に、かつ、公然と甲土地を占有している。ＣがＢから甲土地を譲り受けたのが平成13年１月１日であった場合には、Ａは、平成15年１月１日に、Ｃに対して甲土地の時効取得を主張することができますか。この場合には、Ａは、所有権の移転の登記をしなければ、Ｃに対して時効取得を主張することができません。,×,譲渡が平成13年であっても時効完成（平成15年）前であることに変わりはないため、Aは登記なくしてCに時効取得を主張できる。
平成21年度第1問,民法,ウ,Ａは、平成２年１月１日、Ｂ所有の甲土地を、自己の所有地であると過失なく信じて占有を開始し、以後、所有の意思をもって、平穏に、かつ、公然と甲土地を占有している。ＣがＢから甲土地を譲り受けたのが平成13年１月１日であった場合、Ａが、平成15年１月１日に、Ｂに対して甲土地の時効取得を主張する場合はどうでしょうか。この場合も、Ａは、所有権の移転の登記をしなければ、Ｂに対して時効取得を主張することができません。,×,Bは時効完成時の本来の所有者（当事者）であるため、Aは当然に登記なくしてBに時効取得を主張することができる。
平成21年度第1問,民法,エ,Ａは、平成２年１月１日、Ｂ所有の甲土地を、自己の所有地であると過失なく信じて占有を開始し、以後、所有の意思をもって、平穏に、かつ、公然と甲土地を占有している。ＣがＢから甲土地を譲り受けたのが平成13年１月１日であった場合で、Ａは、平成５年１月１日からの10年間の占有に基づいて、平成15年１月１日に、Ｃに対して甲土地の時効取得を主張することはできますか。そのような主張は許されません。,○,時効の起算点は占有開始時（平成2年）に固定され、当事者が任意の時点（平成5年など）を選択して時効の完成時期をずらすことは許されない。
平成21年度第1問,民法,オ,Ａは、平成２年１月１日、Ｂ所有の甲土地を、自己の所有地であると過失なく信じて占有を開始し、以後、所有の意思をもって、平穏に、かつ、公然と甲土地を占有している。ＣがＢから甲土地を譲り受けたのが平成13年１月１日であった場合で、Ａが、平成２年１月１日から20年が経過するのを待って、その後に、20年間の占有に基づいて、Ｃに対して甲土地の時効取得を主張することはできますか。Ａは、自己の所有地であると過失なく信じて甲土地の占有を開始したので、20年の取得時効を主張することはできません。,×,短期取得時効（10年）の要件を満たす占有者であっても、長期取得時効（20年）を主張することは可能である。
平成21年度第2問,民法,ア,工作物の所有を目的として設定された地上権は、設定後にその工作物が滅失したときは、消滅する。,×,地上権は土地を使用する物権であり、目的物である工作物が滅失しても、設定行為等で別段の定めがない限り地上権は消滅しない（民法269条1項の趣旨）。
平成21年度第2問,民法,イ,地上権を時効によって取得するためには、土地の継続的な使用という外形的事実が存在し、かつ、その使用が地上権行使の意思に基づくものであることが客観的に表現されていることが必要である。,○,地上権の時効取得には、土地の継続的・客観的な使用の事実と、それが地上権行使の意思によるものであることが外部から認識できる状態であることが必要である。
平成21年度第2問,民法,ウ,地上権者は、土地の所有者の承諾を得ないで、地上権を譲渡し、又は地上権を目的とする抵当権を設定することができる。,○,地上権は物権であるため、原則として地主の承諾なく自由に譲渡・担保設定ができる。
平成21年度第2問,民法,エ,地上権者は、設定契約において特段の定めがない場合であっても、土地の所有者に対して地代の支払義務を負い、その場合の地代の額は、当事者の請求により裁判所が定める。,×,地上権において地代の支払いは要素ではなく（無償の地上権も可能）、設定契約で地代の定めがない場合は、当然には地代支払義務を負わない。
平成21年度第2問,民法,オ,定期の地代を支払うべき地上権者が、引き続き２年以上地代の支払を怠ったときは、土地の所有者は、地上権の消滅を請求することができる。,○,地代支払義務のある地上権者が引き続き2年以上地代の支払いを怠った場合、地主は地上権の消滅を請求することができる（民法266条1項）。
平成21年度第3問,民法,ア,遺産分割協議が成立した後であっても、共同相続人全員の合意で分割協議を解除した上で再度分割協議を成立させることができる。,○,遺産分割協議は共同相続人全員の合意によって全部または一部を解除し、改めて分割協議を行うことができる（判例）。
平成21年度第3問,民法,イ,相続財産中の不動産につき、遺産分割により法定相続分と異なる権利を取得した相続人は、登記を経なくても、当該分割後に当該不動産につき権利を取得した第三者に対し、当該分割による権利の取得を対抗することができる。,×,※法改正により現在は○。法改正により、遺産分割による権利取得は法定相続分を超える部分についても登記なくして第三者に対抗できるようになった（民法899条の2第1項）。
平成21年度第3問,民法,ウ,遺産分割協議が成立したが、相続人Ａがこの協議において相続人Ｂに対して負担した債務を履行しない場合には、Ｂは、遺産分割協議を解除することができる。,×,遺産分割協議は、その性質上、一部の相続人の債務不履行を理由として解除することはできない（法的安定性の確保のため）。
平成21年度第3問,民法,エ,相続放棄をした者は、他の共同相続人の同意があったとしても、遺産分割協議の当事者となることができない。,○,相続放棄をした者は初めから相続人とならなかったものとみなされるため（民法939条）、遺産分割協議の当事者にはなれない。
平成21年度第3問,民法,オ,被相続人が「甲不動産は相続人Ｃに相続させる。」との遺言をしていた場合であっても、他の相続人が甲不動産を取得することとし、Ｃは遺産中の他の財産を取得することとする旨の遺産分割をすることができる。,○,「相続させる」旨の遺言（特定財産承継遺言）があった場合でも、受遺者を含む共同相続人全員の同意があれば、遺言と異なる内容の遺産分割協議をすることができる。
平成21年度第4問,不動産登記法,ア,耐用年数がおおむね１年程度のビニール材質を用いて屋根及び壁が仕上げられている温室は、建物として登記することができる。,×,耐用年数が1年程度のビニールハウス（温室）は、耐久性や定着性に欠けるため、原則として建物として登記することはできない。
平成21年度第4問,不動産登記法,イ,貨物運搬用のコンテナボックスを利用した貸倉庫は、基礎工事が施され土地に定着していれば、建物として登記することができる。,○,コンテナであっても、基礎工事により土地に定着し、屋根・壁を有し用途性があれば、建物として登記することができる。
平成21年度第4問,不動産登記法,ウ,円柱状の形をした石油備蓄用の石油タンクは、建物として登記することができる。,×,タンク（貯蔵槽）などは、一般的に屋根・周壁を有する建造物とは認められず、建物として登記することはできない（不動産登記規則111条の「建物」に該当しない）。
平成21年度第4問,不動産登記法,エ,機械上に建設された建造物は、地上に基脚や支柱がなくても、建物として登記することができる。,×,機械上に建設された建造物（クレーン上の運転室等）は、土地への定着性を欠くため、建物として登記することはできない。
平成21年度第4問,不動産登記法,オ,屋外野球場の観覧席のうち屋根を有する部分は、建物として登記することができる。,×,屋外球場の観覧席の屋根部分は、外気分断性（壁等の存在）を欠くため、独立の建物として登記することはできない。
平成21年度第5問,不動産登記法,ア,地目は、土地の用途による分類です。所在、地番及び地積と共に、登記された土地を特定するためのもので、登記記録の表題部に記録されます。,○,地目は土地の用途による分類であり、土地の表示を構成する要素として表題部に記録される（不動産登記法34条1項3号）。
平成21年度第5問,不動産登記法,イ,登記記録に記録する地目は、不動産登記規則に定められている 23 種類のうちから土地の現況と利用目的により登記官が認定して定めます。この認定に当たり考慮される土地の利用目的は、所有者が主観的に考える利用目的に従って上記の 23 種類のうちから定まることになります。,×,地目の認定は、土地の現況や客観的な利用目的に基づいて登記官が認定するものであり、所有者の主観的な利用目的だけで定まるものではない。
平成21年度第5問,不動産登記法,ウ,一筆の土地のうちに現況や利用日的が異なる部分があっても、それが部分的でわずかな差異であるときは、土地全体の状況を見て「畑」又は「雑種地」と判断しますが、土地全体が複合的用途に利用されていると認められるときは、「畑・雑種地」のようにしても差し支えありません。,×,一筆の土地には一の地目を定めるのが原則であり（一筆一地目）、「畑・雑種地」のように複合的な地目を登記することはできない。
平成21年度第5問,不動産登記法,エ,地目を原野として登記されている土地を資材置場として利用していたが、地目の変更の登記をしないまま、現在は建物の敷地として利用している場合には、表示に関する登記は、不動産の物理的現況を公示するものですので、この場合は、中間の雑種地という地目への変更を経ることなく、直接現在の宅地という地目への地目の変更の登記の申請をすることになります。,○,中間地目（雑種地）を経由せず、直接、現在の現況地目（宅地）への変更登記を申請することができる。
平成21年度第5問,不動産登記法,オ,土地区画整理事業施行地区内で仮換地が指定された従前の土地の地目及び現況が雑種地である場合において、仮換地上に建物を建築したときは、従前の土地に対する利用権は既に仮換地に対する利用権に移っていますので、その仮換地上に建物を建てた場合は、従前の土地の地目を宅地にする地目の変更の登記の申請をすることができます。,×,仮換地上の利用状況が変化しても、従前の土地の物理的現況（地目）が変化するわけではないため、従前の土地の地目変更登記はできない。
平成21年度第6問,不動産登記法,ア,登記識別情報に関する証明は、登記名義人及び利害関係人から請求することができる。,×,登記識別情報に関する証明（有効証明等）を請求できるのは、登記名義人またはその承継人等に限られ、単なる利害関係人からは請求できない。
平成21年度第6問,不動産登記法,イ,登記識別情報に関する証明は、電子情報処理組織を使用して請求することはできない。,×,登記識別情報に関する証明は、書面によるほか、電子情報処理組織（オンライン）を利用して請求することも可能である。
平成21年度第6問,不動産登記法,ウ,登記識別情報に関する証明は、提供する登記識別情報が有効であることのほか、登記識別情報が通知されていないこと又は失効していることについても請求することができる。,○,登記識別情報が通知されていないこと、または失効していること（失効証明等）についても証明の請求が可能である。
平成21年度第6問,不動産登記法,エ,登記識別情報に関する証明は、登記名義人である請求人の住所が登記記録と合致しない場合には、住所についての変更があったことを証する市町村長又は登記官の証明情報を提供して請求することができる。,○,登記記録上の住所と現在の住所が異なる場合は、つながりを証する情報（住民票等）を提供して証明を請求することができる。
平成21年度第6問,不動産登記法,オ,登記識別情報に関する証明は、土地家屋調査士が代理人として請求する場合には、所属土地家屋調査士会が発行した当該土地家屋調査士の職印に関する証明情報を提供して、当該請求に係る代理人の権限を証する情報を提供することなく、請求することができる。,×,資格者代理人が請求する場合であっても、本人からの委任状（代理権限証明情報）の提供は必要である（職印証明で委任状を代用することはできない）。
平成21年度第7問,不動産登記法,ア,地積に誤りがある土地の一部について所有権を取得した者は、当該部分の所有権を証する情報を提供して、代位により地積の更正及び当該部分の分筆の登記を申請することができる。,○,土地の一部取得者は、所有権移転登記請求権を保全するため、売主に代位して地積更正登記と分筆登記を申請できる。
平成21年度第7問,不動産登記法,イ,甲地の一部を乙地とする分筆の登記の申請において、申請しようとする分筆線の位置を誤って申請し、そのまま登記が完了した場合には、分筆線の位置を更正するために甲地及び乙地について地積の更正の登記を申請することができる。,×,分筆線の誤りは「地積」の誤りではなく「分筆の錯誤」であるため、地積更正登記ではなく、分筆登記の抹消（錯誤抹消）を行う必要がある。
平成21年度第7問,不動産登記法,ウ,地積に誤りがある土地の利害関係人は、当該土地の所有権の登記名義人に対し地積の更正の登記手続を命ずる判決を得て、代位により地積の更正の登記を申請することができる。,×,表題部に関する登記の代位申請は、債権者代位権など実体法上の代位原因が必要であり、単なる判決を得ただけでは代位申請の根拠とはならない。
平成21年度第7問,不動産登記法,エ,代位による申請で地積の更正の登記がされた場合において、当該土地の所有権の登記名義人は、後日当該代位原因が存しなかったことを明らかにすれば錯誤を原因として地積の更正の登記の抹消を申請することができる。,×,地積更正登記は事実の表示に関するものであり、「抹消」するのではなく、真実の地積に更正する「再度の地積更正登記」を申請すべきである。
平成21年度第7問,不動産登記法,オ,測量の結果が、登記記録の地積と異なる場合において、その差が不動産登記規則に定められている誤差の限度の範囲内であるときであっても、地積の更正の登記を申請することができる。,○,公差の範囲内であっても、登記記録と実測値が異なる以上、正確な地積に一致させるための地積更正登記を申請することは可能である。
平成21年度第8問,不動産登記法,ア,表題部所有者Ａは、表題部所有者を真正な所有者であるＢとする更正の登記を単独で申請することができる。,×,表題部所有者の更正登記は、現在の表題部所有者（A）と更正後の表題部所有者（B）が共同して申請しなければならない（不動産登記法33条1項）。
平成21年度第8問,不動産登記法,イ,表題部所有者をＡからＡ及びＢとする更正の登記を申請するに当たっては、Ｂが所有権を有することを証する情報を提供することを要する。,○,表題部所有者を更正する場合、新たに追加される者（B）の所有権を証する情報（所有権証明情報）を提供する必要がある。
平成21年度第8問,不動産登記法,ウ,表題部所有者Ａ、Ｂ及びＣの持分が、Ａは 10 分の５、Ｂは 10 分の３、Ｃは 10 分の２と登記されている不動産について、Ｂの持分を 10 分の２、Ｃの持分を 10 分の３とする更正の登記をＣが申請するに当たっては、他の共有者Ａ及びＢの承諾を証する情報を提供することを要する。,×,この更正登記において、Aの持分に変動はないためAの承諾証明情報の提供は不要であり、持分が減少するBの承諾証明情報のみが必要となる。
平成21年度第8問,不動産登記法,エ,表題部所有者株式会社Ａが商号の変更によりＢ株式会社となった場合には、Ｂ株式会社は、直ちに表題部所有者の表示変更の登記を申請することができる。,○,法人の商号変更等の場合、変更を証する情報を提供して、単独で表題部所有者の氏名等の変更登記を申請することができる。
平成21年度第8問,不動産登記法,オ,表題部所有者がＡ及びＢである場合に、Ａが死亡してＢ以外に相続人がいないときは、Ｂは、直ちに自己を単独所有者とする表題部所有者の変更の登記を申請することができる。,×,表題部所有者に相続が発生した場合、表題部所有者の変更登記等をするのではなく、BはAの持分を含めた全部について所有権保存登記を申請すべきである（不動産登記法74条1項1号）。
平成21年度第9問,不動産登記法,ア,建物の表題登記の申請に当たり、表題部所有者の住所を証する情報として提供された、市町村長が作成した当該表題部所有者についての住民票の写しは、作成後３月以内のものでなければならないか。,×,住所証明情報として提供する住民票等については、法規上、作成後3ヶ月以内という期間制限はない。
平成21年度第9問,不動産登記法,イ,建物の表題登記の申請に当たり、表題部所有者の所有権を証する情報として工事施工会社作成の工事完了引渡証明書と併せて提供された、当該工事施工会社の代表者の印鑑の証明書は、作成後３月以内のものでなければならないか。,×,所有権証明情報の一部として提供される印鑑証明書には、作成後3ヶ月以内という期間制限は設けられていない。
平成21年度第9問,不動産登記法,ウ,合筆の登記の申請に当たり、登記識別情報を提供することができない場合に、当該登記の申請代理人である土地家屋調査士が作成した本人確認情報と併せて提供された、所属土地家屋調査士会が発行した当該土地家屋調査士の職印に関する証明書は、作成後３月以内のものでなければならないか。,×,資格者代理人の職印証明書については、本人確認情報と併せて提供する場合であっても、3ヶ月以内の期間制限はない。
平成21年度第9問,不動産登記法,エ,分筆の登記の申請に当たり、抵当権の消滅承諾書として会社である抵当権者が作成した抵当権放棄証書と併せて提供された、当該抵当権者の代表者の印鑑の証明書は、作成後３月以内のものでなければならないか。,○,承諾を要する第三者の承諾書に添付する印鑑証明書は、原則として作成後3ヶ月以内のものでなければならない（不動産登記令18条3項、16条3項）。
平成21年度第9問,不動産登記法,オ,法定代理人による地目の変更の登記の申請に当たり、当該法定代理人の権限を証する情報として提供された、市町村長が作成した当該申請者本人についての戸籍謄本は、作成後３月以内のものでなければならないか。,○,法定代理人の権限を証する情報（戸籍謄本等）は、作成後3ヶ月以内のものでなければならない（不動産登記令7条1項1号）。
平成21年度第10問,不動産登記法,ア,区分建物以外の建物（非区分建物）であって、新築後、表題登記がないまま１月以上が経過したものを譲り受けたＡは、譲受け後１月以内に、当該非区分建物の表題登記を申請しなければならない。,○,未登記の非区分建物の所有権を取得した者は、所有権の取得の日から1ヶ月以内に建物の表題登記を申請しなければならない（不動産登記法47条2項）。
平成21年度第10問,不動産登記法,イ,共用部分である旨の登記がある建物について、共用部分である旨を定めた規約を廃止した場合には、当該建物の所有者Ａは、当該規約の廃止の日から１月以内に、当該建物の表題登記を申請しなければならない。,○,共用部分とする旨の規約が廃止された場合、建物の所有者は、規約廃止の日から1ヶ月以内に建物の表題登記を申請しなければならない（不動産登記法58条5項）。
平成21年度第10問,不動産登記法,ウ,表題部所有者をＡとする建物に附属する建物をＡが新築したが、表題部の変更の登記の申請をしないままＡが死亡した場合には、その相続人Ｂ及びＣは、相続による当該主である建物の所有権の移転の登記を行った後でなければ、当該主である建物の表題部の変更の登記を申請することができない。,×,相続人B・Cは、Aを名義人とする相続による所有権保存登記等を省略し、直接、建物の表題部変更（附属建物新築）登記を申請することができる（不動産登記法51条1項、2項類推）。
平成21年度第10問,不動産登記法,エ,Ａが所有する建物をえい行移転したときは、Ａは、当該建物の滅失登記と表題登記を同時に申請しなければならない。,×,えい行移転（曳家等）により建物の同一性が保たれている場合、滅失登記・表題登記ではなく、「所在の変更の登記」を申請する。
平成21年度第10問,不動産登記法,オ,Ａが表題登記がない非区分建物の所有権を取得したが、表題登記の申請をしないまま死亡した場合には、その相続人Ｂ及びＣは、当該建物について、Ａを表題部所有者とする表題登記を申請しなければならない。,×,未登記建物の所有者が死亡した場合、その相続人（B・C）は、死者（A）名義ではなく、直接自己（B・C）を表題部所有者とする表題登記を申請することができる（法47条1項・2項）。
平成21年度第11問,不動産登記法,1,合併する建物の所有権の登記名義人が建物の合併の登記を書面により申請する場合において、登記識別情報の通知を希望しないときは、あらかじめこれを希望しない旨の申出をする必要がある。,○,建物の合併の登記においては新たな登記識別情報が通知されるため、希望しない場合はその旨を申し出る必要がある。
平成21年度第11問,不動産登記法,2,区分建物が互いに接続していないときは、これらの区分建物について区分合併の登記をすることができない。,×,区分建物同士の合併（区分合併）については、一棟の建物に属する区分建物であれば、互いに接続していなくても合併の登記をすることができる（不動産登記法54条2項）。
平成21年度第11問,不動産登記法,3,二つの建物の所在が、それぞれ異なる地番区域であっても、当該建物の合併の登記をすることができる。,○,土地の合筆とは異なり、建物の合併については地番区域が異なる場合であっても合併登記が認められる。
平成21年度第11問,不動産登記法,4,合併する双方の建物に所有権の登記のほかに質権の登記がされていて、その質権の登記の目的、申請の受付の年月日及び受付番号並びに登記原因及びその日付が同一であるときは、これらの建物について合併の登記をすることができる。,○,原則として担保権の登記がある建物は合併できないが、双方の建物に設定された担保権（質権等）の登記原因等が同一である場合は例外的に合併が認められる。
平成21年度第11問,不動産登記法,5,表題部所有者が建物の合併の登記を申請する場合には、当該登記の申請書に自己の印鑑に関する証明書を添付しなければならない。,○,所有権の登記がない建物の合併の登記を表題部所有者が申請する場合、本人の印鑑証明書の提供が義務付けられている（不動産登記令16条2項）。
平成21年度第12問,不動産登記法,ア,登記等の申請における添付書面の原本還付請求について、表題部所有者についての更正の登記の申請をするに当たって添付する表題部所有者の当該更正についての承諾書は、原本の還付を請求することができない。,○,当該申請のためのみに作成された承諾書や同意書等の類は、原則として原本の還付を請求することができない。
平成21年度第12問,不動産登記法,イ,登記等の申請における添付書面の原本還付請求について、建物を合体した場合において、登記の申請をするに当たって添付する存続登記に係る権利の登記名義人の当該合体についての承諾書は、原本の還付を請求することができない。,○,合体に関する権利者の承諾書についても、当該登記申請のためにのみ作成された書類であるため、原本の還付を請求することはできない。
平成21年度第12問,不動産登記法,ウ,登記等の申請における添付書面の原本還付請求について、登記識別情報通知書をもって登記識別情報を提供する場合は、当該通知書の原本の還付を請求することができない。,○,登記識別情報通知書は、そのまま提供した場合、登記完了後に返却（原本還付）を求めることはできない。
平成21年度第12問,不動産登記法,エ,登記等の申請における添付書面の原本還付請求について、建物の表題登記の申請をするに当たって所有権証明書として添付する工事施工会社作成の工事完了引渡証明書の成立の真実性を担保するための当該工事施工会社の代表者の印鑑の証明書は、原本の還付を請求することができない。,×,所有権証明書の一部として提供された印鑑証明書は、「承諾書に添付する印鑑証明書」等の還付不可の特則に該当しないため、原本の還付を請求することができる。
平成21年度第12問,不動産登記法,オ,登記等の申請における添付書面の原本還付請求について、筆界特定の申請をするに当たって添付する書面は、原本の還付を請求することができない。,×,筆界特定の申請において添付した図面や書面についても、原本の還付を請求することが認められている（不動産登記規則221条）。
平成21年度第13問,不動産登記法,ア,地図又は地図に準ずる図面の訂正の申出に当たり、地図等に表示された土地の区画又は位置若しくは形状に誤りがあるときは、土地所在図又は地積測量図を添付しなければならない。,○,地図訂正の申出において、区画や形状等の訂正を求める場合は、正しい形状等を示す土地所在図や地積測量図を提供しなければならない（不動産登記規則17条1項）。
平成21年度第13問,不動産登記法,イ,地図の訂正をすることによって、申出に係る土地以外の土地の区画を訂正すべきこととなる場合には、申出に基づき地図の訂正をすることができない。,○,地図の訂正によって隣接する他の土地の区画も変更されてしまう場合には、当該申出によって地図を訂正することはできない（不動産登記規則16条4項）。
平成21年度第13問,不動産登記法,ウ,土地の登記記録の地積に錯誤があり、当該土地の地積測量図に誤りがある場合において、地積に関する更正の登記の申請をするときは、この申請と併せて地積測量図の訂正の申出をしなければならない。,×,地積更正登記の申請には正しい地積測量図を添付すればよく、これによって地積測量図も新たに備え付けられるため、別途「地積測量図の訂正の申出」を併せて行う必要はない。
平成21年度第13問,不動産登記法,エ,相続によって土地の所有権を取得した者は、所有権の移転の登記を経ていなくても地図訂正の申出をすることができる。,○,所有権登記名義人の一般承継人（相続人）は、自らへの所有権移転登記を経由していなくても、直接地図訂正の申出をすることができる。
平成21年度第13問,不動産登記法,オ,書面を提出する方法による地図訂正の申出について取下げ又は却下があったときは、申出書及びその添付書面は、申出人に還付される。,×,取下げや却下があった場合、添付書面は還付されるが、「申出書」自体は登記所に保存されるため還付されない。
平成21年度第14問,不動産登記法,ア,登記官による本人確認調査について、所有権の登記がある土地の合筆の登記が申請された場合において、申請前３月以内に所有権の登記名義人の住所の変更の登記がされているときは、登記官は、当該申請人について本人確認調査をしなければならない。,○,合筆の登記等の表示に関する登記において、申請前3ヶ月以内に名義人の住所変更登記がされている場合、不法な目的の疑いがあるため本人確認調査の対象となる（不動産登記規則24条1項）。
平成21年度第14問,不動産登記法,イ,登記官による本人確認調査について、登記の申請が資格者代理人によってされている場合において、本人確認調査をすべきときは、原則として、まず、当該資格者代理人に対し必要な情報の提供を求める。,○,資格者代理人（調査士等）による申請の場合は、登記官はまずその代理人に対して申請人の同一性等に関する情報の提供を求める（不動産登記規則24条2項）。
平成21年度第14問,不動産登記法,ウ,本人確認調査の契機とするための不正登記防止の申出は、申出書を送付することによってすることができる。,×,不正登記防止の申出は、申出人本人が登記所に出頭して行うのが原則であり、郵送（送付）によってすることはできない。
平成21年度第14問,不動産登記法,エ,登記官による本人確認調査は、当該申請人の申請の権限の有無についての調査であって、申請人の申請意思の有無は調査の対象ではない。,○,不動産登記法24条の本人確認調査は「申請権限を有する者であるかどうか」の確認であり、権利に関する登記の事前通知制度のような「申請意思の確認」までは目的としていない。
平成21年度第14問,不動産登記法,オ,登記官による本人確認調査について、登記官が本人確認調査を行うに当たっては、電話等による事情の聴取又は資料の提出等により本人であることを確認することができる場合には、本人に出頭を求める必要はない。,×,本人確認調査にあたっては、原則として申請人等を登記所に出頭させて行わなければならず、電話等による事情聴取で代用することはできない。
平成21年度第15問,不動産登記法,ア,対象土地以外の土地であって、特定を求める筆界上の点を含む他の筆界で対象土地と接する土地の所在が、申請を受けた法務局又は地方法務局の管轄に属しない筆界特定の申請は、却下される。,×,対象土地が管轄内であれば、特定に影響する隣接関係地が管轄外にまたがっていたとしても、筆界特定の申請は却下されない（不動産登記法131条2項）。
平成21年度第15問,不動産登記法,イ,筆界の確定を求める裁判において係争中の筆界についてする筆界特定の申請は、却下される。,×,筆界確定訴訟の「確定判決」がある場合は却下されるが、訴訟が「係争中（未確定）」の段階であれば筆界特定を申請することができる。
平成21年度第15問,不動産登記法,ウ,表題登記のない道路と、これに接する同じく表題登記のない水路との境についてする筆界特定の申請は、却下される。,○,筆界特定の対象となるのは表題登記がある土地または表題登記をすべき土地であり、ともに登記すべきでない土地（法定外公共物等）の境界は筆界特定の対象外として却下される。
平成21年度第15問,不動産登記法,エ,対象土地の抵当権者がする筆界特定の申請は、却下される。,○,筆界特定を申請できるのは対象土地の所有権登記名義人等（またはその相続人等）に限られ、抵当権者には申請適格がないため却下される。
平成21年度第15問,不動産登記法,オ,一筆の土地の一部の所有権を取得した者が、取得した部分以外の土地部分の筆界についてする筆界特定の申請は、却下される。,×,土地の一部を取得した者は当該一筆の土地全体の所有権名義人と同等の申請権を有するため、取得部分に面していない筆界であっても申請でき、却下されない。
平成21年度第16問,不動産登記法,1,登記所に備え付けられる図面について、明治初期に「①地租改正」事業を施行し、その一環として全国の土地を検査・測量した。,○,明治政府による地租改正事業は歴史的記述として正しい。
平成21年度第16問,不動産登記法,2,登記所に備え付けられる図面について、地租改正事業に基づき地券を発行した際、「②改租図」が作成された。,×,地租改正時に作成された図面は一般に「地引絵図（野取絵図）」などと呼ばれる。「改租図」という語句が誤りとして設定されている。
平成21年度第16問,不動産登記法,3,これらの図面の正本は、土地台帳附属地図として「③市町村役場」に保管されることとなった。,×,土地台帳附属地図（公図）の正本は、市町村役場ではなく「税務署」に保管されることとなったのが歴史的事実である。
平成21年度第16問,不動産登記法,4,平成5年の不動産登記法の改正により、これらの図面は、「④土地の位置、方位、形状及び地番」を表示する図面として法律上の根拠を持つに至った。,×,地図に準ずる図面が表示するのは「土地の位置、形状及び地番」であり、「方位」は法定の表示事項には含まれていない（不動産登記法14条4項）。
平成21年度第16問,不動産登記法,5,平成5年の不動産登記法の改正により、これらの図面は、「⑤地図に準ずる図面」として法律上の根拠を持つに至った。,○,いわゆる公図は、不動産登記法第14条第4項に基づく「地図に準ずる図面」として法定された。
平成21年度第17問,不動産登記法,ア,上屋を有する荷物の積卸場は、上屋の下部にある積卸場の部分の面積を床面積に算入する。,×,屋外にある荷物の積卸場等は、たとえ上屋を有していても建物の床面積には算入しない（不動産登記規則115条）。
平成21年度第17問,不動産登記法,イ,ビルの屋上にある出入口のためだけの階段室は、外気分断性がある場合には、床面積に算入する。,×,屋上に設けられた出入りするためだけの階段室や機械室等の塔屋は、原則として建物の床面積に算入しない。
平成21年度第17問,不動産登記法,ウ,木造２階建て住宅の１階部分を駐車スペースとして利用する場合には、当該スペースの３方向に壁があれば、前面にシャッターがなく常時開放されていても、当該スペース部分は床面積に算入する。,○,いわゆるビルトインガレージ等で、3方向が壁で囲まれており建物と一体的に構築されている部分は、前面が開放されていても床面積に算入する。
平成21年度第17問,不動産登記法,エ,５階建ての建物に設置してあるエレベータ室は、エレベータが各階に止まる仕様であっても、１階部分のみ床面積に算入する。,○,エレベーターの昇降路（シャフト）部分は、各階を貫通しているが、床面積としては1階の床面積にのみ算入する。
平成21年度第17問,不動産登記法,オ,建物に附属する手すりの付いている屋外の階段部分は、床面積に算入する。,×,屋外階段は、手すり等の有無にかかわらず、建物の内部とは認められないため床面積には算入しない。
平成21年度第18問,不動産登記法,ア,表題登記がある建物の主である建物とその附属建物が合体した場合には、合体後の建物についての建物の表題登記及び合体前の建物についての表題部の登記の抹消を申請しなければならない。,×,同一の登記記録上にある主建物と附属建物が合体した場合、合体による登記ではなく、建物の物理的現況の変更として「表題部の変更の登記（増築等）」を申請する。
平成21年度第18問,不動産登記法,イ,表題登記がない建物と表題登記がある建物のみが合体して１個の建物となった後に、当該合体前の表題登記がない建物の所有者から当該合体後の建物について合体前の表題登記がない建物の所有権に相当する持分を取得した者は、当該持分取得の日から１か月以内に、合体による登記等を申請しなければならない。,○,合体後に、合体前の未登記建物部分の所有権（持分）を取得した者は、持分取得の日から1ヶ月以内に合体による登記等を申請する義務を負う（不動産登記法49条2項）。
平成21年度第18問,不動産登記法,ウ,所有権の登記がある建物と表題登記がない建物が合体して１個の建物となった後に、合体前の所有権の登記がある建物の所有権の登記名義人が合体による登記等を申請する場合には、合体後の建物全体の当該申請人の所有権を証する情報を提供しなければならない。,×,この場合、すでに所有権登記がある部分については証明が不要であり、合体前の未登記建物部分についての所有権を証する情報のみを提供すれば足りる。
平成21年度第18問,不動産登記法,エ,表題登記のみがある建物が合体して１個の建物となった後に、合体前の建物の表題部所有者に誤りがあり、更正の登記によって表題部所有者となった者は、その者に係る表題部所有者についての更正の登記があった日から１か月以内に、合体による登記等を申請しなければならない。,○,更正登記によって新たに表題部所有者となった者は、その更正登記の日から1ヶ月以内に合体の登記を申請する義務がある（不動産登記法49条4項）。
平成21年度第18問,不動産登記法,オ,合体前の建物がいずれも表題登記がない建物であるときは、合体後の建物については、合体による表題登記の申請ではなく、新築による建物の表題登記を申請しなければならない。,○,合体前の建物がすべて未登記である場合は、不動産登記法49条の「合体」の特則は適用されず、全体を1個の建物とする通常の表題登記（新築）を申請する。
平成21年度第19問,不動産登記法,ア,表題登記がある区分建物でない建物（非区分建物）に接続して区分建物が新築されて一棟の建物となった場合における当該新築に係る区分建物についての表題登記の申請は、当該接続前の非区分建物についての表題部の登記の抹消の申請と併せてしなければならない。,×,非区分建物が区分建物になった場合は、表題部の「抹消」ではなく、「表題部の変更の登記（非区分建物から区分建物への変更）」を併せて申請する。
平成21年度第19問,不動産登記法,イ,表題登記がない建物に接続して区分建物が新築されて一棟の建物となった場合には、当該区分建物の所有者が、他の区分建物の所有者に代わって、当該他の区分建物についての表題登記を申請することができる。,○,一棟の建物に属する区分建物の表題登記は、全区分建物の表題登記を一括して申請しなければならないため、他の区分所有者に代位して申請することができる（不動産登記法47条3項）。
平成21年度第19問,不動産登記法,ウ,一棟の建物に属する区分建物全部の原始取得者が、その表題登記をしない間に、そのうちの一部の区分建物を他に売却した場合には、その売却した区分建物の表題登記の申請は、原始取得者が、その転得者に代位してする方法により、しなければならない。,×,この場合、原始取得者が自己を表題部所有者とする表題登記（一括申請）を行った後で、転得者への所有権移転の登記を行うべきであり、転得者に代位して表題登記を行うわけではない。
平成21年度第19問,不動産登記法,エ,一棟の建物に属する建物の全部が同一の原始取得者の所有に属する場合には、その原始取得者は、その一棟の建物に属する建物の全部を１個の非区分建物としてその表題登記を申請することができる。,○,構造上区分建物の要件を満たしていても、一棟全体が単独所有である場合は、所有者の意思により全体を1個の非区分建物（普通の建物）として表題登記することができる。
平成21年度第19問,不動産登記法,オ,新築された表題登記がない区分建物の原始取得者が死亡した場合には、その相続人は、自己を当該区分建物の表題部所有者とする表題登記を申請することができる。,○,未登記建物の原始取得者の相続人は、直接自己を表題部所有者とする表題登記を申請することができる（不動産登記法47条2項）。
平成21年度第20問,土地家屋調査士法,ア,平成16年10月1日生まれの未婚のAは、土地家屋調査士となる資格を有しない。,×,※問題の設定「令和5年4月1日現在」に従う。令和5年4月1日時点でAは18歳6ヶ月となり、民法上の成年（18歳）に達しているため、未成年者の欠格事由には該当せず資格を有する。
平成21年度第20問,土地家屋調査士法,イ,令和元年5月1日に懲戒処分により司法書士の業務を禁止されたBは、土地家屋調査士となる資格を有しない。,×,※問題の設定「令和5年4月1日現在」に従う。司法書士の業務禁止処分から3年を経過するまでは欠格事由となるが、令和5年4月1日時点で既に3年を経過しているため、資格を有する。
平成21年度第20問,土地家屋調査士法,ウ,令和2年5月1日に破産手続開始の決定を受けたCは、令和4年12月1日に復権の決定が確定しても、土地家屋調査士となる資格を有しない。,×,※問題の設定「令和5年4月1日現在」に従う。破産者であっても「復権を得た」場合は欠格事由から外れるため、すでに復権を得ているCは資格を有する。
平成21年度第20問,土地家屋調査士法,エ,令和3年10月1日に懲戒処分により公認会計士の登録を抹消されたDは、土地家屋調査士となる資格を有しない。,○,※問題の設定「令和5年4月1日現在」に従う。公認会計士の登録抹消処分から3年を経過しない者は欠格事由に該当する。令和5年4月1日時点では3年を経過していないため、資格を有しない。
平成21年度第20問,土地家屋調査士法,オ,Ｘ県の職員として令和4年4月1日に減給6か月の懲戒処分を受け、同年12月1日付けで同県を退職したEは、土地家屋調査士となる資格を有しない。,×,※問題の設定「令和5年4月1日現在」に従う。公務員として「懲戒免職」の処分を受けた場合は3年間の欠格事由となるが、減給処分を受けた後に自主退職した場合は欠格事由に該当せず、資格を有する。
平成20年度第1問,民法,ア,質権者は、被担保債権の全部の弁済を受けるまでは、質権の目的である不動産の全部についてその権利を行使することができる。,○,質権などの担保物権には不可分性が認められており、被担保債権の全部の弁済を受けるまで目的物の全部について権利を行使できる（民法第296条、350条）。
平成20年度第1問,民法,イ,質権者は、質権設定者の承諾を得なければ、質権の目的である不動産について転質をすることができない。,×,不動産質権者は、質権設定者の承諾を得ることなく、その権利の存続期間内において自己の責任で転質をすることができる（民法第348条）。
平成20年度第1問,民法,ウ,質権者は、質権設定者の承諾を得なければ、質権の目的である不動産の使用及び収益をすることができない。,×,不動産質権者は、質権設定者の承諾を得ることなく、目的不動産の用法に従いその使用及び収益をすることができる（民法第356条）。
平成20年度第1問,民法,エ,同一の不動産について数個の質権が設定されたときは、その質権の順位は、登記の前後による。,○,同一の不動産について数個の質権が設定された場合、その順位は抵当権の順位と同様に登記の前後による（民法第373条準用）。
平成20年度第1問,民法,オ,質権は、金銭以外の物の引渡請求権を被担保債権として、設定することができる。,○,質権の被担保債権は金銭債権に限られず、金銭以外の物の引渡請求権などを被担保債権として設定することも可能である。
平成20年度第2問,民法,ア,A所有の甲土地をBが時効取得した後その旨が登記がされる前に、Aは甲土地をCに売却してその旨の登記がされた。この場合に、Bは、Cに対して、甲土地の所有権取得を対抗することができない。,○,取得時効完成後に原所有者から権利を取得した第三者に対しては、登記を備えなければ時効取得を対抗することができない。
平成20年度第2問,民法,イ,A所有の甲土地がAからBに贈与されたが、その旨の登記がされる前にAは死亡した。その後、Aの唯一の相続人であるCは、甲土地をDに売却して、その旨が登記がされた。この場合に、Bは、Dに対して、甲土地の所有権取得を対抗することができる。,×,Aから贈与を受けたBと、Aの相続人Cから買受けたDとは対抗関係に立つため、先に登記を備えなかったBはDに対して所有権取得を対抗できない。
平成20年度第2問,民法,ウ,A所有の甲土地がAからBに売却されたが、その旨の登記はされていない。この場合に、Bは、権原なく甲土地を占有しているCに対して、甲土地の所有権取得を対抗することができない。,×,不法占拠者であるCは民法第177条の「第三者」に該当しないため、Bは登記がなくてもCに対して所有権を主張して明渡しを求めることができる。
平成20年度第2問,民法,エ,AとBは甲土地を共有していたところ、Aはその共有持分をCに譲渡したが、その旨の登記はされていない。この場合に、Cは、Bに対して、甲土地の共有持分の取得を対抗することができる。,×,共有持分の譲渡において、他の共有者は民法第177条の「第三者」に該当するため、譲受人Cは登記を備えなければ他の共有者Bに対抗することができない（最判昭46.6.18）。
平成20年度第2問,民法,オ,A所有の甲土地がAからBに売却されたが、その旨の登記がされる前に、甲土地はAからC、CからDへと順次売却され、その旨の登記がされた。Bに対する関係で、Cは背信的悪意者であるがDは背信的悪意者ではない。この場合に、Bは、Dに対して、甲土地の所有権取得を対抗することができない。,○,背信的悪意者からの転得者であっても、その者自身が背信的悪意者でない限り、第177条の第三者として保護されるため、Bは登記なくしてDに対抗できない。
平成20年度第3問,民法,ア,この法律行為は、行為の後一定の期間が経過することにより、確定的に有効となる場合がある。,○,取り消すことができる法律行為は、追認できる時から5年、または行為の時から20年を経過すると取消権が消滅し、確定的に有効となる。無効な行為には適用されないため「取消し」のみを指す。
平成20年度第3問,民法,イ,この法律行為は、だれでもその効力がない旨を主張することができる。,×,無効な法律行為は誰からでも主張できるが、取り消すことができる行為は特定の取消権者しか主張できないため「のみ」には該当しない。
平成20年度第3問,民法,ウ,この法律行為は、その効力がない旨の主張をした時から将来に向かってのみ、効力を失う。,×,取り消された法律行為は「初めから無効であったものとみなされる」（遡及効）ため、将来に向かってのみ効力を失うとする記述は誤りである。
平成20年度第3問,民法,エ,この法律行為により金銭債務を負担した債務者がその金銭の支払をした後であっても、債務者は、支払った金銭の返還を請求することができる。,×,不当利得返還請求は、初めから無効な行為でも、取り消されて無効とみなされた行為でもどちらでも可能なため「取消しのみ」を指しているわけではない。
平成20年度第3問,民法,オ,成年被後見人がした法律行為は、原則としてこの法律行為である。,○,成年被後見人が行った日用品の購入などを除く法律行為は、原則として取り消すことができる行為である（無効ではない）。
平成20年度第4問,不動産登記法,ア,建物を相続により取得した者が複数いる場合において、被相続人名義のままその建物を取り壊したときは、その取得者の1人は、その建物を取得した他の共同相続人の同意を証する情報を提供しなければ、当該建物の滅失の登記を申請することができない。,×,建物の滅失の登記は物理的な滅失の事実を報告する性質の登記であるため、保存行為として相続人の一人から単独で申請でき、他の相続人の同意は不要である。
平成20年度第4問,不動産登記法,イ,各階が1個の区分建物である3階建ての一棟の建物の3階部分にある区分建物が取り壊されたことにより一棟の建物が2階建てとなったとしても、取り壊された区分建物以外の区分建物の表題部所有者又は所有権の登記名義人は、取り壊された区分建物以外の区分建物について、構造の変更による表題部の変更の登記を申請することを要しない。,×,一棟の建物の一部が滅失して階数が減少した場合、残存する区分建物についても一棟の建物の構造等の変更が生じるため、表題部変更登記を申請しなければならない。
平成20年度第4問,不動産登記法,ウ,A所有の土地の上に借地人B名義の既登記の建物がある場合、Bの承諾を得てAが建物を取り壊したときは、Aは、Bの承諾を証する情報を提供して、当該建物の滅失の登記を申請することができる。,×,土地所有者Aは、利害関係人としてBに「代位」して滅失の登記を申請することはできるが、Bの承諾を得たからといってA自身が申請人として直接申請できるわけではない。
平成20年度第4問,不動産登記法,エ,共用部分である旨の登記がされている建物を取り壊した場合は、当該建物の所有権を証する情報を提供して、その所有者の1人から建物の滅失の登記を申請することができる。,○,共用部分である旨の登記がされた建物には所有権等の名義人が記録されていないが、当該建物の所有者は、所有権を証する情報を提供して滅失の登記を申請できる。
平成20年度第4問,不動産登記法,オ,処分禁止の仮処分の登記がある建物を取り壊した場合、当該仮処分がされた建物の所有権の登記名義人は、建物の滅失の登記を申請するときは、処分禁止の仮処分の申立人の承諾を証する情報を提供しなければならない。,×,建物の滅失登記は物理的な滅失事実の報告にすぎず、権利の制限を受ける性質のものではないため、仮処分の申立人等権利者の承諾を証する情報は不要である。
平成20年度第5問,不動産登記法,ア,外壁材をすべて張り替えて屋根材まで和瓦から洋瓦に変更する大規模改修工事を行った場合は、建物の表題部の変更の登記が必要になる。,×,屋根を和瓦から洋瓦に葺き替えても、登記上の構造区分である「かわらぶき」には変更がないため、表題部変更登記は不要である。
平成20年度第5問,不動産登記法,イ,未登記建物の増築について、Aの建物に息子Bが全額負担して増築し、AがBに持分譲渡をした場合、共有者であるAと息子Bの2人からの申請により、床面積が増加したことによる建物の表題部の変更の登記を行う。,×,増築された建物が未登記であった場合は、表題部の変更登記ではなく、増築時の所有者であるAおよびBを共有者として新たな建物の「表題登記」を申請することになる。
平成20年度第5問,不動産登記法,ウ,建物が未登記の場合は、建物の表題部の変更の登記をすることができませんので、AとBとを共有者とする建物の表題登記を行うことになります。,○,未登記建物に増築を行い、その際に所有権の持分譲渡が行われた場合は、完成後の建物の所有者であるAとBを共有者とする建物の表題登記を申請する。
平成20年度第5問,不動産登記法,エ,登記されている建物に附属建物があり、この附属建物だけ取り壊したときは、附属建物の滅失の登記を行うのではなく、建物の表題部の変更の登記を行います。,○,主たる建物が存在したまま附属建物のみが滅失した場合、独立した滅失登記ではなく、主たる建物の表題部の変更の登記（附属建物の表示の抹消）として処理する。
平成20年度第5問,不動産登記法,オ,附属建物として登記されている建物部分を取り壊し、種類・構造・床面積がすべて同じ附属建物を全く同じ位置に新しく建て直した場合は、現況と登記が一致しているため建物の表題部の変更の登記は必要ない。,×,従前の附属建物は取壊しにより滅失し、新たな建物が新築されたことになるため、従前の建物の滅失および新たな建物の新築を内容とする建物の表題部の変更の登記が必要である。
平成20年度第6問,不動産登記法,ア,邸宅の敷地及びこれに接続したテニスコート（宅地）からテニスコートの部分を分筆して乙土地とする場合において、実測面積が620.5782平方メートルであるときは、地積は620平方メートルである。,×,宅地の地積は小数点第2位まで表示しなければならないため、620.57平方メートルと表示するのが正しい。
平成20年度第6問,不動産登記法,イ,居宅の敷地となっている甲土地から公衆用道路として利用される状態となった部分を分筆して乙土地とする場合において、実測面積が9.0025平方メートルであるときは、地積は9.00平方メートルである。,○,公衆用道路（宅地・鉱泉地以外）であっても、地積が10平方メートル未満の場合は小数点第2位まで表示するため、9.00平方メートルとなる。
平成20年度第6問,不動産登記法,ウ,畑から地役権を設定するため高圧線下となった土地を分筆する場合、その部分の地目は畑のままであり、実測面積が34.9471平方メートルであるときは、地積は34.94平方メートルである。,×,宅地・鉱泉地以外の土地で地積が10平方メートルを超える場合、1平方メートル未満の端数は切り捨てて整数で表示するため、34平方メートルとなる。
平成20年度第6問,不動産登記法,エ,保安林から温泉の湧出口となっている部分を分筆する場合、保安林の指定解除がなくかつ実測面積が56.8703平方メートルであるときは、地積は56.87平方メートルである。,×,保安林の地目変更は保安林の指定解除がなされなければ行うことができないため、鉱泉地として分筆登記（及び地目変更）を申請することはできない。
平成20年度第6問,不動産登記法,オ,畑から宅地造成工事中となっている部分を分筆する場合において、実測面積が215.4766平方メートルであるときは、雑種地へ変更し地積は215平方メートルである。,○,宅地造成工事中の土地は「雑種地」となる。雑種地は宅地・鉱泉地以外であり、10平方メートルを超えるため端数を切り捨てて215平方メートルとする。
平成20年度第7問,不動産登記法,ア,公法上の境界（筆界）は、法的手続を経て公示されている土地の区画線で、私人が自由に動かしたり新たに設定したりすることができない。これに対し、私法上の境界は、私人間で自由に取決めのできるものである。,○,筆界（公法上の境界）と所有権界（私法上の境界）の違いに関する正しい説明である。
平成20年度第7問,不動産登記法,イ,筆界は、明治時代に行われた地租改正事業により創設されたといわれており、その際一筆の土地として把握され図面に公示された区画を成す現地の線が原始的な筆界と考えられている。,○,筆界の歴史的な創設経緯（地租改正時の改租図等による創設）に関する正しい説明である。
平成20年度第7問,不動産登記法,ウ,筆界はその後も新たに創設される場合があるが、それは分筆の登記がされた場合、地積に関する更正の登記がされた場合、土地区画整理法等の規定に基づく換地処分がされその登記がされた場合などがある。,×,分筆や換地処分によって筆界は創設されるが、「地積に関する更正の登記」は既存の筆界に基づく面積の誤りを正すのみであり、新たな筆界を創設するものではない。
平成20年度第7問,不動産登記法,エ,筆界確定訴訟の確定判決によって示される筆界は公的な存在であるため、この判決は登記官等の第三者にも効力が及ぶ。,×,筆界確定訴訟の判決は、当事者間においてのみ筆界を確定する効力を有し、原則として第三者や登記官を直接拘束する対世効（対第三者効力）はない。
平成20年度第7問,不動産登記法,オ,未登記の土地同士の境界であっても、地租改正事業の際に作成された改祖図やその後の更正図に示されていたものは筆界と認められるので、筆界特定の申請をすることができる。,○,未登記の土地であっても、元々創設された筆界が存在すれば筆界特定制度の対象となる。
平成20年度第8問,不動産登記法,ア,甲土地に要役地についてする地役権の登記がある場合には、乙土地に合筆しようとする部分について地役権を消滅させることを証する地役権者の作成した情報を提供して、本件分合筆の登記を申請することができる。,○,一部についての地役権消滅承諾情報等を提供することで、要役地の一部を分筆し他の土地に合筆する登記を申請することができる。
平成20年度第8問,不動産登記法,イ,甲土地に敷地権である旨の登記がある場合には、乙土地に合筆しようとする部分について分離処分を可能とする規約を設定したことを証する情報を提供して、敷地権の変更の登記と本件分合筆の登記を一の申請情報によって申請することができる。,×,敷地権の変更の登記と土地の分合筆の登記は、登記の目的及び原因が異なるため、一の申請情報によって申請することはできない。
平成20年度第8問,不動産登記法,ウ,甲土地（雑種地）の一部が宅地である場合において、その宅地部分を分筆し乙土地（宅地）に合筆しようとするときは、当該一部の地目に関する変更の登記と本件分合筆の登記を一の申請情報によって申請することができる。,○,一部地目変更の登記と土地の分合筆の登記は、同一管轄で登記原因等が整合する場合、実務上一の申請情報で申請することができる。
平成20年度第8問,不動産登記法,エ,甲土地及び乙土地に同一の区分建物についての敷地権である旨の登記がある場合において、その敷地利用権が所有権であるときは、本件分合筆の登記を申請することができる。,×,敷地権の登記がある土地は、たとえ同一の区分建物の敷地権であっても、敷地権の割合や登記記録の明確性の観点から合筆（分合筆を含む）することはできない。
平成20年度第8問,不動産登記法,オ,甲土地に存続期間の定めのある地上権の設定の登記がある場合において、その期間が経過しているときは、地上権の登記を抹消することなく、本件分合筆の登記を申請することができる。,×,存続期間が経過して実体上権利が消滅していたとしても、登記記録上に「地上権の登記」が存在する状態では、これを抹消しなければ合筆（分合筆）することはできない。
平成20年度第9問,不動産登記法,ア,地方自治法第260条の2に規定する認可を受けた地縁による団体である町内会は、町内会館を建築したときは、当該町内会を表題部所有者とする表題登記を申請することができる。,○,認可地縁団体は法人格を有するため、団体自身の名義で不動産を所有し、表題登記の申請をすることができる。
平成20年度第9問,不動産登記法,イ,区分建物でない建物の表題部所有者は、当該建物がこれに接続して区分建物が新築されたことにより区分建物となったときは、新築された区分建物の所有者に代位して、区分建物の表題登記を申請することができる。,×,既存の非区分建物が区分建物になった場合、新築建物の所有者が既存建物の表題部変更を代位申請することはできるが、既存建物の所有者が新築建物の表題登記を代位申請する規定はない。
平成20年度第9問,不動産登記法,ウ,株主総会において解散決議がされた株式会社の代表清算人は、当該会社が所有権の登記名義人である土地の地積に関する更正の登記を申請することができる。,○,解散した株式会社の代表清算人は、清算の目的の範囲内（財産の保全・整理等）において権限を有するため、地積更正登記を申請することができる。
平成20年度第9問,不動産登記法,エ,一棟の建物に属する複数の区分建物のうちの1個の区分建物の所有者の1人は、その一棟の建物の敷地であって所有権が敷地権である旨の登記のある土地について、分筆に係る管理組合の総会の決議を証する情報を提供して分筆の登記を申請することができる。,×,敷地権の登記がある土地の分筆は、敷地権の割合に影響を及ぼさなければ所有者（区分建物所有者）が保存行為として単独で申請でき、管理組合の決議は必ずしも必要要件ではない。
平成20年度第9問,不動産登記法,オ,表題部所有者A及びBの持分に変更があった場合、A及びBは、表題部所有者の持分の変更の登記を申請することができる。,○,未登記不動産において表題部所有者の持分に変更があった場合、表題部所有者の変更の登記（持分変更）を申請することができる（不動産登記法第31条）。
平成20年度第10問,不動産登記法,ア,電子申請により土地家屋調査士が代理人として表示に関する登記を申請するときは、その土地家屋調査士が申請情報に電子署名をしなければならない。,○,代理人による電子申請の場合、申請代理人である土地家屋調査士の電子署名及び電子証明書の提供が必要である。
平成20年度第10問,不動産登記法,イ,電子申請により表題登記を申請する場合において、申請人が電子署名に係る地方公共団体の認証業務に関する法律に基づく電子証明書を提供したときは、住所を証する情報の提供を要しない。,○,公的個人認証サービスによる電子証明書を送信した場合、当該証明書で住所等を確認できるため、別途の住所証明情報（住民票等）の提供を省略できる。
平成20年度第10問,不動産登記法,ウ,所有権の登記名義人について登記識別情報が書面で通知されている場合において、電子申請による合筆の登記を申請するときは、通知を受けた書面をスキャナにより電磁的記録に記録し、これに電子署名をして提供することができる。,×,書面で通知された登記識別情報（12桁の英数字）を電子申請で提供する場合は、システム上で暗号化して入力・送信する必要があり、書面をスキャンしたPDF等で提供することはできない。
平成20年度第10問,不動産登記法,エ,電子申請により表題登記を申請する場合において、所有権を証する情報が書面に記載されているときは、当該書面をスキャナにより電磁的記録に記録して、申請代理人がこれに電子署名をし、添付情報として提供することができる。,○,所有権証明書等の添付情報について、原本還付請求の規定の準用により、申請代理人（調査士等）が原本をスキャンして自身の電子署名を付して提供する特例措置が認められている。
平成20年度第10問,不動産登記法,オ,電子申請により地積に関する更正の登記をする場合において、地積測量図が書面で作成されているときは、当該図面をスキャナにより電磁的記録に記録して提供しなければならない。,×,地積測量図などの図面情報は、スキャナで読み取った画像ファイルではなく、XML形式やTIFF形式など指定された方法で電磁的に作成したものでなければならない。
平成20年度第11問,不動産登記法,ア,不動産登記法第14条の地図が乙1の精度区分により作成され、登記所に備え付けられている地域について分筆の登記を申請する場合であっても、申請地が市街地であるときは、地積測量図は甲2の精度区分により作成しなければならない。,×,市街地であっても、既に備え付けられている地図が乙1の精度区分である場合は、例外として地積測量図も乙1の精度区分で作成することができる。
平成20年度第11問,不動産登記法,イ,地役権図面は、地役権の存する範囲及びその地積を明確にして作成しなければならない。,×,地役権図面は地役権が設定される「範囲」を明確にする図面であり、面積（地積）を算出して記載する必要はない。
平成20年度第11問,不動産登記法,ウ,地役権図面には、作成の年月日を記録し、申請人が記名するとともに、地役権者が署名し、又は記名押印しなければならない。,×,地役権図面には申請人（または作成者）が署名若しくは記名押印すれば足り、地役権者本人の署名等は要求されていない。
平成20年度第11問,不動産登記法,エ,土地の分筆登記を申請する場合において、地積測量図及び地役権図面を提供するには、地役権図面を作成するための誤差の限度は、地積測量図を作成する誤差の限度と同一の誤差の限度によるものとする。,×,地役権図面には地積測量図に適用されるような厳密な公差（誤差の限度）の規定は存在せず、同一の制限を受けるわけではない。
平成20年度第11問,不動産登記法,オ,地積測量図を作成する際には、基本三角点等に基づく測量の成果による筆界点の座標値を記録しなければならないが、近傍に基本三角点等が存しない場合その他の特別の事情がある場合には、近傍の恒久的な地物に基づく測量の成果による筆界点の座標値を記録しなければならない。,○,原則として基本三角点等に基づく座標値が必要だが、近傍に存在しない等の特別の事情がある場合は、恒久的地物に基づく座標値を記録することができる。
平成20年度第12問,不動産登記法,ア,筆界特定の申請情報に補正することができる不備があり、登記官が補正を認める相当な期間を定めたときは、その期間内に、当該補正すべき事項に係る不備を補正することができる。,○,筆界特定申請の補正に関する規定であり、登記官が定めた相当の期間内であれば不備を補正することができる。
平成20年度第12問,不動産登記法,イ,筆界特定の申請情報の内容である工作物、囲障又は境界標の有無その他の対象土地の状況については、図面によりその内容を明らかにして申請しなければならない。,×,対象土地の状況等は申請情報の内容として提供すれば足り、必ずしも図面を添付して明らかにしなければならないわけではない。
平成20年度第12問,不動産登記法,ウ,筆界特定の申請情報の内容である対象土地について筆界特定を必要とする理由は、例えば、工作物等の設置の際、隣接地所有者と筆界の位置につき意見の対立が生じた等の具体的な事情を明らかにしなければならない。,○,筆界特定を申請する理由は、なぜ特定が必要となったのか（紛争の経緯等）の具体的な事情を申請情報として提供しなければならない。
平成20年度第12問,不動産登記法,エ,筆界特定の申請が却下された場合、その申請人は、筆界特定登記官の当該却下処分に対し、審査請求をすることができない。,×,筆界特定の手続中の処分に対しては審査請求できないが、「申請の却下処分」に対しては法務局長等への審査請求が認められている。
平成20年度第12問,不動産登記法,オ,筆界特定の申請に係る筆界についていわゆる筆界確定訴訟が係属している場合には、当該事件を特定するに足りる事項を筆界特定の申請情報の内容として申請しなければならない。,○,対象となる筆界について訴訟が係属中である場合は、その事件を特定する事項を申請情報の内容として提供する義務がある。
平成20年度第13問,不動産登記法,ア,地積に関する更正の登記と分筆の登記を一の申請情報により申請する場合には、提供すべき地積測量図は、分筆後の各筆を求積したものであれば足りる。,×,地積更正登記と分筆登記は目的・原因が異なるため一括申請できない。したがって、分筆後の各筆の求積図面だけで一括申請できるとする記述は誤り。
平成20年度第13問,不動産登記法,イ,一筆の土地の一部が別の地目になったことにより、地目に関する変更の登記と分筆の登記とを一の申請情報により申請する場合において、当該土地の所有権の登記名義人が死亡したために相続人から申請するときは、相続人全員の住所及び氏名を申請情報の内容としなければならない。,×,一部地目変更・分筆登記は表示に関する登記であり、保存行為として相続人の一人から単独で申請できるため、申請人となる相続人の住所氏名を提供すれば足りる。
平成20年度第13問,不動産登記法,ウ,一筆の土地の一部について売買したことにより所有権の移転の登記をする前提として分筆の登記を申請する場合、当該土地が敷地権付き区分建物の法定敷地であるときは、その分筆の登記の申請情報には、分離処分を可能とする定めを設定した規約を証する情報を併せて提供しなければならない。,○,法定敷地の一部を分筆して譲渡することは敷地権の分離処分に該当するため、規約で分離処分を可能としておかなければ分筆登記はできない。
平成20年度第13問,不動産登記法,エ,一筆の土地の一部が別の地目になったことにより、地目に関する変更の登記と分筆の登記とを一の申請情報により申請するときは、登記原因及びその日付を申請情報の内容としなければならない。,○,一部地目変更に伴う分筆登記を一の申請情報で行う場合、地目が変更された事実（登記原因とその日付）を申請情報の内容とする。
平成20年度第13問,不動産登記法,オ,甲土地の一部について地役権の設定の登記がされている場合において、甲土地の地役権が存する部分を乙土地として分筆する分筆の登記を申請するときは、地役権図面を併せて提供しなければならない。,×,地役権が存する部分のみを乙土地として分筆した場合、分筆後の乙土地の「全面」に地役権が存することになるため、設定範囲を示すための新たな地役権図面の提供は不要。
平成20年度第14問,不動産登記法,ア,区分建物が一棟の建物の地下一階部分と地上一階部分に属する場合の当該区分建物の階層の表示は、地下一階付き平家建である。,○,建物の階数において地階は階数に算入しないため、地上1階・地下1階の建物の表示は「地下一階付平家建」となる。
平成20年度第14問,不動産登記法,イ,区分建物の壁と柱で構成される内側線が、本来の壁面より柱部分が内側に突き出て、柱状に凸凹がある場合、床面積は、柱部分を含めた凸凹状の内側線でなく、柱部分の凸凹はないものとした壁面のみで囲まれた部分の内側線の水平投影面積により求積する。,×,区分建物の床面積は壁その他の区画の内側線で求積するため、柱が出っ張っていればその凸凹の形状に従って内側線として求積しなければならない。
平成20年度第14問,不動産登記法,ウ,区分建物の表題登記は、一棟の建物に属するすべての区分建物について一の申請情報により申請しなければならない。,○,一棟の建物に属する区分建物の表題登記は、一棟全体の物理的状況を確定させるため、すべての区分建物について一括して申請しなければならない（不動産登記法第48条）。
平成20年度第14問,不動産登記法,エ,区分建物の原始取得者から取得した転得者は、原始取得者が区分建物の表題登記の申請をしない場合には、原始取得者に代位して区分建物の表題登記を申請することができる。,×,表題登記のない建物の所有権を取得した転得者は、自らを所有者として直接表題登記を申請できるため、原始取得者に代位して申請する必要はない（代位は認められない）。
平成20年度第14問,不動産登記法,オ,Bが所有する土地に区分建物を新築したAが、当該建物の完成後、Bからその土地を買い受けて敷地権付き区分建物として表題登記を申請する場合、敷地権の登記原因の日付は、区分建物の新築の日である。,×,建物の新築後に土地の所有権（敷地利用権）を取得した場合、敷地権の登記原因日付は、建物の新築日ではなく「土地の権利を取得した日（売買等の日）」となる。
平成20年度第15問,不動産登記法,ア,いずれも所有権の登記がある建物を合体したことによる合体による登記等の申請は、登録免許税を納付しなければならない。,×,合体による登記等における登録免許税は、合体前後の不動産価格の差額に対して課されるため、差額が生じない場合等は非課税となり、必ずしも納付しなければならないわけではない。
平成20年度第15問,不動産登記法,イ,合体前の各建物の所有者が、合体後の建物について有する持分の割合を定めることが必要となる場合において、合体前の各建物の所有者の全員が申請人であって、申請情報と併せて印鑑証明書を提供したときは、申請情報とは別に持分の割合を証する情報を提供することを要しない。,○,持分割合を申請情報の内容とし、所有者全員が申請人として記名押印し印鑑証明書を提供すれば、それが持分を証する情報となるため別途提供する必要はない。
平成20年度第15問,不動産登記法,ウ,所有権の登記がある建物の合体による登記等の申請には、合体前の所有権の登記名義人の異同にかかわらず、合体前のすべての建物についての所有権の登記名義人の登記識別情報を提供しなければならない。,○,合体による登記等は新たな権利の登記（保存登記）の性質を持つため、名義人が同一であっても既存建物の登記識別情報を提供して真正な所有者からの申請であることを証明しなければならない。
平成20年度第15問,不動産登記法,エ,合体による登記等の申請において、合体前の建物に登記されている抵当権が合体後の建物に存続するものとしての記載のないものがあるときは、当該抵当権の登記名義人が当該抵当権を消滅させることを承諾したことを証する情報又は当該抵当権者に対抗することができる裁判があったことを証する情報を提供しなければならない。,○,合体に伴い一部の抵当権が存続せずに消滅する場合、登記手続上、その抵当権の消滅を承諾した情報等を提供しなければならない。
平成20年度第15問,不動産登記法,オ,所有権の登記名義人を異にする建物を合体した場合の合体による登記等の申請において、合体前の一部の建物にされた抵当権の登記で合体後の建物に存続することとなるものがあるときは、合体後の所有者の持分について当該抵当権者が当該抵当権の存続登記と同一の登記をすることを承諾したことを証する情報等を提供しなければならない。,×,名義人の異なる建物の合体の場合、一方に設定されていた抵当権は当然に合体後のその者の「持分」上に存続するため、抵当権者の承諾情報等の提供は要求されない。
平成20年度第16問,不動産登記法,1,屋根及び外壁があって、内部に車を格納する回転式のパーキング機械が設置されているタワー状の立体式の駐車場は、建物として登記をすることができる。,○,屋根および周壁を有し、土地に定着して駐車用途に供されるタワー式駐車場は、建物としての要件を満たすため登記できる。
平成20年度第16問,不動産登記法,2,Aが所有する建物とBが所有する建物について、屋根が密着し、外観では一棟の建物のように見られる場合であっても、柱、壁が別々であるときは、A及びBが所有するそれぞれの部分を区分建物でない建物として登記をすることができる。,○,屋根が密着していても、柱や壁が別々に構築され物理的に独立している場合は、それぞれ独立した非区分建物として別個に登記できる。
平成20年度第16問,不動産登記法,3,桟橋の上に店舗として建設した建物は、たとえ桟橋に定着性があったとしても建物として認めることはできない。,×,固定された桟橋（定着性あり）の上に建てられた建物であって、外気分断性や用途性などの要件を備えていれば、建物として登記することができる。
平成20年度第16問,不動産登記法,4,外壁の形態が観音像であり、内部に祭壇が設けられ参拝者が着席することができ、寺院の本堂として利用されている建造物は、建物として登記をすることができる。,○,外観が観音像などの特殊な形状であっても、内部が空間として利用でき、用途性等の建物要件を満たしていれば建物として登記できる。
平成20年度第16問,不動産登記法,5,高架線構造物の下部（いわゆるガード下）の土地に、定着する基礎、壁等を設けて建造した店舗、倉庫等は、建物として登記をすることができる。,○,ガード下であっても、独自の基礎や壁・天井を有し、土地に定着して用途に供されていれば建物として登記できる。
平成20年度第17問,不動産登記法,ア,出窓は、その高さ1.5メートル以上のもので、その下部が床面と同一の高さにあるものに限り、床面積に算入する。,○,出窓の床面積への算入要件であり、高さが1.5m以上かつ下部が床面と同一の高さであれば床面積に算入する（不動産登記規則）。
平成20年度第17問,不動産登記法,イ,柱又は壁が傾斜している場合の床面積は、各階の床面に接着する壁その他の区画の中心線で囲まれた部分の水平投影面積である。,×,壁等が傾斜している場合の床面積は、床面に接着する部分ではなく、「各階の床面の高さ」における壁等の中心線で囲まれた部分の面積となる。
平成20年度第17問,不動産登記法,ウ,建物の一部が上階まで吹抜になっている場合には、その吹抜の部分は、上階の床面積に算入しない。,○,吹抜部分は上階に物理的な床面が存在しないため、上階の床面積には算入しない。
平成20年度第17問,不動産登記法,エ,開閉式の屋根を有する建物における開閉式屋根の開閉可能な部分の下に当たる部分は、床面積に算入しない。,×,開閉式の屋根であっても屋根としての機能を有しているため、その下部空間も屋内とみなされ床面積に算入される。
平成20年度第17問,不動産登記法,オ,独立性のある二棟の高層建物を往来するために2階部分に工作した建物の通路は、床面積に算入しなければならない。,○,二棟の建物を結ぶ渡り廊下等の通路は、それ自体は独立した建物とはならないが、接続する建物の床面積に算入される。
平成20年度第18問,不動産登記法,ア,効用上一体として利用される状態にある所有者を同じくする二つの建物に、どちらにも登記の目的、申請の受付の年月日及び受付番号並びに登記原因及びその日付が同一である所有権の移転の仮登記があり、このほかに所有権の登記以外の登記がない場合には、これらの建物の合併の登記を申請することができる。,×,合併の制限の例外となる登記は先取特権や抵当権等の担保物権に限られており、所有権移転の仮登記はたとえ受付番号等が同一であっても合併することができない。
平成20年度第18問,不動産登記法,イ,効用上一体として利用される所有者を同じくする二つの建物に、同一の抵当権の登記があり、その抵当権につき受付番号等が同一の移転の仮登記があるときは、これらの建物の合併の登記を申請することができる。,×,担保物権（抵当権）の登記であっても、それに対する移転の仮登記が付されている場合は、権利関係が複雑となるため合併の例外規定には該当せず合併できない。
平成20年度第18問,不動産登記法,ウ,効用上一体として利用される所有者を同じくする二つの建物に、同一の抵当権の登記があり、その抵当権につき受付番号等が同一の抵当権の変更の登記があるときは、これらの建物の合併の登記を申請することができる。,○,同一の抵当権に関する変更登記であって、受付番号等が同一であれば合併の制限には抵触せず、合併することができる。
平成20年度第18問,不動産登記法,エ,効用上一体として利用される所有者を同じくする二つの建物に、工場財団に属した旨の登記がされている場合には、これらの建物が同一の財団を組成するときであっても、これらの建物の合併の登記を申請することができない。,○,工場財団等に属した旨の登記がある建物は、たとえ同一の財団に属する建物同士であっても、財団の組成物件としての特定に支障をきたすため合併できない。
平成20年度第18問,不動産登記法,オ,敷地権の登記がある建物を主である建物とし、敷地権の登記がない建物をその附属建物とする合併の登記は、申請することができない。,○,敷地権の登記がある建物と敷地権の登記がない建物を合併することは、敷地利用権の割合等に矛盾が生じるため認められていない。
平成20年度第19問,不動産登記法,1,甲土地及び乙土地を法定敷地として登記している敷地権付き区分建物について、甲土地に建築されている建物部分を取り壊したことにより、甲土地の上に建物が存在しないこととなった場合には、甲土地の敷地権につき、敷地権であった権利が敷地権でない権利となったことによる建物の表題部に関する変更の登記を申請しなければならない。,○,法定敷地から建物がなくなった場合、規約敷地とする手続きを取らない限り敷地権としての要件を失うため、敷地権の変更（消滅）の登記を申請しなければならない。
平成20年度第19問,不動産登記法,2,敷地権の消滅を原因とする建物の表題部に関する変更の登記を申請する場合において、敷地権の目的である土地が他の登記所の管轄区域内にあるときは、当該土地の登記事項証明書を申請情報と併せて提供しなければならない。,×,管轄区域外であっても、当該土地の不動産番号を申請情報の内容として提供すれば、登記事項証明書の提供は不要（省略可能）である。
平成20年度第19問,不動産登記法,3,敷地権の登記原因の日付は、建物の所有者が建物の新築、建物の区分等により区分建物が生じた日前から建物の敷地につき登記した所有権、地上権又は賃借権を有していたときは、その区分建物が生じた日である。,×,敷地権の登記原因日付は、区分建物新築前から土地の権利を有していた場合、区分建物が生じた日ではなく「土地の権利を取得した日」が原因日付となる。
平成20年度第19問,不動産登記法,4,敷地権についてされた登記としての効力を有する抵当権がある敷地権付き区分建物について、分離処分可能規約を設定した場合、当該区分建物について当該抵当権を消滅させる旨の抵当権者の承諾を証する情報を提供したとしても、当該区分建物について、当該抵当権を消滅させることとなる建物の表題部に関する変更の登記を申請することはできない。,×,分離処分可能規約を設定し、かつ敷地権を目的とする抵当権の消滅承諾情報等を提供すれば、敷地権変更（消滅）の登記を申請することは可能である。
平成20年度第19問,不動産登記法,5,規約敷地が敷地権の目的である建物について、当該敷地権とされた敷地利用権が敷地権でなくなったことによる建物の表題部に関する変更の登記の申請には、当該規約敷地について分離処分を可能とする定めを設定した規約を証する情報を提供しなければならない。,×,規約敷地が敷地権でなくなった場合は、分離処分可能規約ではなく「規約敷地とする旨の規約を廃止した規約」等を証する情報を提供しなければならない。
平成20年度第20問,土地家屋調査士法,ア,土地家屋調査士又は土地家屋調査士法人に対する戒告の処分については、業務の禁止又は業務の停止の処分の場合とは異なり、処分を行う法務大臣の判断により、その旨の官報公告を行わないことができる。,×,戒告を含むすべての懲戒処分を行ったときは、法務大臣は必ず遅滞なくその旨を官報をもって公告しなければならない（裁量の余地はない）。
平成20年度第20問,土地家屋調査士法,イ,懲戒の処分に係る聴聞の期日における審理は、当該聴聞の対象となる土地家屋調査士又は土地家屋調査士法人から請求があったときは、公開により行わなければならない。,○,懲戒処分に係る聴聞は原則として非公開であるが、当事者から公開の請求があった場合は公開により行わなければならない。
平成20年度第20問,土地家屋調査士法,ウ,法務大臣は、土地家屋調査士又は土地家屋調査士法人に対し業務の停止の懲戒処分をしようとする場合に、当該停止の期間が1か月以内であれば、聴聞を行う必要はない。,×,業務の停止期間がどれだけ短くとも（1か月以内であっても）、懲戒処分を行うにあたっては必ず事前の聴聞手続きを行わなければならない。
平成20年度第20問,土地家屋調査士法,エ,複数の事務所を有する土地家屋調査士法人に対する業務の停止の処分については、土地家屋調査士法等の違反が当該法人の従たる事務所に関するものであっても、法務大臣は、当該法人のすべての事務所について当該処分を行わなければならない。,×,調査士法人に対する業務停止処分は、違反行為があった事務所など「一部の事務所のみ」に対して行うことも可能であり、すべての事務所に対して行わなければならないわけではない。
平成20年度第20問,土地家屋調査士法,オ,何人も、土地家屋調査士又は土地家屋調査士法人に土地家屋調査士法又は同法に基づく命令に違反する事実があると思料するときは、法務大臣に対し、当該事実を通知し、適当な措置をとることを求めることができる。,○,調査士の法令違反の事実があると思われる場合は、何人も法務大臣にその事実を通知し、適当な措置（懲戒等）をとることを求めることができる（土地家屋調査士法第44条）。
平成19年度第1問,民法,ア,Ａは、平成２年１月１日、Ｂ所有の甲土地を、自己の所有地であると過失なく信じて占有を開始し、以後、所有の意思をもって、平穏に、かつ、公然と甲土地を占有している。平成10年１月１日に甲土地がＢからＣに譲渡された場合において、Ａは、平成15年１月１日に、Ｃに対して甲土地の時効取得を主張することができますか。Ａは、所有権の移転の登記をしなくても、Ｃに対して甲土地の時効取得を主張することができます。,○,時効完成前（平成15年前）の譲受人Cは時効完成時の当事者の関係に立つため、時効取得者Aは登記なくしてCに所有権を主張できる。
平成19年度第1問,民法,イ,Ａは、平成２年１月１日、Ｂ所有の甲土地を、自己の所有地であると過失なく信じて占有を開始し、以後、所有の意思をもって、平穏に、かつ、公然と甲土地を占有している。ＣがＢから甲土地を譲り受けたのが平成13年１月１日であった場合、Ａは、平成15年１月１日に、Ｃに対して甲土地の時効取得を主張することができますか。この場合には、Ａは、所有権の移転の登記をしなければ、Ｃに対して時効取得を主張することができません。,×,譲渡が平成13年であっても時効完成（平成15年）前であることに変わりはないため、Aは登記なくしてCに時効取得を主張できる。
平成19年度第1問,民法,ウ,Ａは、平成２年１月１日、Ｂ所有の甲土地を、自己の所有地であると過失なく信じて占有を開始し、以後、所有の意思をもって、平穏に、かつ、公然と甲土地を占有している。ＣがＢから甲土地を譲り受けたのが平成13年１月１日であった場合、Ａが、平成15年１月１日に、Ｂに対して甲土地の時効取得を主張する場合はどうでしょうか。この場合も、Ａは、所有権の移転の登記をしなければ、Ｂに対して時効取得を主張することができません。,×,Bは元々の所有者（当事者）であるため、Aは登記なくしてBに対して時効取得を主張することができる。
平成19年度第1問,民法,エ,Ａは、平成２年１月１日、Ｂ所有の甲土地を、自己の所有地であると過失なく信じて占有を開始し、以後、所有の意思をもって、平穏に、かつ、公然と甲土地を占有している。ＣがＢから甲土地を譲り受けたのが平成13年１月１日であった場合、Ａは、平成５年１月１日からの10年間の占有に基づいて、平成15年１月１日に、Ｃに対して甲土地の時効取得を主張することはできますか。そのような主張は許されません。,○,時効の起算点は実際の占有開始時（平成2年）に固定され、当事者が任意の時点（平成5年など）を選択して時効の完成時期をずらすことは許されない。
平成19年度第1問,民法,オ,Ａは、平成２年１月１日、Ｂ所有の甲土地を、自己の所有地であると過失なく信じて占有を開始し、以後、所有の意思をもって、平穏に、かつ、公然と甲土地を占有している。ＣがＢから甲土地を譲り受けたのが平成13年１月１日であった場合、Ａが、平成２年１月１日から20年が経過するのを待って、その後に、20年間の占有に基づいて、Ｃに対して甲土地の時効取得を主張することはできますか。Ａは、自己の所有地であると過失なく信じて甲土地の占有を開始したので、20年の取得時効を主張することはできません。,×,短期取得時効（10年）の要件を満たす占有者であっても、長期取得時効（20年）を主張することは可能である。
平成19年度第2問,民法,ア,工作物の所有を目的として設定された地上権は、設定後にその工作物が滅失したときは、消滅する。,×,地上権は土地を使用する物権であり、工作物が滅失しても、設定行為等で別段の定めがない限り当然には消滅しない（民法269条1項の趣旨）。
平成19年度第2問,民法,イ,地上権を時効によって取得するためには、土地の継続的な使用という外形的事実が存在し、かつ、その使用が地上権行使の意思に基づくものであることが客観的に表現されていることが必要である。,○,地上権の時効取得には、土地の継続的・客観的な使用の事実と、それが地上権行使の意思によるものであることが外部から認識できる状態であることが必要である。
平成19年度第2問,民法,ウ,地上権者は、土地の所有者の承諾を得ないで、地上権を譲渡し、又は地上権を目的とする抵当権を設定することができる。,○,地上権は物権であるため、原則として地主の承諾なく自由に譲渡・担保設定ができる。
平成19年度第2問,民法,エ,地上権者は、設定契約において特段の定めがない場合であっても、土地の所有者に対して地代の支払義務を負い、その場合の地代の額は、当事者の請求により裁判所が定める。,×,地上権において地代の支払いは要素ではなく（無償の地上権も可能）、設定契約で地代の定めがない場合は、当然には地代支払義務を負わない。
平成19年度第2問,民法,オ,定期の地代を支払うべき地上権者が、引き続き２年以上地代の支払を怠ったときは、土地の所有者は、地上権の消滅を請求することができる。,○,地代支払義務のある地上権者が引き続き2年以上地代の支払いを怠った場合、地主は地上権の消滅を請求することができる（民法266条1項）。
平成19年度第3問,民法,ア,遺産分割協議が成立した後であっても、共同相続人全員の合意で分割協議を解除した上で再度分割協議を成立させることができる。,○,遺産分割協議は共同相続人全員の合意によって全部または一部を解除し、改めて分割協議を行うことができる（判例）。
平成19年度第3問,民法,イ,相続財産中の不動産につき、遺産分割により法定相続分と異なる権利を取得した相続人は、登記を経なくても、当該分割後に当該不動産につき権利を取得した第三者に対し、当該分割による権利の取得を対抗することができる。,×,※法改正により現在は○。法改正により、遺産分割による権利取得は法定相続分を超える部分についても登記なくして第三者に対抗できるようになった（民法899条の2第1項）。
平成19年度第3問,民法,ウ,遺産分割協議が成立したが、相続人Ａがこの協議において相続人Ｂに対して負担した債務を履行しない場合には、Ｂは、遺産分割協議を解除することができる。,×,遺産分割協議は、その性質上、一部の相続人の債務不履行を理由として解除することはできない（法的安定性の確保のため）。
平成19年度第3問,民法,エ,相続放棄をした者は、他の共同相続人の同意があったとしても、遺産分割協議の当事者となることができない。,○,相続放棄をした者は初めから相続人とならなかったものとみなされるため（民法939条）、遺産分割協議の当事者にはなれない。
平成19年度第3問,民法,オ,被相続人が「甲不動産は相続人Ｃに相続させる。」との遺言をしていた場合であっても、他の相続人が甲不動産を取得することとし、Ｃは遺産中の他の財産を取得することとする旨の遺産分割をすることができる。,○,「相続させる」旨の遺言（特定財産承継遺言）があった場合でも、受遺者を含む共同相続人全員の同意があれば、遺言と異なる内容の遺産分割協議をすることができる。
平成19年度第4問,不動産登記法,ア,耐用年数がおおむね１年程度のビニール材質を用いて屋根及び壁が仕上げられている温室は、建物として登記することができる。,×,耐用年数が1年程度のビニールハウス（温室）は、耐久性や定着性に欠けるため、原則として建物として登記することはできない。
平成19年度第4問,不動産登記法,イ,貨物運搬用のコンテナボックスを利用した貸倉庫は、基礎工事が施され土地に定着していれば、建物として登記することができる。,○,コンテナであっても、基礎工事により土地に定着し、屋根・壁を有し用途性があれば、建物として登記することができる。
平成19年度第4問,不動産登記法,ウ,円柱状の形をした石油備蓄用の石油タンクは、建物として登記することができる。,×,タンク（貯蔵槽）などは、一般的に屋根・周壁を有する建造物とは認められず、建物として登記することはできない。
平成19年度第4問,不動産登記法,エ,機械上に建設された建造物は、地上に基脚や支柱がなくても、建物として登記することができる。,×,機械上に建設された建造物（クレーン上の運転室等）は、土地への定着性を欠くため、建物として登記することはできない。
平成19年度第4問,不動産登記法,オ,屋外野球場の観覧席のうち屋根を有する部分は、建物として登記することができる。,×,屋外球場の観覧席の屋根部分は、外気分断性（壁等の存在）を欠くため、独立の建物として登記することはできない。
平成19年度第5問,不動産登記法,ア,地目は、土地の用途による分類です。所在、地番及び地積と共に、登記された土地を特定するためのもので、登記記録の表題部に記録されます。,○,地目は土地の用途による分類であり、土地の表示を構成する要素として表題部に記録される（不動産登記法34条1項3号）。
平成19年度第5問,不動産登記法,イ,登記記録に記録する地目は、不動産登記規則に定められている 23 種類のうちから土地の現況と利用目的により登記官が認定して定めます。この認定に当たり考慮される土地の利用目的は、所有者が主観的に考える利用目的に従って上記の 23 種類のうちから定まることになります。,×,地目の認定は、土地の現況や客観的な利用目的に基づいて登記官が認定するものであり、所有者の主観的な利用目的だけで定まるものではない。
平成19年度第5問,不動産登記法,ウ,一筆の土地のうちに現況や利用日的が異なる部分があっても、それが部分的でわずかな差異であるときは、土地全体の状況を見て「畑」又は「雑種地」と判断しますが、土地全体が複合的用途に利用されていると認められるときは、「畑・雑種地」のようにしても差し支えありません。,×,一筆の土地には一の地目を定めるのが原則であり（一筆一地目）、「畑・雑種地」のように複合的な地目を登記することはできない。
平成19年度第5問,不動産登記法,エ,地目を原野として登記されている土地を資材置場として利用していたが、地目の変更の登記をしないまま、現在は建物の敷地として利用している場合には、表示に関する登記は、不動産の物理的現況を公示するものですので、この場合は、中間の雑種地という地目への変更を経ることなく、直接現在の宅地という地目への地目の変更の登記の申請をすることになります。,○,中間地目（雑種地）を経由せず、直接、現在の現況地目（宅地）への変更登記を申請することができる。
平成19年度第5問,不動産登記法,オ,土地区画整理事業施行地区内で仮換地が指定された従前の土地の地目及び現況が雑種地である場合において、仮換地上に建物を建築したときは、従前の土地に対する利用権は既に仮換地に対する利用権に移っていますので、その仮換地上に建物を建てた場合は、従前の土地の地目を宅地にする地目の変更の登記の申請をすることができます。,×,仮換地上の利用状況が変化しても、従前の土地の物理的現況（地目）が変化するわけではないため、従前の土地の地目変更登記はできない。
平成19年度第6問,不動産登記法,ア,登記識別情報に関する証明は、登記名義人及び利害関係人から請求することができる。,×,登記識別情報に関する証明（有効証明等）を請求できるのは、登記名義人またはその承継人等に限られ、単なる利害関係人からは請求できない。
平成19年度第6問,不動産登記法,イ,登記識別情報に関する証明は、電子情報処理組織を使用して請求することはできない。,×,登記識別情報に関する証明は、書面によるほか、電子情報処理組織（オンライン）を利用して請求することも可能である。
平成19年度第6問,不動産登記法,ウ,登記識別情報に関する証明は、提供する登記識別情報が有効であることのほか、登記識別情報が通知されていないこと又は失効していることについても請求することができる。,○,登記識別情報が通知されていないこと、または失効していること（失効証明等）についても証明の請求が可能である。
平成19年度第6問,不動産登記法,エ,登記識別情報に関する証明は、登記名義人である請求人の住所が登記記録と合致しない場合には、住所についての変更があったことを証する市町村長又は登記官の証明情報を提供して請求することができる。,○,登記記録上の住所と現在の住所が異なる場合は、つながりを証する情報（住民票等）を提供して証明を請求することができる。
平成19年度第6問,不動産登記法,オ,登記識別情報に関する証明は、土地家屋調査士が代理人として請求する場合には、所属土地家屋調査士会が発行した当該土地家屋調査士の職印に関する証明情報を提供して、当該請求に係る代理人の権限を証する情報を提供することなく、請求することができる。,×,資格者代理人が請求する場合であっても、本人からの委任状（代理権限証明情報）の提供は必要である（職印証明で委任状を代用することはできない）。
平成19年度第7問,不動産登記法,ア,地積に誤りがある土地の一部について所有権を取得した者は、当該部分の所有権を証する情報を提供して、代位により地積の更正及び当該部分の分筆の登記を申請することができる。,○,土地の一部取得者は、所有権移転登記請求権を保全するため、売主に代位して地積更正登記と分筆登記を申請できる。
平成19年度第7問,不動産登記法,イ,甲地の一部を乙地とする分筆の登記の申請において、申請しようとする分筆線の位置を誤って申請し、そのまま登記が完了した場合には、分筆線の位置を更正するために甲地及び乙地について地積の更正の登記を申請することができる。,×,分筆線の誤りは「地積」の誤りではなく「分筆の錯誤」であるため、地積更正登記ではなく、分筆登記の抹消（錯誤抹消）を行う必要がある。
平成19年度第7問,不動産登記法,ウ,地積に誤りがある土地の利害関係人は、当該土地の所有権の登記名義人に対し地積の更正の登記手続を命ずる判決を得て、代位により地積の更正の登記を申請することができる。,×,表題部に関する登記の代位申請は、債権者代位権など実体法上の代位原因が必要であり、単なる判決を得ただけでは代位申請の根拠とはならない。
平成19年度第7問,不動産登記法,エ,代位による申請で地積の更正の登記がされた場合において、当該土地の所有権の登記名義人は、後日当該代位原因が存しなかったことを明らかにすれば錯誤を原因として地積の更正の登記の抹消を申請することができる。,×,地積更正登記は事実の表示に関するものであり、「抹消」するのではなく、真実の地積に更正する「再度の地積更正登記」を申請すべきである。
平成19年度第7問,不動産登記法,オ,測量の結果が、登記記録の地積と異なる場合において、その差が不動産登記規則に定められている誤差の限度の範囲内であるときであっても、地積の更正の登記を申請することができる。,○,公差の範囲内であっても、登記記録と実測値が異なる以上、正確な地積に一致させるための地積更正登記を申請することは可能である。
平成19年度第8問,不動産登記法,ア,表題部所有者Ａは、表題部所有者を真正な所有者であるＢとする更正の登記を単独で申請することができる。,×,表題部所有者の更正登記は、現在の表題部所有者（A）と更正後の表題部所有者（B）が共同して申請しなければならない（不動産登記法33条1項）。
平成19年度第8問,不動産登記法,イ,表題部所有者をＡからＡ及びＢとする更正の登記を申請するに当たっては、Ｂが所有権を有することを証する情報を提供することを要する。,○,表題部所有者を更正する場合、新たに追加される者（B）の所有権を証する情報（所有権証明情報）を提供する必要がある。
平成19年度第8問,不動産登記法,ウ,表題部所有者Ａ、Ｂ及びＣの持分が、Ａは 10 分の５、Ｂは 10 分の３、Ｃは 10 分の２と登記されている不動産について、Ｂの持分を 10 分の２、Ｃの持分を 10 分の３とする更正の登記をＣが申請するに当たっては、他の共有者Ａ及びＢの承諾を証する情報を提供することを要する。,×,この更正登記において、Aの持分に変動はないためAの承諾証明情報の提供は不要であり、持分が減少するBの承諾証明情報のみが必要となる。
平成19年度第8問,不動産登記法,エ,表題部所有者株式会社Ａが商号の変更によりＢ株式会社となった場合には、Ｂ株式会社は、直ちに表題部所有者の表示変更の登記を申請することができる。,○,法人の商号変更等の場合、変更を証する情報を提供して、単独で表題部所有者の氏名等の変更登記を申請することができる。
平成19年度第8問,不動産登記法,オ,表題部所有者がＡ及びＢである場合に、Ａが死亡してＢ以外に相続人がいないときは、Ｂは、直ちに自己を単独所有者とする表題部所有者の変更の登記を申請することができる。,×,表題部所有者に相続が発生した場合、表題部所有者の変更登記等をするのではなく、BはAの持分を含めた全部について所有権保存登記を申請すべきである（不動産登記法74条1項1号）。
平成19年度第9問,不動産登記法,ア,建物の表題登記の申請に当たり、表題部所有者の住所を証する情報として提供された、市町村長が作成した当該表題部所有者についての住民票の写しは、作成後３月以内のものでなければならないか。,×,住所証明情報として提供する住民票等については、法規上、作成後3ヶ月以内という期間制限はない。
平成19年度第9問,不動産登記法,イ,建物の表題登記の申請に当たり、表題部所有者の所有権を証する情報として工事施工会社作成の工事完了引渡証明書と併せて提供された、当該工事施工会社の代表者の印鑑の証明書は、作成後３月以内のものでなければならないか。,×,所有権証明情報の一部として提供される印鑑証明書には、作成後3ヶ月以内という期間制限は設けられていない。
平成19年度第9問,不動産登記法,ウ,合筆の登記の申請に当たり、登記識別情報を提供することができない場合に、当該登記の申請代理人である土地家屋調査士が作成した本人確認情報と併せて提供された、所属土地家屋調査士会が発行した当該土地家屋調査士の職印に関する証明書は、作成後３月以内のものでなければならないか。,×,資格者代理人の職印証明書については、本人確認情報と併せて提供する場合であっても、3ヶ月以内の期間制限はない。
平成19年度第9問,不動産登記法,エ,分筆の登記の申請に当たり、抵当権の消滅承諾書として会社である抵当権者が作成した抵当権放棄証書と併せて提供された、当該抵当権者の代表者の印鑑の証明書は、作成後３月以内のものでなければならないか。,○,承諾を要する第三者の承諾書に添付する印鑑証明書は、原則として作成後3ヶ月以内のものでなければならない（不動産登記令18条3項、16条3項）。
平成19年度第9問,不動産登記法,オ,法定代理人による地目の変更の登記の申請に当たり、当該法定代理人の権限を証する情報として提供された、市町村長が作成した当該申請者本人についての戸籍謄本は、作成後３月以内のものでなければならないか。,○,法定代理人の権限を証する情報（戸籍謄本等）は、作成後3ヶ月以内のものでなければならない（不動産登記令7条1項1号）。
平成19年度第10問,不動産登記法,ア,区分建物以外の建物（非区分建物）であって、新築後、表題登記がないまま１月以上が経過したものを譲り受けたＡは、譲受け後１月以内に、当該非区分建物の表題登記を申請しなければならない。,○,未登記の非区分建物の所有権を取得した者は、所有権の取得の日から1ヶ月以内に建物の表題登記を申請しなければならない（不動産登記法47条2項）。
平成19年度第10問,不動産登記法,イ,共用部分である旨の登記がある建物について、共用部分である旨を定めた規約を廃止した場合には、当該建物の所有者Ａは、当該規約の廃止の日から１月以内に、当該建物の表題登記を申請しなければならない。,○,共用部分とする旨の規約が廃止された場合、建物の所有者は、規約廃止の日から1ヶ月以内に建物の表題登記を申請しなければならない（不動産登記法58条5項）。
平成19年度第10問,不動産登記法,ウ,表題部所有者をＡとする建物に附属する建物をＡが新築したが、表題部の変更の登記の申請をしないままＡが死亡した場合には、その相続人Ｂ及びＣは、相続による当該主である建物の所有権の移転の登記を行った後でなければ、当該主である建物の表題部の変更の登記を申請することができない。,×,相続人B・Cは、Aを名義人とする相続による所有権保存登記等を省略し、直接、建物の表題部変更（附属建物新築）登記を申請することができる（不動産登記法51条1項、2項類推）。
平成19年度第10問,不動産登記法,エ,Ａが所有する建物をえい行移転したときは、Ａは、当該建物の滅失登記と表題登記を同時に申請しなければならない。,×,えい行移転（曳家等）により建物の同一性が保たれている場合、滅失登記・表題登記ではなく、「所在の変更の登記」を申請する。
平成19年度第10問,不動産登記法,オ,Ａが表題登記がない非区分建物の所有権を取得したが、表題登記の申請をしないまま死亡した場合には、その相続人Ｂ及びＣは、当該建物について、Ａを表題部所有者とする表題登記を申請しなければならない。,×,未登記建物の所有者が死亡した場合、その相続人（B・C）は、死者（A）名義ではなく、直接自己（B・C）を表題部所有者とする表題登記を申請することができる（法47条1項・2項）。
平成19年度第11問,不動産登記法,1,所有権の登記名義人が建物の合併の登記を書面により申請する場合において、登記識別情報の通知を希望しないときは、あらかじめこれを希望しない旨の申出をする必要がある。,○,建物の合併の登記においては新たな登記識別情報が通知されるため、通知を希望しない場合はあらかじめその旨を申し出る必要がある。
平成19年度第11問,不動産登記法,2,区分建物が互いに接続していないときは、これらの区分建物について区分合併の登記をすることができない。,×,一棟の建物に属する区分建物であれば、互いに接続していなくても区分合併の登記をすることができる（不動産登記法54条2項）。
平成19年度第11問,不動産登記法,3,二つの建物の所在が、それぞれ異なる地番区域であっても、当該建物の合併の登記をすることができる。,○,土地の合筆とは異なり、建物の合併については地番区域が異なる場合であっても合併登記が認められる。
平成19年度第11問,不動産登記法,4,合併する双方の建物に所有権の登記のほかに質権の登記がされていて、その質権の登記の目的、申請の受付の年月日及び受付番号並びに登記原因及びその日付が同一であるときは、これらの建物について合併の登記をすることができる。,○,原則として担保権の登記がある建物は合併できないが、双方の建物に設定された担保権（質権等）の登記原因等が同一である場合は例外的に合併が認められる。
平成19年度第11問,不動産登記法,5,表題部所有者が建物の合併の登記を申請する場合には、当該登記の申請書に自己の印鑑に関する証明書を添付しなければならない。,○,所有権の登記がない建物の合併の登記を表題部所有者が申請する場合、本人の印鑑証明書の提供が義務付けられている（不動産登記令16条2項）。
平成19年度第12問,不動産登記法,ア,登記等の申請における添付書面（磁気ディスクを除く。）の原本の還付請求について、表題部所有者についての更正の登記の申請をするに当たって添付する表題部所有者の当該更正についての承諾書は、原本の還付を請求することができない。,○,当該申請のためのみに作成された承諾書や同意書等は、原則として原本の還付を請求することができない（不動産登記規則55条1項）。
平成19年度第12問,不動産登記法,イ,登記等の申請における添付書面（磁気ディスクを除く。）の原本の還付請求について、建物を合体した場合において、登記の申請をするに当たって添付する存続登記に係る権利の登記名義人の当該合体についての承諾書は、原本の還付を請求することができない。,○,合体に関する権利者の承諾書についても、当該登記申請のためにのみ作成された書類であるため、原本の還付を請求することはできない。
平成19年度第12問,不動産登記法,ウ,登記等の申請における添付書面（磁気ディスクを除く。）の原本の還付請求について、登記識別情報通知書をもって登記識別情報を提供する場合は、当該通知書の原本の還付を請求することができない。,○,登記識別情報通知書は、そのまま提供した場合、登記完了後に返却（原本還付）を求めることはできない。
平成19年度第12問,不動産登記法,エ,登記等の申請における添付書面（磁気ディスクを除く。）の原本の還付請求について、建物の表題登記の申請をするに当たって所有権証明書として添付する工事施工会社作成の工事完了引渡証明書の成立の真実性を担保するための当該工事施工会社の代表者の印鑑の証明書は、原本の還付を請求することができない。,×,所有権証明書の一部として提供された印鑑証明書は、「承諾書に添付する印鑑証明書」等の還付不可の特則に該当しないため、原本の還付を請求することができる。
平成19年度第12問,不動産登記法,オ,登記等の申請における添付書面（磁気ディスクを除く。）の原本の還付請求について、筆界特定の申請をするに当たって添付する書面は、原本の還付を請求することができない。,×,筆界特定の申請において添付した図面や書面についても、規則221条により原本の還付を請求することが認められている。
平成19年度第13問,不動産登記法,ア,地図又は地図に準ずる図面の訂正の申出に当たり、地図又は地図に準ずる図面に表示された土地の区画又は位置若しくは形状に誤りがあるときは、土地所在図又は地積測量図を添付しなければならない。,○,地図訂正の申出において、区画や形状等の訂正を求める場合は、正しい形状等を示す土地所在図や地積測量図を提供しなければならない（不動産登記規則17条1項）。
平成19年度第13問,不動産登記法,イ,地図の訂正をすることによって、申出に係る土地以外の土地の区画を訂正すべきこととなる場合には、申出に基づき地図の訂正をすることができない。,○,地図の訂正によって隣接する他の土地の区画も変更されてしまう場合には、当該申出によって地図を訂正することはできない（不動産登記規則16条4項）。
平成19年度第13問,不動産登記法,ウ,土地の登記記録の地積に錯誤があり、当該土地の地積測量図に誤りがある場合において、地積に関する更正の登記の申請をするときは、この申請と併せて地積測量図の訂正の申出をしなければならない。,×,地積更正登記の申請には正しい地積測量図を添付すればよく、これによって地積測量図も新たに備え付けられるため、別途「地積測量図の訂正の申出」を併せて行う必要はない。
平成19年度第13問,不動産登記法,エ,相続によって土地の所有権を取得した者は、所有権の移転の登記を経ていなくても地図訂正の申出をすることができる。,○,所有権登記名義人の一般承継人（相続人）は、自らへの所有権移転登記を経由していなくても、直接地図訂正の申出をすることができる。
平成19年度第13問,不動産登記法,オ,書面を提出する方法による地図訂正の申出について取下げ又は却下があったときは、申出書及びその添付書面は、申出人に還付される。,×,取下げや却下があった場合、添付書面は還付されるが、「申出書」自体は登記所に保存されるため還付されない。
平成19年度第14問,不動産登記法,ア,不動産登記法第24条に基づく登記官による本人確認調査について、所有権の登記がある土地の合筆の登記が申請された場合において、申請前３月以内に所有権の登記名義人の住所の変更の登記がされているときは、登記官は、当該申請人について本人確認調査をしなければならない。,○,合筆の登記等の表示に関する登記において、申請前3ヶ月以内に名義人の住所変更登記がされている場合、不法な目的の疑いがあるため本人確認調査の対象となる（不動産登記規則24条1項）。
平成19年度第14問,不動産登記法,イ,不動産登記法第24条に基づく登記官による本人確認調査について、登記官は、登記の申請が資格者代理人によってされている場合において、本人確認調査をすべきときは、原則として、まず、当該資格者代理人に対し必要な情報の提供を求める。,○,資格者代理人（調査士等）による申請の場合は、登記官はまずその代理人に対して申請人の同一性等に関する情報の提供を求める（不動産登記規則24条2項）。
平成19年度第14問,不動産登記法,ウ,不動産登記法第24条に基づく登記官による本人確認調査について、本人確認調査の契機とするための不正登記防止の申出は、申出書を送付することによってすることができる。,×,不正登記防止の申出は、申出人本人が登記所に出頭して行うのが原則であり、郵送（送付）によってすることはできない。
平成19年度第14問,不動産登記法,エ,不動産登記法第24条に基づく登記官による本人確認調査は、当該申請人の申請の権限の有無についての調査であって、申請人の申請意思の有無は調査の対象ではない。,○,不動産登記法24条の本人確認調査は「申請権限を有する者であるかどうか」の確認であり、権利に関する登記の事前通知制度のような「申請意思の確認」までは目的としていない。
平成19年度第14問,不動産登記法,オ,不動産登記法第24条に基づく登記官による本人確認調査について、登記官が本人確認調査を行うに当たっては、電話等による事情の聴取又は資料の提出等により本人であることを確認することができる場合には、本人に出頭を求める必要はない。,×,本人確認調査にあたっては、原則として申請人等を登記所に出頭させて行わなければならず、電話等による事情聴取で代用することはできない。
平成19年度第15問,不動産登記法,ア,対象土地以外の土地であって、特定を求める筆界上の点を含む他の筆界で対象土地と接する土地の所在が、申請を受けた法務局又は地方法務局の管轄に属しない筆界特定の申請は、却下される。,×,対象土地が管轄内であれば、特定に影響する隣接関係地が管轄外にまたがっていたとしても、筆界特定の申請は却下されない（不動産登記法131条2項）。
平成19年度第15問,不動産登記法,イ,筆界の確定を求める裁判において係争中の筆界についてする筆界特定の申請は、却下される。,×,筆界確定訴訟の「確定判決」がある場合は却下されるが、訴訟が「係争中（未確定）」の段階であれば筆界特定を申請することができる。
平成19年度第15問,不動産登記法,ウ,表題登記のない道路と、これに接する同じく表題登記のない水路との境についてする筆界特定の申請は、却下される。,○,筆界特定の対象となるのは表題登記がある土地または表題登記をすべき土地であり、ともに登記すべきでない土地（法定外公共物等）の境界は筆界特定の対象外として却下される。
平成19年度第15問,不動産登記法,エ,対象土地の抵当権者がする筆界特定の申請は、却下される。,○,筆界特定を申請できるのは対象土地の所有権登記名義人等（またはその相続人等）に限られ、抵当権者には申請適格がないため却下される。
平成19年度第15問,不動産登記法,オ,一筆の土地の一部の所有権を取得した者が、取得した部分以外の土地部分の筆界についてする筆界特定の申請は、却下される。,×,土地の一部を取得した者は当該一筆の土地全体の所有権名義人と同等の申請権を有するため、取得部分に面していない筆界であっても申請でき、却下されない。
平成19年度第16問,不動産登記法,1,登記所に備え付けられる図面について、明治初期に「①地租改正」事業を施行し、その一環として全国の土地を検査・測量した。,○,明治政府による地租改正事業は歴史的記述として正しい。
平成19年度第16問,不動産登記法,2,登記所に備え付けられる図面について、地租改正事業に基づき地券を発行した際、「②改租図」が作成された。,×,地租改正時に作成された図面は一般に「地引絵図（野取絵図）」などと呼ばれる。「改租図」という語句が誤りである。
平成19年度第16問,不動産登記法,3,これらの図面の正本は、土地台帳附属地図として「③市町村役場」に保管されることとなった。,×,土地台帳附属地図（公図）の正本は、市町村役場ではなく「税務署」に保管されることとなった。
平成19年度第16問,不動産登記法,4,平成5年の不動産登記法の改正により、これらの図面は、「④土地の位置、方位、形状及び地番」を表示する図面として法律上の根拠を持つに至った。,×,地図に準ずる図面が表示するのは「土地の位置、形状及び地番」であり、「方位」は法定の表示事項には含まれていない。
平成19年度第16問,不動産登記法,5,平成5年の不動産登記法の改正により、これらの図面は、「⑤地図に準ずる図面」として法律上の根拠を持つに至った。,○,いわゆる公図は、不動産登記法に基づく「地図に準ずる図面」として法定された。
平成19年度第17問,不動産登記法,ア,上屋を有する荷物の積卸場は、上屋の下部にある積卸場の部分の面積を床面積に算入する。,×,屋外にある荷物の積卸場等は、たとえ上屋を有していても建物の床面積には算入しない（不動産登記規則115条）。
平成19年度第17問,不動産登記法,イ,ビルの屋上にある出入口のためだけの階段室は、外気分断性がある場合には、床面積に算入する。,×,屋上に設けられた出入りするためだけの階段室や機械室等の塔屋は、原則として建物の床面積に算入しない。
平成19年度第17問,不動産登記法,ウ,木造２階建て住宅の１階部分を駐車スペースとして利用する場合には、当該スペースの３方向に壁があれば、前面にシャッターがなく常時開放されていても、当該スペース部分は床面積に算入する。,○,いわゆるビルトインガレージ等で、3方向が壁で囲まれており建物と一体的に構築されている部分は、前面が開放されていても床面積に算入する。
平成19年度第17問,不動産登記法,エ,５階建ての建物に設置してあるエレベータ室は、エレベータが各階に止まる仕様であっても、１階部分のみ床面積に算入する。,×,エレベーターの昇降路（シャフト）部分は、階層的に区画されていない場合は1階のみに算入するが、各階で乗降できる（各階に止まる）場合は各階の床面積に算入する。
平成19年度第17問,不動産登記法,オ,建物に附属する手すりの付いている屋外の階段部分は、床面積に算入する。,×,屋外階段は、手すり等の有無にかかわらず、建物の内部とは認められないため床面積には算入しない。
平成19年度第18問,不動産登記法,ア,表題登記がある建物の主である建物とその附属建物が合体した場合には、合体後の建物についての建物の表題登記及び合体前の建物についての表題部の登記の抹消を申請しなければならない。,×,同一の登記記録上にある主建物と附属建物が合体した場合、合体による登記ではなく、建物の物理的現況の変更として「表題部の変更の登記（増築等）」を申請する。
平成19年度第18問,不動産登記法,イ,所有権の登記名義人が異なる数個の建物を合体した場合の合体による登記等の申請は、合体前の建物の所有権の登記名義人全員が共同してしなければならない。,○,所有権名義人が異なる建物同士が合体した場合、その登記申請は合体前の建物の所有権登記名義人全員が共同して行わなければならない（不動産登記法49条2項）。
平成19年度第18問,不動産登記法,ウ,合体前の建物が区分建物であり、合体後の建物も区分建物である場合において、その所有者が当該合体後の区分建物が属する一棟の建物の所在する土地の所有権の登記名義人であったにもかかわらず、合体前の区分建物のいずれについても敷地権の登記がないときは、合体による登記等の申請をするに当たって、所有権が敷地権でないことを証する情報の添付は要しない。,○,合体前の建物に敷地権の登記がなく、合体後も敷地権が生じない状況であるため、特別に敷地権でないことを証する情報の添付は要求されない。
平成19年度第18問,不動産登記法,エ,既登記の建物に接続して構造上は独立しているが利用上は独立していない建物を新築した場合の登記は、建物の合体による登記等の申請によらなければすることができない。,×,構造上独立していても利用上非独立の建物を新築した場合は、既存の建物の「増築」として表題部変更登記を申請することになり、合体の登記によるわけではない。
平成19年度第18問,不動産登記法,オ,合体前の一方の建物に抵当証券が発行されている抵当権の登記があり、かつ、合体後の建物の持分について当該抵当権に係る権利が存続する場合において、合体による登記等を申請するときは、当該抵当権に関する添付情報としては、当該抵当権の登記名義人が合体後の建物の持分についてする当該抵当権の登記と同一の登記をすることを承諾したことを証する当該抵当権の登記名義人が作成した情報又は当該抵当権の登記名義人に対抗することができる裁判があったことを証する情報を添付情報として提供すれば足りる。,×,抵当証券が発行されている抵当権については、単なる承諾書等では足りず、抵当証券自体を提供するか、特別な手続きを経る必要がある。
平成19年度第19問,不動産登記法,ア,甲区分建物が属する一棟の建物の法定敷地とされている土地を乙区分建物の駐車場として利用した場合、当該土地を乙区分建物が属する一棟の建物の規約敷地とし、乙区分建物の敷地権として登記することができる。,○,他の建物の法定敷地であっても、利用関係等の要件を満たせば、別の区分建物の規約敷地とし、敷地権として登記することが可能である。
平成19年度第19問,不動産登記法,イ,Ａが、分譲マンションとして販売する目的でＡ単独名義で建築確認通知を受けた一棟の建物である甲建物について、施工業者Ｂから工事完成後に引渡しを受けた後、不動産販売業者Ｃに譲渡した場合、Ｃは、甲建物に属する区分建物について、Ｃを表題部所有者とする区分建物の表題登記を申請することができる。,○,未登記建物の原始取得者（A）から所有権を取得した者（C）は、直接自己を表題部所有者とする表題登記を申請することができる（不動産登記法47条2項）。
平成19年度第19問,不動産登記法,ウ,駐輪場として規約共用部分とされた建物を改装及び増築して集会場に変更した場合、表題部の変更の登記の申請には、変更後の建物図面及び各階平面図を提供すれば足りる。,×,規約共用部分である旨の登記がある建物を変更する場合、規約共用部分の廃止（表題登記）や建物の種類変更等、別途の手続きと情報提供が必要となる。
平成19年度第19問,不動産登記法,エ,一棟の建物に属する区分建物の全部が滅失した場合、その一棟の建物に属する区分建物の表題部所有者又は所有権の登記名義人の一人は、単独で一棟の建物の滅失の登記を申請することができる。,○,一棟の建物に属する区分建物が全部滅失した場合、区分所有者の一人から一棟の建物全体についての滅失の登記を代位申請することができる。
平成19年度第19問,不動産登記法,オ,共用部分である旨の登記は、当該共用部分である建物が属する一棟の建物の区分所有者の共用に供される場合にのみすることができる。,×,一棟の建物の区分所有者の共用に供される場合（棟用共用部分）だけでなく、団地内の他の建物の所有者の共用に供される場合（団地共用部分）にもすることができる。
平成19年度第20問,土地家屋調査士法,ア,土地家屋調査士Ｃが甲土地の登記名義人Ａから筆界特定①（甲土地と乙土地の筆界）の手続について代理する事務を受任している場合において、Ｃは、Ａの同意があればＢ（乙土地名義人）から筆界特定②（丙土地と丁土地の筆界）の手続について代理する事務を受任することができる。,○,調査士が受任している事件（①）の相手方（B）から別の事件（②）を受任することは利益相反の制限を受けるが、依頼者（A）の同意があれば受任できる（土地家屋調査士法22条2項1号）。
平成19年度第20問,土地家屋調査士法,イ,土地家屋調査士法人ＤがＡから筆界特定①の手続について代理する事務を受任している場合において、Ｄの社員である土地家屋調査士Ｅは、自らこれに関与していないときは、Ａの同意があれば、Ｂから筆界特定②の手続について代理する事務を受任することができる。,×,調査士法人が受任している事件について、その法人の社員が個人として相手方から別の事件を受任することは、依頼者の同意の有無や関与の有無に関わらず禁止される。
平成19年度第20問,土地家屋調査士法,ウ,土地家屋調査士法人ＤがＡから筆界特定①の手続について代理する事務を受任している場合において、Ｄの社員である土地家屋調査士Ｅは、自らこれに関与したときであっても、Ａの同意があればＤを脱退した後に、Ｂから筆界特定①の手続について法務局又は地方法務局に提出する書類を作成する事務を受任することができる。,×,法人の社員として関与した事件について、脱退後に相手方から受任することは、依頼者の同意があったとしても禁止される。
平成19年度第20問,土地家屋調査士法,エ,土地家屋調査士法人Ｄは、Ａから筆界特定①の手続について何度も協議を受け、Ａの信頼を得ていたが、実際には、Ａは、筆界特定①の申請手続を自ら行い、Ｄにその手続について代理する事務を委任しなかった。この場合において、Ｄは、Ａの同意があれば、Ｂから筆界特定①の手続について法務局又は地方法務局に提出する書類を作成する事務を受任することができる。,×,協議を受けて賛助（信頼）した事件について、当事者と対立する相手方から受任することは、同意の有無にかかわらず絶対的に禁止される（土地家屋調査士法22条2項3号）。
平成19年度第20問,土地家屋調査士法,オ,土地家屋調査士法人Ｄの使用人である土地家屋調査士ＥがＡから筆界特定①の手続について法務局又は地方法務局に提出する書類を作成する事務を受任している場合には、Ｄは、Ａの同意があっても、Ｂから筆界特定①の手続について法務局又は地方法務局に提出する書類を作成する事務を受任することはできない。,○,使用人である調査士が受任している事件について、所属する調査士法人が相手方から受任することは、利益相反の観点から同意の有無にかかわらず禁止される。
平成18年度第1問,民法,1,Bの代理人として本件売買契約を締結したAが未成年者であった場合、Bは、代理権を授与した時にAが未成年であったことを知らなかったときは、本件契約を取り消すことができる。,×,代理人は行為能力者であることを要しないため（民法第102条本文）、代理人が未成年であることを理由に本人が代理行為を取り消すことはできない。
平成18年度第1問,民法,2,Aが、Bの代理人であることを示さずに、B本人であると名乗って本件売買契約を締結した場合、AをB本人であると過失なく信じたCは、本件契約を取り消すことができる。,×,代理人が本人の名称を用いて法律行為をした場合（署名代理）、本人に効果が帰属するか否かの問題であり、相手方が本人と信じたことを理由として直ちに契約を取り消すことができるとする規定はない。
平成18年度第1問,民法,3,Aが、Bから授与された代理権が消滅した後に、Bの代理人として本件売買契約を締結した場合、Bは、Cが代理権の消滅を過失なく知らなかったとしても、Cからの本件契約の履行請求を拒絶することができる。,×,代理権消滅後の表見代理（民法第112条）が成立するため、相手方Cが善意無過失であれば、本人Bは履行請求を拒絶することができない。
平成18年度第1問,民法,4,Aが甲土地の代金を着服する意図を持ってBの代理人として本件売買契約を締結し、その代金を自ら費消した場合、Bは、CがAの意図を本件契約締結時に過失なく知らなかったとしても、Cに対し、本件契約の無効を主張することができる。,×,相手方Cが代理人の着服意図を知らず、かつ過失もなかった（善意無過失）場合は代理行為として有効となるため、無効を主張できない。※法改正により、代理権の濫用に関する第107条が新設され、相手方が悪意または有過失の場合に限り無権代理とみなされることが明文化された。
平成18年度第1問,民法,5,Cが、Bから虚偽の事実を告げられたために、甲土地の地価を誤信して本件売買契約を締結した場合、Cは、Bの代理人として本件契約を締結したAがBの欺罔行為を過失なく知らなかったとしても、本件契約を取り消すことができる。,○,契約の相手方である本人（B）自身が詐欺を行っているため、当事者の詐欺（民法第96条1項）にあたり、代理人Aの善意・悪意にかかわらずCは契約を取り消すことができる。
平成18年度第2問,民法,ア,A所有の甲土地をBが時効取得した後その旨が登記がされる前に、Aは甲土地をCに売却してその旨の登記がされた。この場合に、Bは、Cに対して、甲土地の所有権取得を対抗することができない。,○,取得時効完成後に原所有者から権利を取得した第三者（C）と時効取得者（B）は対抗関係に立つため、Bは登記を備えなければCに対抗することができない。
平成18年度第2問,民法,イ,A所有の甲土地がAからBに贈与されたが、その旨の登記がされる前にAは死亡した。その後、Aの唯一の相続人であるCは、甲土地をDに売却して、その旨が登記がされた。この場合に、Bは、Dに対して、甲土地の所有権取得を対抗することができる。,×,被相続人（A）から不動産の一部の贈与を受けた者（B）と、相続人（C）から当該不動産を譲り受けた者（D）は対抗関係に立つため、先に登記を備えたDに対してBは対抗できない。
平成18年度第2問,民法,ウ,A所有の甲土地がAからBに売却されたが、その旨の登記はされていない。この場合に、Bは、権原なく甲土地を占有しているCに対して、甲土地の所有権取得を対抗することができない。,×,不法占拠者であるCは民法第177条の「第三者」に該当しないため、Bは登記がなくてもCに対して所有権を主張することができる。
平成18年度第2問,民法,エ,AとBは甲土地を共有していたところ、Aはその共有持分をCに譲渡したが、その旨の登記はされていない。この場合に、Cは、Bに対して、甲土地の共有持分の取得を対抗することができる。,×,共有持分の譲受人（C）と他の共有者（B）は民法第177条の対抗関係に立つため、Cは登記を備えなければBに対抗することができない。
平成18年度第2問,民法,オ,A所有の甲土地がAからBに売却されたが、その旨の登記がされる前に、甲土地はAからC、CからDへと順次売却され、その旨の登記がされた。Bに対する関係で、Cは背信的悪意者であるがDは背信的悪意者ではない。この場合に、Bは、Dに対して、甲土地の所有権取得を対抗することができない。,○,背信的悪意者（C）からの転得者（D）であっても、その転得者自身が背信的悪意者でない限り民法第177条の第三者として保護されるため、BはDに対抗できない。
平成18年度第3問,民法,ア,取り消すことができる法律行為は、行為の後一定の期間が経過することにより、確定的に有効となる場合がある。,○,取消権は、追認をすることができる時から5年、または行為の時から20年を行使しないときは時効によって消滅し、確定的に有効となる（無効な行為にはこのような期間制限はない）。
平成18年度第3問,民法,イ,取り消すことができる法律行為は、だれでもその効力がない旨を主張することができる。,×,誰からでも主張できるのは「無効」な行為の特徴である。取消しは、定められた取消権者のみが行うことができる。
平成18年度第3問,民法,ウ,取り消すことができる法律行為は、その効力がない旨の主張をした時から将来に向かってのみ、効力を失う。,×,取り消された法律行為は、初めから無効であったものとみなされる（遡及効がある）ため、将来に向かってのみ効力を失うわけではない。
平成18年度第3問,民法,エ,取り消すことができる法律行為により金銭債務を負担した債務者がその金銭の支払をした後であっても、債務者は、支払った金銭の返還を請求することができる。,×,無効な行為に基づいて支払った場合でも不当利得返還請求は可能であるため、これは「取り消すことができる法律行為のみ」を指す特徴ではない。
平成18年度第3問,民法,オ,成年被後見人がした法律行為は、原則として取り消すことができる法律行為である。,○,成年被後見人が行った法律行為（日用品の購入等を除く）は原則として取り消すことができる行為であり、当然に無効となるわけではない。
平成18年度第4問,不動産登記法,ア,建物を相続により取得した者が複数いる場合において、被相続人名義のままその建物を取り壊したときは、その取得者の1人は、その建物を取得した他の共同相続人の同意を証する情報を提供しなければ、当該建物の滅失の登記を申請することができない。,×,建物の滅失の登記は、建物の物理的な滅失の事実を登記記録に反映させる報告的登記（保存行為）であるため、相続人の1人から単独で申請でき、他の相続人の同意は不要である。
平成18年度第4問,不動産登記法,イ,各階が1個の区分建物である3階建ての一棟の建物の3階部分にある区分建物が取り壊されたことにより一棟の建物が2階建てとなったとしても、取り壊された区分建物以外の区分建物の表題部所有者又は所有権の登記名義人は、取り壊された区分建物以外の区分建物について、構造の変更による表題部の変更の登記を申請することを要しない。,×,一棟の建物の一部が取り壊されて階数が変更された場合、残存する他の区分建物についても一棟の建物の構造の変更が生じるため、表題部変更登記を申請しなければならない。
平成18年度第4問,不動産登記法,ウ,A所有の土地の上に借地人B名義の既登記の建物がある場合、Bの承諾を得てAが建物を取り壊したときは、Aは、Bの承諾を証する情報を提供して、当該建物の滅失の登記を申請することができる。,×,土地所有者Aは借地人Bに「代位」して滅失登記を申請することはできるが、Bの承諾を得たからといってA自身が直接申請人となって申請できるわけではない。
平成18年度第4問,不動産登記法,エ,共用部分である旨の登記がされている建物を取り壊した場合は、当該建物の所有権を証する情報を提供して、その所有者の1人から建物の滅失の登記を申請することができる。,○,共用部分である旨の登記がされた建物は所有権の登記が抹消されているが、実体上の所有者は所有権を証する情報を提供することで、保存行為としてその1人から滅失登記を申請できる。
平成18年度第4問,不動産登記法,オ,処分禁止の仮処分の登記がある建物を取り壊した場合、当該仮処分がされた建物の所有権の登記名義人は、建物の滅失の登記を申請するときは、処分禁止の仮処分の申立人の承諾を証する情報を提供しなければならない。,×,建物の滅失登記は物理的な滅失の事実に基づくものであり、仮処分債権者の権利を不当に害するものではないため、仮処分申立人の承諾を証する情報の提供は不要である。
平成18年度第5問,不動産登記法,ア,既登記の建物が老朽化したので、外壁の化粧材をすべて張り替えて、屋根も和瓦から洋瓦にふき替える大規模改修工事を行った場合は、建物の表題部の変更の登記が必要になる。,×,屋根を和瓦から洋瓦に変更しても、登記上の構造区分である「かわらぶき」には変更がないため、建物の表題部の変更の登記は必要ない。
平成18年度第5問,不動産登記法,イ,建物の所有権の登記名義人Aの息子Bが全額を負担して増築工事を行い、AがBにその出資に見合った当該建物の持分の譲渡をした場合、区分建物でなければ、共有者であるAと息子Bの2人からの申請により、床面積が増加したことによる建物の表題部の変更の登記を行う。,×,増築部分について持分譲渡が行われても、当該建物はもともとAの単独所有であるため、まずはA単独による建物の表題部変更の登記（増築）を行い、その後にBへの所有権一部移転登記を行う。
平成18年度第5問,不動産登記法,ウ,未登記の建物に増築を行い、その出資に見合った持分の譲渡がされた場合は、建物の表題部の変更の登記をすることができないため、AとBとを共有者とする建物の表題登記を行うことになる。,○,未登記建物に増築等がなされ共有となった場合、表題部変更登記の前提となる表題登記が存在しないため、完成後の状況に基づき共有者として建物の表題登記を申請する。
平成18年度第5問,不動産登記法,エ,登記されている建物に附属建物があり、この附属建物だけ取り壊したときは、附属建物の滅失の登記を行うのではなく、建物の表題部の変更の登記を行う。,○,主たる建物が存在する状態で附属建物のみが滅失した場合、独立した滅失登記ではなく、主たる建物の表題部の変更の登記（附属建物の表示の抹消）として処理する。
平成18年度第5問,不動産登記法,オ,附属建物として登記されている建物部分を取り壊し、種類・構造・床面積がすべて同一で位置も全く同一の附属建物を新しく建て直した場合は、現況と登記が一致しているため建物の表題部の変更の登記は必要ない。,×,従前の建物は取り壊しにより滅失し、全く新しい建物が新築されたことになるため、従前の附属建物の滅失および新たな附属建物の新築を内容とする建物の表題部の変更登記が必要である。
平成18年度第6問,不動産登記法,ア,既登記の甲建物が、所有権の登記名義人が同一である既登記の乙建物に附属して一体として利用されているときは、甲建物と乙建物が国道を隔てている場合であっても、外に合併の登記の制限事由がない限り、甲建物を乙建物の附属建物とする建物の合併の登記をすることができる。,○,建物が国道等で隔てられて物理的に離れていても、効用上一体として利用されていれば主従の関係（附属建物）として建物の合併の登記をすることができる。
平成18年度第6問,不動産登記法,イ,附属建物の新築を原因とする建物の表題部の変更の登記を申請する場合に添付情報として提供すべき建物図面には、当該附属建物だけでなく、既登記の主である建物及び他の附属建物も表示しなければならない。,○,建物図面は敷地上の建物の配置関係を明らかにする図面であるため、新築した附属建物だけでなく、既存の主たる建物や他の附属建物の位置も併せて表示しなければならない。
平成18年度第6問,不動産登記法,ウ,抵当権の設定の登記がある既登記の建物の附属建物を取り壊したことを原因とする建物の表題部の変更の登記を申請するときは、添付情報として、当該抵当権の登記名義人が承諾したことを証する情報等を提供しなければならない。,×,附属建物の滅失による表題部変更登記は建物の物理的状況の変更の報告であり、抵当権者の承諾を証する情報を提供する必要はない。
平成18年度第6問,不動産登記法,エ,既登記の甲建物に附属して一体として利用されている未登記の乙建物が甲建物の建築日より前に建築されたものであるときは、附属建物を新築したことを原因とする甲建物の表題部の変更の登記をすることによって乙建物を甲建物の附属建物とすることはできない。,×,建築の先後にかかわらず、現状として乙建物が甲建物の附属建物として利用されるに至ったのであれば、「附属建物の新築」を原因として表題部変更登記をすることができる。
平成18年度第6問,不動産登記法,オ,甲登記所の管轄区域内にある主である建物と附属建物から成る1個の建物のうち主である建物のみを乙登記所の管轄区域内にえい行移転した場合の当該1個の建物の管轄登記所は、甲登記所である。,×,建物の管轄登記所は「主たる建物」の所在地を管轄する登記所となるため、主たる建物が乙登記所の管轄区域に移転したのであれば、管轄登記所は乙登記所となる。
平成18年度第7問,不動産登記法,ア,競馬場内にある一筆の土地が永久的設備と認められる建物の敷地として利用されている場合における当該土地の地目は、宅地である。,○,競馬場全体としては雑種地として取り扱われるが、事務所等の永久的設備と認められる建物の敷地部分は「宅地」と認定される。
平成18年度第7問,不動産登記法,イ,宗教法人である寺院の境内にある庫裏の敷地の地目は、宅地である。,×,宗教法人の境内にある本堂や庫裏などの建物の敷地は、一括して「境内地」として取り扱われるため、宅地ではない。
平成18年度第7問,不動産登記法,ウ,ガスタンク敷地の地目は、雑種地である。,○,ガスタンクの敷地は、建物の敷地には該当せず、その他の地目にも該当しないため「雑種地」として認定される。
平成18年度第7問,不動産登記法,エ,水力発電のためのダム貯水池用地の地目は、雑種地である。,×,ダムによる貯水池の用地は「池沼」として取り扱われるため、雑種地ではない。
平成18年度第7問,不動産登記法,オ,住居として使用されている建物の敷地内に設けられた屋外プールの敷地の地目は、宅地である。,○,建物の敷地内に設けられたプール等の施設用地は、全体として建物の維持効用を果たすため「宅地」と認定される。
平成18年度第7問,不動産登記法,カ,鉄道のガード下を利用して築造された店舗の敷地の地目は、宅地である。,×,鉄道のガード下の土地は、店舗が築造されていても依然として鉄道の線路の用に供されているため「鉄道用地」となる。
平成18年度第7問,不動産登記法,キ,海産物加工場と道を隔てた向かい側にあり、日干場として利用されている土地の地目は、雑種地である。,○,建物の敷地と接続していない独立した日干場は、建物の敷地（宅地）にはならず「雑種地」として認定される。
平成18年度第7問,不動産登記法,ク,中学校の校舎の敷地の地目は、宅地である。,×,学校の校舎や運動場等の敷地は、独立した地目である「学校用地」として認定される。
平成18年度第7問,不動産登記法,ケ,高圧線下にある建物の敷地の地目は、宅地である。,○,高圧線下であっても、現実に建物の敷地として利用されているのであれば、その地目は「宅地」として認定される。
平成18年度第7問,不動産登記法,コ,木場の区域内にある一筆の土地が材木問屋の建物の敷地として利用されている場合における当該土地の地目は、宅地である。,○,木場の区域内であっても、材木問屋などの建物の敷地として利用されている部分は「宅地」として認定される。
平成18年度第8問,不動産登記法,1,土地区画整理事業を施行する者は、土地区画整理事業の施行のために必要があるときは、所有者に代位して、土地の分筆の登記を申請することができる。,○,土地区画整理事業の施行者は、事業の施行のために必要な場合、不動産の表示に関する登記（分筆等）を所有者に代位して申請することができる（不動産登記法第118条）。
平成18年度第8問,不動産登記法,2,Aが所有し、かつ所有権の登記名義人である甲土地をAから賃借したBが、Aの承諾を得て甲土地の一部をCに転貸したときは、Cは、A及びBに代位して、甲土地から転借した部分を分筆する登記を申請することができる。,○,賃借権の設定や転貸借の登記をする前提として、賃借人や転借人は所有者に代位して土地の分筆登記を申請することができる。
平成18年度第8問,不動産登記法,3,甲土地についてAからBへの所有権の移転の登記がされ、さらに、甲土地と乙土地との合筆の登記がされた後、当該所有権の移転の登記の抹消登記手続を命ずる判決があったときは、Aは、Bに代位して、当該合筆の登記の抹消を申請することができる。,×,不動産登記法上「合筆の登記の抹消」という手続きは存在しない。元の状態に戻すには、AがBに代位して合筆後の土地の「分筆の登記」を申請する必要がある。
平成18年度第8問,不動産登記法,4,Aが所有権の登記名義人である区分建物でない甲建物に接続してBが所有する区分建物が新築されたことにより、甲建物が区分建物になった場合、Bは、Aに代位して、甲建物について、これを区分建物とする表題部の変更の登記を申請することができる。,○,他の建物が新築されたことにより既存の建物が区分建物となった場合、新築した建物の所有者は既存建物の所有者に代位して表題部変更登記を申請することができる（不動産登記法第51条）。
平成18年度第8問,不動産登記法,5,Aが所有し、かつ所有権の登記名義人である甲土地の一部を買い受けたBが、当該部分にCを抵当権者とする抵当権を設定したときは、Cは、A及びBに代位して、甲土地から抵当権が設定された部分を分筆する登記を申請することができる。,○,抵当権者は、自己の抵当権設定登記をする前提として、債務者（B）および原所有者（A）に代位して分筆の登記を申請することができる。
平成18年度第9問,不動産登記法,ア,土地の表示に関する登記の申請において、土地の表題登記、地積に関する変更の登記若しくは更正の登記又は分筆の登記を申請する場合に地積測量図を添付情報として提供します。,○,土地の表題登記、地積変更・更正登記、分筆登記においては、土地の形状や面積を明らかにするため地積測量図の提供が義務付けられている。
平成18年度第9問,不動産登記法,イ,地積測量図に記録する筆界点の座標値は、近傍の恒久的な地物に基づく測量の成果による必要があります。,×,筆界点の座標値は、原則として「基本三角点等に基づく測量の成果」による必要があり、これが困難な特別の事情がある場合に限って近傍の恒久的地物に基づくことができる。
平成18年度第9問,不動産登記法,ウ,筆界点に境界標がある場合、その境界標の表示は、地積測量図に境界標の存する筆界点に符号を付し、適宜の箇所にその符号及び境界標の種類を記録する方法その他これに準ずる方法によります。,○,地積測量図における境界標の表示方法として正しい記述である（不動産登記規則第77条）。
平成18年度第9問,不動産登記法,エ,分筆の登記を申請する場合に提出する地積測量図には、分筆前の土地が広大な土地であって分筆後の土地の一方がわずかであるなど特別の事情がある場合を除いて、分筆後のすべての土地について地積等を記録しなければなりません。,○,分筆登記の地積測量図は原則として分筆後の全筆について求積し記録する必要があるが、残余地が広大である等の特別の事情がある場合は残余地の求積を省略できる。
平成18年度第9問,不動産登記法,オ,既に登記所に備え付けられている地積測量図に誤りがあるとき、表題部所有者又は所有権の登記名義人は、地積測量図を添付情報とする表題部の登記事項に関する更正の登記をすることができる場合を除き、地積測量図の訂正の申出をすることができます。,○,地積測量図の誤りが登記記録（地積等）の誤りに直結する場合は地積更正登記によるが、そうでない単なる図面の誤記等の場合は「地積測量図の訂正の申出」によることができる。
平成18年度第10問,不動産登記法,ア,本人から委任を受けた後登記の申請前に本人が後見開始の審判を受けたときは、申請代理権は消滅しないが、登記の申請をするには、後見人の承諾を得なければならない。,×,本人が後見開始の審判を受けたことは代理権の消滅事由（民法第111条1項2号）に該当するため、申請代理権は消滅する。
平成18年度第10問,不動産登記法,イ,委任による代理人は、本人の同意を得て復代理人を選任した場合は、復代理人の選任又は監督の範囲に限り、復代理人の行為について責任を負う。,×,※法改正により、本人の許諾による復代理人選任時の責任軽減規定（旧民法105条）は削除されたため、現在は一般の債務不履行責任（善管注意義務違反等）を負う。
平成18年度第10問,不動産登記法,ウ,本人から委任を受けた後登記の申請前に本人が死亡した場合でも、申請代理権は消滅しない。,○,不動産登記法第17条1号の特則により、登記申請の代理権は本人の死亡によっては消滅しない。
平成18年度第10問,不動産登記法,エ,本人の法定代理人は、本人の同意なくして復代理人を選任することができるが、やむを得ない事由があるときを除き、その責任は選任及び監督の範囲に限られる。,×,法定代理人は自己の責任で復代理人を選任できるが、その責任は「全責任を負うのが原則」であり、やむを得ない事由があるときのみ選任・監督責任に軽減される（民法第106条）。記述は原則と例外が逆である。
平成18年度第10問,不動産登記法,オ,同一の申請について複数の代理人が選任されている場合、共同代理の定めがない限り、各代理人は単独で申請を代理することができる。,○,代理人が複数いる場合は、共同して代理すべき旨の定めがない限り、各自が単独で本人を代理することができる（民法第114条の2）。
平成18年度第11問,不動産登記法,ア,附属建物が新築されたことを原因として建物の表題部の変更の登記を申請するときは、添付情報として、表題部所有者又は所有権の登記名義人が附属建物の所有権を有することを証する情報を提供しなければならない。,○,附属建物の新築による表題部変更登記は、実質的に新たな建物の表題登記の性質を有するため、新築した附属建物の所有権を証する情報の提供が必要である。
平成18年度第11問,不動産登記法,イ,共用部分である旨の登記がある建物について共用部分である旨を定めた規約を廃止したことを原因として当該建物の表題登記を申請するときは、添付情報として、表題部所有者となる者が当該建物の所有権を有することを証する情報を提供しなければならない。,○,規約廃止により独立した専有部分となるため、新たな表題登記を申請するにあたり、その所有権を取得したことを証する情報の提供が必要となる。
平成18年度第11問,不動産登記法,ウ,建物の分割の登記を申請するときは、添付情報として、分割後の建物の表題部所有者となる者又は所有権の登記名義人となる者が当該建物の所有権を有することを証する情報を提供しなければならない。,×,建物の分割の登記は、既存の建物を物理的に分けるだけであり、新たな所有権が発生するわけではないため、新たに所有権を証する情報を提供する必要はない。
平成18年度第11問,不動産登記法,エ,共用部分である旨の登記を申請するときは、添付情報として、当該共用部分である建物の所有者を証する情報を提供しなければならない。,×,共用部分である旨の登記は、既に表題部所有者や所有権の登記名義人として記録されている者が申請するものであり、改めて所有権を証する情報を提供する必要はない。
平成18年度第11問,不動産登記法,オ,未登記の建物と所有権の登記がある建物とが合体した場合にする合体による登記等を申請するときは、添付情報として、表題部所有者となる者が合体後の建物の所有権を有することを証する情報を提供しなければならない。,○,合体により新たに生じた建物部分（未登記だった部分を含む）について実質的な表題登記・保存登記の性質を持つため、所有権証明情報の提供が必要である。
平成18年度第12問,不動産登記法,ア,甲建物については所有権の登記があり、乙建物については表題登記のみがあるときは、所有者が同一であっても、甲建物と乙建物との建物の合併の登記はすることができない。,○,建物の合併は、所有権の登記の有無が相互に異なる建物同士では行うことができない（不動産登記法第54条1項2号）。
平成18年度第12問,不動産登記法,イ,甲建物と乙建物がいずれも区分建物であるときは、両建物が互いに接続していなければ、甲建物を乙建物の附属建物とする建物の合併の登記をすることはできない。,×,区分建物であっても、効用上一体として利用される主たる建物と附属建物の関係が成立するのであれば、物理的に接続していなくても建物の合併の登記をすることができる。
平成18年度第12問,不動産登記法,ウ,甲建物には所有権以外の権利の登記はないが、乙建物には抵当権の登記があるとき、当該抵当権の登記名義人が抵当権を消滅させることを承諾したことを証する情報を添付すれば、甲建物と乙建物の合併の登記を申請することができる。,○,所有権以外の権利の登記がある建物であっても、当該権利の登記名義人が合併の登記に承諾したことを証する情報（抵当権消滅承諾書等）を提供すれば、合併の登記を申請できる。
平成18年度第12問,不動産登記法,エ,共有者及び共有持分が同一である甲建物と乙建物との建物の合併の登記は、共有者の1人が、単独で申請することができる。,○,建物の合併の登記は、建物の物理的な状況を登記記録に反映させる保存行為に該当するため、共有者の一人から単独で申請できる。
平成18年度第12問,不動産登記法,オ,甲建物と乙建物のいずれにも共用部分である旨の登記がある場合であっても、両建物が同じ一棟の建物の共用部分であるときは、甲建物と乙建物との建物の合併の登記をすることができる。,×,共用部分である旨の登記がある建物については、いかなる場合であっても他の建物と合併の登記をすることはできない（不動産登記法第54条1項5号）。
平成18年度第13問,不動産登記法,1,甲土地と乙土地とが地図に準ずる図面上相互に接続しているときは、現地においてその所在を確認することができなくても、甲土地と乙土地との合筆の登記をすることができる。,×,合筆の登記をするには、現地において甲土地と乙土地が接続し、相互に隣接している事実を確認できなければ申請することはできない。
平成18年度第13問,不動産登記法,2,甲土地及び乙土地のいずれについても買戻しの特約の登記があるが、いずれも買戻しの期間が満了しているときは、甲土地と乙土地との合筆の登記をすることができる。,×,実体法上買戻期間が満了していても、登記記録上に買戻しの特約の登記が残っている限り、抹消登記を経なければ合筆の登記をすることはできない。
平成18年度第13問,不動産登記法,3,甲土地に要役地を丙土地とする地役権の登記があり、乙土地に要役地を丁土地とする地役権の登記がある場合でも、甲土地と乙土地との合筆の登記をすることができる。,○,承役地についてする地役権の登記は合筆制限の例外とされており、要役地がそれぞれ異なる地役権の登記が各土地にあっても合筆の登記をすることができる。
平成18年度第13問,不動産登記法,4,同一の債権を被担保債権とする抵当権の設定の登記がある甲土地及び乙土地については、その登記の申請の受付の年月日が異なっていても、合筆の登記をすることができる。,×,抵当権の登記がある土地同士を合筆するには、登記の目的、申請の受付年月日、受付番号、登記原因及びその日付がすべて同一でなければならない。
平成18年度第13問,不動産登記法,5,甲土地に甲土地の所有者が所有する住宅用建物があり、登記のない賃借権が設定されている乙土地に賃借人が所有する店舗用建物があるときは、甲土地と乙土地との合筆の登記は、することができない。,×,登記されていない賃借権や使用目的の異なる建物が建っていることは、不動産登記法上の合筆制限事由には該当しないため、合筆の登記は可能である。
平成18年度第14問,不動産登記法,ア,甲土地の所有権の登記名義人Aが死亡しBCDが相続した場合、甲土地を分筆し一部をB、残りをCが相続する旨の遺産分割協議が成立したときは、B及びCは遺産分割協議書を提供して分筆の登記を申請することができる。,○,遺産分割協議によって単独所有とすることが決定した相続人は、単独で所有権移転（相続）登記をする前提として、分筆の登記を申請することができる。
平成18年度第14問,不動産登記法,イ,地役権の登記がある承役地の分筆の登記を申請する場合において、地役権設定の範囲が分筆後の土地の一部であるときは、添付情報として当該地役権設定の範囲を証する情報等を提供しなければならない。,○,承役地の一部のみに地役権が存続する場合、分筆登記の際に地役権者が作成した「地役権設定の範囲を証する情報」などを提供する必要がある。
平成18年度第14問,不動産登記法,ウ,甲土地を分筆する場合において、分筆前の登記簿上の地積と、分筆後の実測面積の合計との差が地積測量図の誤差の限度内であるときは、地積に関する更正の登記をせずに分筆の登記を申請することができる。,○,実測面積と登記簿上の地積との差が公差（誤差の限度）の範囲内であれば、地積更正の登記を省略してそのまま分筆の登記を申請できる。
平成18年度第14問,不動産登記法,エ,甲土地の所有権の登記名義人Aが、相続の開始から5年間遺産の分割を禁止する旨の遺言をして死亡した場合、Aの相続人は、その期間内は甲土地の分筆の登記を申請することができない。,×,遺産分割を禁止する遺言があっても、それは権利の帰属に関する制限であり、土地の物理的現況を分ける「分筆の登記」自体を申請できなくなるわけではない。
平成18年度第14問,不動産登記法,オ,甲土地の所有権の登記名義人Aから売買により甲土地の全部の所有権を取得したBは、所有権の移転の登記をする前であっても、Aに代位して、甲土地の分筆の登記を申請することができる。,○,未登記の譲受人Bは、所有権移転登記を受ける前提として、自己の権利を保全するために売主Aに代位して分筆の登記を申請することができる。
平成18年度第15問,不動産登記法,ア,登記識別情報を亡失した場合には、当該登記識別情報の再通知を申請することができる。,×,登記識別情報を亡失・紛失した場合であっても、防犯上の観点から登記識別情報の再通知（再発行）を申請することはできない。
平成18年度第15問,不動産登記法,イ,所有権の登記名義人が2人以上である土地の合筆の登記の申請については、所有権の登記名義人のうちいずれか1人の登記識別情報を提供すれば足り、他の名義人の登記識別情報を提供することを要しない。,×,共有名義の土地について共有者全員で合筆の登記を申請する場合、申請人となる「共有者全員」の登記識別情報を提供しなければならない。
平成18年度第15問,不動産登記法,ウ,所有権の登記がある土地の合筆の登記の申請については、当該合筆に係る土地のうちいずれか一筆の土地の所有権の登記名義人の登記識別情報を提供すれば足りる。,×,合筆の登記を申請する際には、合筆の対象となる「すべての土地（合筆前の各筆）」についての所有権の登記識別情報を提供しなければならない。
平成18年度第15問,不動産登記法,エ,所有権の登記がある土地の合筆の登記を申請する場合において、正当な理由により登記識別情報を提供することができないときは、登記官から登記名義人に対し、事前通知がされる。,○,登記識別情報を提供できない正当な理由（紛失や失念等）がある場合、登記官は本人確認手段として事前通知手続を行って登記を実行する。
平成18年度第15問,不動産登記法,オ,所有権の登記名義人が3人である一筆の土地を三筆に分筆する分筆の登記がされたときは、登記識別情報は、合計9通通知されることとなる。,×,分筆の登記は不動産の表示に関する登記であり、新たな権利の取得を伴うものではないため、分筆によって新たに登記識別情報が通知されることはない。
平成18年度第16問,不動産登記法,ア,資格者代理人が申請人と面識がない場合、運転免許証等の書類の提示を受けて申請権限を有する名義人であることを確認し、当該書類の内容及び本人と認めた理由を明らかにしなければならない。,○,本人確認情報を作成するにあたり、面識がない場合は法定の公的証明書（運転免許証等）による厳格な本人確認を行い、その内容等を記載する必要がある。
平成18年度第16問,不動産登記法,イ,1か月前に登記申請を代理したことで面識を得た者から再び依頼された場合、運転免許証等による確認は必要ないが、申請人の氏名を知りかつ面識がある旨及びその面識が生じた経緯を明らかにしなければならない。,○,過去（3か月以内）に代理したことがあり面識がある場合は、本人確認書類の提示を省略できるが、面識が生じた経緯等を本人確認情報として明らかにしなければならない。
平成18年度第16問,不動産登記法,ウ,資格者代理人が申請人と面識がある場合でも、申請人と面談した日時、場所及びその状況を明らかにしなければならない。,×,面識があることを理由に本人確認情報を作成する場合、「面談」を要件とするものではないため、面談した日時場所の記載は必要とされない。面識が生じた経緯等を記載する。
平成18年度第16問,不動産登記法,エ,本人確認情報を提供するときに、併せて提供しなければならない情報として、資格者代理人が登記の申請の代理を業とすることができる者であることを証する情報（職印証明書等）がある。,○,本人確認情報を提供する際は、作成者が資格者代理人であることを担保するため、職印証明書（電子申請の場合は公的個人認証等の電子証明書）の提供が必要である。
平成18年度第16問,不動産登記法,オ,登記の申請の代理を受任した土地家屋調査士は、申請人と面識のある他の土地家屋調査士が作成した本人確認情報を提供して申請することができる。,×,本人確認情報は、申請の代理を直接受任した資格者代理人「自身」が責任をもって作成しなければならず、他の資格者代理人が作成したものを流用することはできない。
平成18年度第17問,不動産登記法,1,地図に準ずる図面として登記所に備え付けられた図面が、修正により地図としての要件を満たすこととなったときは、地図として備え付けられる。,×,法第14条第1項の「地図」は、国土調査法等に基づく厳格な測量成果によるものであり、単に公図（地図に準ずる図面）を修正しただけでは法定の「地図」として備え付けることはできない。
平成18年度第17問,不動産登記法,2,地図が電磁的記録に記録されたときは、従前の地図は、閉鎖される。,○,紙の地図等に代わって電磁的記録による新たな地図等が備え付けられた場合、従前の地図は閉鎖地図として扱われる（不動産登記規則第16条）。
平成18年度第17問,不動産登記法,3,建物所在図は、地図と建物図面を用いるほか、地図に準ずる図面と建物図面を用いて作成することができる。,○,建物所在図は原則として地図及び建物図面を用いて作成するが、地図がない場合は「地図に準ずる図面」を用いて作成することができる。
平成18年度第17問,不動産登記法,4,地図に表示された土地の地番に誤りがある場合において、当該土地が所有権の登記がある土地であるときは、所有権の登記名義人等はその訂正の申出をすることができる。,○,地図の内容（地番や境界線等）に誤りを発見した場合、表題部所有者又は所有権の登記名義人は、登記官に対して地図の訂正の申出を行うことができる。
平成18年度第17問,不動産登記法,5,建物所在図に記録する建物が区分建物であるときは、建物所在図に、当該区分建物が属する一棟の建物の位置を記録しなければならない。,○,区分建物の場合、各専有部分ごとの位置ではなく、当該区分建物が属する「一棟の建物」の全体位置を建物所在図に記録する。
平成18年度第18問,不動産登記法,1,合体前の建物の所有権の登記名義人が既に死亡している場合でも、相続人のうちの1人は、単独で、被相続人名義のまま、合体による登記等を申請することができる。,×,合体による登記等は新たな建物の表題登記および所有権保存登記の性質を含むため、被相続人名義のまま申請することはできず、相続人名義での申請（相続登記）が必要となる。
平成18年度第18問,不動産登記法,2,合体前の建物の所有権の登記名義人の住所に変更があった場合でも、変更があったことを証する情報を添付情報として提供することにより、住所変更登記を省略して合体による登記等を申請することができる。,○,合体による登記の特則として、住所変更を証する情報を提供すれば、前提としての住所変更登記を省略して合体による登記を申請することができる。
平成18年度第18問,不動産登記法,3,合体後の建物の持分の上に存続する抵当権の登記について抵当証券の所持人等があるときは、合体後の持分を定めることの承諾情報と当該抵当証券を提供しなければならない。,○,抵当証券が発行されている場合、抵当権の効力が及ぶ持分を定めるにあたり、所持人等の承諾と証券自体の提出が義務付けられている。
平成18年度第18問,不動産登記法,4,2以上の建物が合体して1個の建物となったときは、合体前の建物の一方が工場財団の組成物件となっている場合でも、合体による登記等を申請しなければならない。,○,建物の合体は物理的な現況の変化であるため、財団に属しているか否かにかかわらず、合体の日から1か月以内に合体による登記等を申請する義務がある。
平成18年度第18問,不動産登記法,5,合体前のいずれの建物にも同一の賃借権の設定の登記がされている場合には、合体後の建物につき存続すべきものの表示として、当該賃借権の表示を申請情報の内容としなければならない。,○,すべての合体前の建物に同一の用益権（賃借権等）が設定されている場合は合体後も存続するため、申請情報に存続する権利の表示を記録しなければならない。
平成18年度第19問,不動産登記法,1,甲土地及び乙土地を法定敷地としている敷地権付き区分建物について、甲土地上の建物部分を取り壊して建物が存在しなくなった場合、敷地権であった権利が敷地権でない権利となったことによる表題部変更登記を申請しなければならない。,×,法定敷地上の建物が取り壊されても、区分所有者が当該土地を建物と一体として管理・使用している限り、法定敷地から当然に「規約敷地」とみなされるため（区分所有法5条1項ただし書）、直ちに敷地権消滅の登記が必要になるわけではない。
平成18年度第19問,不動産登記法,2,敷地権の消滅を原因とする建物の表題部に関する変更の登記を申請する場合において、土地が他の登記所の管轄区域内にあるときは、当該土地の登記事項証明書を申請情報と併せて提供しなければならない。,×,敷地権の目的たる土地が他管轄であっても、申請情報に当該土地の「不動産番号」を提供すれば、登記事項証明書の添付を省略することができる。
平成18年度第19問,不動産登記法,3,敷地権の登記原因の日付は、建物の所有者が建物の新築等により区分建物が生じた日前から敷地につき権利を有していたときは、その区分建物が生じた日である。,○,土地の権利をあらかじめ有していた場合、その権利が敷地権（建物と分離処分できない権利）となるのは「建物が新築等により生じた日」となる。
平成18年度第19問,不動産登記法,4,敷地権としての効力を有する抵当権がある区分建物について、分離処分可能規約を設定した場合、抵当権者の承諾を証する情報を提供したとしても敷地権の消滅登記を申請することはできない。,×,抵当権等の権利が存在していても、当該抵当権者が敷地権の消滅を承諾したことを証する情報等を提供すれば、敷地権の消滅を原因とする表題部変更登記を申請できる。
平成18年度第19問,不動産登記法,5,規約敷地が敷地権でなくなったことによる建物の表題部に関する変更の登記の申請には、規約敷地について分離処分を可能とする定めを設定した規約を証する情報を提供しなければならない。,×,規約敷地が敷地権でなくなる場合に必要なのは、「規約敷地とする旨の規約を廃止したこと」を証する情報であり、法定敷地のように分離処分可能規約を新設するわけではない。
平成18年度第20問,土地家屋調査士法,ア,土地家屋調査士又は土地家屋調査士法人に対する戒告の処分については、法務大臣の判断により、その旨の官報公告を行わないことができる。,×,法務大臣が土地家屋調査士に対して懲戒処分（戒告を含む）をしたときは、裁量の余地なく遅滞なくその旨を官報に公告しなければならない（土地家屋調査士法第43条）。
平成18年度第20問,土地家屋調査士法,イ,懲戒の処分に係る聴聞の期日における審理は、当該聴聞の対象となる土地家屋調査士又は土地家屋調査士法人から請求があったときは、公開により行わなければならない。,○,懲戒に関する聴聞は原則として非公開であるが、処分の対象となる者から公開の請求があった場合は、これを公開して行わなければならない。
平成18年度第20問,土地家屋調査士法,ウ,法務大臣は、土地家屋調査士等に対し業務の停止の懲戒処分をしようとする場合に、当該停止の期間が1か月以内であれば、聴聞を行う必要はない。,×,業務の停止期間の長短にかかわらず、不利益処分（懲戒処分）を行う場合には、必ず事前に行政手続法等に基づく聴聞の手続きを行わなければならない。
平成18年度第20問,土地家屋調査士法,エ,複数の事務所を有する土地家屋調査士法人に対する業務の停止の処分については、違反が従たる事務所に関するものであっても、すべての事務所について当該処分を行わなければならない。,×,調査士法人に対する業務の停止処分は、違反行為があった特定の事務所（従たる事務所など）に限定して一部の事務所のみに対して行うことも可能である。
平成18年度第20問,土地家屋調査士法,オ,何人も、土地家屋調査士又は土地家屋調査士法人に法違反の事実があると思料するときは、法務大臣に対し、当該事実を通知し、適当な措置をとることを求めることができる。,○,土地家屋調査士の業務の適正を確保するため、何人も（利害関係人に限らず）法令違反の事実を法務大臣に通知し、懲戒等の措置を求めることができる（土地家屋調査士法第44条）。
平成17年度第1問,民法,ア,Ｄが甲建物を権原なく占有している場合には、Ａは、Ｄに対し、単独で甲建物の明渡しを請求することができる。,○,共有物の不法占有者に対する明渡請求は、共有物の保存行為（民法252条ただし書）にあたるため、各共有者が単独ですることができる。
平成17年度第1問,民法,イ,ＡがＢ及びＣの了解を得ることなく単独で甲建物を占有している場合には、Ｂ及びＣは、Ａに対し、直ちに甲建物の明渡しを請求することができる。,×,共有者の一人が単独で占有している場合でも、その者は持分に基づく占有権原を有するため、他の共有者は当然に明渡しを請求することはできない。
平成17年度第1問,民法,ウ,Ａ、Ｂ及びＣがＥに対して甲建物を賃貸した場合において、Ｅが賃料を長期にわたって支払わないときは、Ａは、単独でＥとの賃貸借契約を解除することができる。,×,共有物の賃貸借契約の解除は管理行為にあたるため、各共有者の持分の価格に従い、その過半数で決しなければならない（民法252条）。
平成17年度第1問,民法,エ,Ａは、Ｆに対する債務を担保するため、甲建物の自己の持分について抵当権を設定することができる。,○,共有者は、自己の持分については他の共有者の同意を得ることなく、自由に処分（抵当権の設定等）をすることができる。
平成17年度第1問,民法,オ,ＡがＢ及びＣの了解を得ることなくＧに対して甲建物を賃貸している場合には、Ｂ及びＣは、Ｇに対し、直ちに甲建物の明渡しを請求することができる。,×,少数持分権者（A）から単独で賃借した者（G）に対する他の共有者からの明渡請求は、当然には認められず、他の共有者はGに対し持分に応じた不当利得返還等を請求できるにとどまる。
平成17年度第2問,民法,1,ＡＢ間でＡがＢに土地を売り渡す契約を締結したが、Ａが真意では売り渡すつもりがなかった場合において、ＢがＡの真意を知っていたときは、当該契約は、無効である。,○,心裡留保による意思表示は原則として有効であるが、相手方が表意者の真意を知り（悪意）または知ることができた（有過失）ときは、無効となる（民法93条1項ただし書）。
平成17年度第2問,民法,2,ＡＢ間でＡがＢに土地を売り渡す契約を締結したが、当該契約がＡとＢとが通謀して行った虚偽のものであった場合において、Ｃが当該契約の有効性を過失なく信じてＢから当該土地を買い受けたときは、Ａは、Ｃに対し、当該契約が無効であることを主張することができない。,○,通謀虚偽表示による無効は、善意の第三者に対抗することができない（民法94条2項）。第三者の無過失までは要求されないため、善意無過失のCには当然に対抗できない。
平成17年度第2問,民法,3,ＡＢ間でＡがＢに土地を売り渡す契約を締結したが、Ａの意思表示について法律行為の要素に錯誤があった場合において、Ａに重大な過失があったときは、Ａはその意思表示の取消しをすることができない。,○,※法改正により現在は取消しの問題（出題当時は無効）。錯誤による取消しは、表意者に重大な過失がある場合には、原則として主張することができない（民法95条3項）。
平成17年度第2問,民法,4,ＡＢ間でＡがＢに土地を売り渡す契約を締結したが、Ａの意思表示がＢの詐欺によるものであった場合には、Ａは、当該意思表示を取り消すことができる。,○,詐欺による意思表示は、取り消すことができる（民法96条1項）。
平成17年度第2問,民法,5,ＡＢ間でＡがＢに土地を売り渡す契約を締結したが、Ａの意思表示がＢの強迫によるものであった場合において、Ｃが、Ｂから当該土地を買い受け、かつ、強迫の事実について善意であるときは、Ａは、Ｃが買い受けた後、Ｂに対する意思表示を取り消しても、当該取消しをＣに対抗することができない。,×,強迫による意思表示の取消しは、詐欺の場合と異なり、善意（無過失）の第三者に対しても対抗することができる。
平成17年度第3問,民法,ア,ＡがＢの同意を得ないで甲建物の一室にエアコンを設置した場合には、エアコンの所有権の帰属は、どうなりますか。ＡがＢの同意を得ていないので、Ｂが所有権を取得します。,○,エアコン（動産）が甲建物（不動産）の従物として付合した場合、その動産の所有権は不動産の所有者Bに帰属する（民法242条）。
平成17年度第3問,民法,イ,では、ＡがＢの同意を得ないで甲建物に改装をした結果、改装前に1000 万円であった甲建物の価値が改装後に3000 万円となった場合には、甲建物の所有権の帰属は、どうなりますか。ＡがＢの同意を得ていなくても、改装によって甲建物の価値が倍以上に増加していますから、甲建物の所有権は、Ａに帰属します。,×,不動産に対する加工（改装等）によって価値が著しく増加した場合であっても、不動産の所有権が加工者（A）に移転する規定はなく、所有権は引き続きBに帰属する。
平成17年度第3問,民法,ウ,ＡがＢの同意を得てＡが提供した材料を用いて出窓を増築した場合において、ＡＢ間に所有権の取得について特約がないときは、出窓の所有権の帰属は、どうなりますか。出窓には独立性が認められないので、ＡがＢの同意を得ていても、出窓の所有権は、Ｂに帰属します。,○,建物の増築部分（出窓等）が既存建物と構造上・利用上の独立性を有しない場合、既存建物に付合し、その所有権は既存建物の所有者Bに帰属する。
平成17年度第3問,民法,エ,ＡがＢの同意を得て、平屋の甲建物の２階として、独立した玄関口があり、かつ、１階とは内部で通じていない居宅を増築した場合において、ＡＢ間に所有権の取得について特約がないときは、甲建物の２階部分の所有権の帰属は、どうなりますか。甲建物の２階部分が独立性を有し、区分所有権の対象となる場合には、Ａがその所有権を取得します。,○,増築部分が既存部分と内部で通じておらず、独立した出入口を有し構造上・利用上の独立性がある場合は、独立した不動産（区分建物）として増築者Aが所有権を取得する。
平成17年度第3問,民法,オ,ところで、Ａが増築した部分の所有権をＢが取得することとなる場合に、Ａは、Ｂに対し、金銭の支払を請求することができますか。その場合であっても、Ａは、当該部分を継続して使用することができますので、Ｂに対して金銭の支払を請求することはできません。,×,付合によって動産等の所有権を失った者（A）は、不当利得に関する規定に従い、所有権を取得した者（B）に対して償金（費用の償還等）を請求することができる（民法248条）。
平成17年度第4問,不動産登記法,ア,建物に附属する屋外の階段は、屋根のある部分についても建物の床面積に算入しない。,○,屋外の階段は、屋根の有無にかかわらず、建物の内部とは認められないため床面積には算入しない。
平成17年度第4問,不動産登記法,イ,５階建ての建物の５階を取り壊した場合において、その取り壊した床面積と全く同じ床面積の分だけ１階を増築したときは、床面積の変更に係る建物の表題部の変更の登記を申請することを要しない。,×,床面積の合計が同じであっても、各階の床面積の構成（種類・構造・床面積）が変更されているため、建物の表題部の変更登記を申請しなければならない。
平成17年度第4問,不動産登記法,ウ,一室の一部に天井の高さ 1.5 メートル未満の部分がある場合には、その部分を除いて床面積を算出する。,×,天井の高さが1.5メートル未満であっても、その部分が建物の内部として効用を有し、外気分断性等の要件を満たしていれば床面積に算入する。
平成17年度第4問,不動産登記法,エ,共用部分である旨の登記がある建物について、その床面積が誤って登記されていても、所有者には、建物の表題部の更正の登記を申請する義務はない。,○,共用部分である旨の登記がある建物の表題部の更正登記について、所有者に1ヶ月以内の申請義務を課す規定はない。
平成17年度第4問,不動産登記法,オ,区分建物の要件を備えた２個の部屋から構成されている既登記の普通建物を甲・乙２個の区分建物に区分する登記を申請する場合には、区分後の甲・乙両建物のそれぞれの床面積としては、既登記の当該普通建物の登記された床面積を甲・乙それぞれの専有部分の面積で案分したものを申請書に記載すればよい。,×,普通建物（非区分建物）の床面積は壁心計算であるが、区分建物の専有部分の床面積は内法計算で算出されるため、単に案分した面積を記載するわけではない。
平成17年度第5問,不動産登記法,ア,土地の表題登記の申請をする場合には、表題部所有者となる者が所有権を有することを証する情報を提供しなければならないこととされているので、登記官の実地調査権は、所有者の認定には及ばない。,×,登記官は、表示に関する登記について実地調査権を有しており、表題部所有者の認定（実体上の所有権の存否等）についても調査権が及ぶ。
平成17年度第5問,不動産登記法,イ,公有水面埋立法の規定に基づき埋立ての免許を受けた者は、埋立工事を第三者に請け負わせた場合であっても、その竣功認可に基づいて埋立地の所有権を取得することになるから、自らを所有者として土地の表題登記の申請をすることができる。,○,埋立免許を受けた者は、竣功認可により原始的に所有権を取得するため、自らを表題部所有者として土地の表題登記を申請できる。
平成17年度第5問,不動産登記法,ウ,表題登記がない区分建物の所有権を売買により取得した者は、その所有権の取得の日から１月以内に、表題登記の申請をしなければならない。,○,未登記の区分建物の所有権を取得した者は、所有権取得の日から1ヶ月以内に建物の表題登記を申請する義務がある（不動産登記法47条2項）。
平成17年度第5問,不動産登記法,エ,国から払下げを受けた建物の表題登記の申請をする場合の申請情報の内容のうち、登記原因の日付は、払下げの年月日である。,×,建物の表題登記における登記原因及びその日付は「新築の年月日」であり、国からの払下げの年月日ではない。
平成17年度第5問,不動産登記法,オ,敷地権のない区分建物であっても、その表題登記の申請は、当該区分建物が属する一棟の建物に属する他の区分建物の表題登記の申請と併せてしなければならない。,○,一棟の建物に属する区分建物の表題登記は、敷地権の有無にかかわらず、全区分建物について一括して申請しなければならない（不動産登記法47条1項）。
平成17年度第6問,不動産登記法,1,仮差押えの登記がされている土地について、当該土地の所有権の登記名義人が分筆の登記の申請をするときは、仮差押債権者が承諾したことを証する情報を申請情報と併せて提供しなければならない。,×,土地の分筆登記は表題部に関する登記であり、仮差押えの登記等の権利に関する登記名義人の承諾は不要である。
平成17年度第6問,不動産登記法,2,共有名義となっている土地について共有物分割の訴えが提起され、当該訴えに係る訴訟において裁判上の和解が成立したときは、共有者として登記されている登記名義人のうちの１人は、和解調書の正本を代位原因を証する情報として、他の登記名義人に代位して、分筆の登記の申請をすることができる。,×,分筆の登記は、共有者の1人から保存行為として自ら単独で申請できるため、他の共有者に「代位」して申請することはできない。
平成17年度第6問,不動産登記法,3,所有権以外の権利が敷地権である旨の登記がされている土地について、当該土地の所有権の登記名義人が分筆の登記の申請をするときは、当該所有権以外の権利を敷地権とする区分建物の所有権の登記名義人全員が承諾したことを証する情報を申請情報と併せて提供しなければならない。,×,敷地権である土地の分筆登記について、敷地権の割合に変更が生じない場合等は、区分建物所有者全員の承諾証明情報を提供することなく分筆登記を申請できる場合がある。
平成17年度第6問,不動産登記法,4,共有名義となっている土地の共有者として登記されている登記名義人のうちの１人は、他の登記名義人全員が承諾したことを証する情報を申請情報と併せて提供することにより、単独で、当該土地の分筆の登記の申請をすることができる。,○,分筆登記は共有物の一部変更を伴うため、原則として共有者全員で申請するが、他の共有者全員の承諾証明情報を提供すれば、1人から単独で申請できる。
平成17年度第6問,不動産登記法,5,信託の登記がされている土地について、受託者として登記されている者は、分筆の登記の申請をすることができない。,×,信託財産である土地について、受託者はその管理権限を有するため、自ら分筆の登記を申請することができる。
平成17年度第7問,不動産登記法,ア,地図に表示された土地の区画又は地番に誤りがある場合において、当該土地が共有名義となっているときは、その訂正の申出は、共有者として登記されている登記名義人のうちの１人からすることができる。,○,地図訂正の申出は保存行為に該当するため、共有者の一人から単独で行うことができる。
平成17年度第7問,不動産登記法,イ,地図に表示された土地の区画又は地番に誤りがある場合には、当該土地の抵当権の登記名義人は、その訂正の申出をすることができる。,×,地図訂正の申出をすることができるのは、表題部所有者や所有権の登記名義人等に限られ、抵当権の登記名義人は申出をすることができない。
平成17年度第7問,不動産登記法,ウ,地図に表示された土地の区画に誤りがある場合において、その訂正の申出をするときは、土地所在図又は地積測量図を地図訂正申出情報と併せて提供しなければならない。,○,地図上の区画や形状等の誤りを訂正する申出においては、正しい土地の区画等を示す土地所在図または地積測量図を提供しなければならない（不動産登記規則17条1項）。
平成17年度第7問,不動産登記法,エ,地図の訂正の申出人が表題部所有者又は所有権の登記名義人の一般承継人であるときは、一般承継の時における表題部所有者又は所有権の登記名義人の住所を地図訂正申出情報の内容としなければならない。,×,一般承継人（相続人等）が申出をする場合、申出情報の内容とするのは「申出人の氏名・住所」であり、被承継人（被相続人等）の住所を内容とするわけではない。
平成17年度第7問,不動産登記法,オ,地図に表示された土地の区画に誤りがあるために地図の訂正の申出をする場合において、当該土地の登記記録の地積に錯誤があるときは、当該地図の訂正の申出は、地積に関する更正の登記の申請と併せてしなければならない。,○,地図の区画訂正と登記記録の地積の更正が同時に関連する場合、地図の訂正申出は地積更正登記の申請と併せて行わなければならない。
平成17年度第8問,不動産登記法,ア,甲建物の表題登記の申請をする場合において、附属建物として登記する乙建物が区分建物であり、かつ、当該区分建物が属する一棟の建物の名称を申請情報の内容としたときは、当該一棟の建物の構造及び床面積を申請情報の内容とすることを要しない。,○,一棟の建物の名称を提供した場合は、当該一棟の建物の構造及び床面積の提供を省略することができる。
平成17年度第8問,不動産登記法,イ,甲建物の表題登記の申請をする場合において、附属建物として登記する乙建物が区分建物でないときは、当該附属建物の所在する市、区、郡、町、村、字及び土地の地番並びに種類、構造及び床面積を申請情報の内容としなければならない。,×,附属建物の所在等については、主建物と同一の所在であれば申請情報として提供することを省略できる。
平成17年度第8問,不動産登記法,ウ,甲建物の所在地とこれに附属する乙建物の所在地とが異なる登記所の管轄区域に属する場合であっても、乙建物を甲建物の附属建物とする建物の表題登記の申請をすることができる。,○,主建物と附属建物が異なる管轄にまたがる場合でも、法務局長等の管轄指定を経ることで、附属建物として登記申請することが可能である。
平成17年度第8問,不動産登記法,エ,甲建物について表題登記をした後、これに附属する乙建物を新築した場合において、乙建物を甲建物の附属建物として登記するためには、乙建物について表題登記の申請をした後、建物の合併の登記の申請をしなければならない。,×,既存の建物に附属建物を新築した場合は、「建物の表題部の変更の登記（附属建物新築）」を申請すればよく、新たに表題登記をしてから合併登記をする必要はない。
平成17年度第8問,不動産登記法,オ,甲建物について敷地権がなく、これに附属する乙建物が敷地権のある区分建物である場合には、乙建物を甲建物の附属建物とする建物の表題登記の申請をすることができない。,○,主建物に敷地権がなく、附属建物に敷地権があるような状態での登記は、権利関係が複雑となり認められないため、表題登記の申請はできない。
平成17年度第9問,不動産登記法,ア,「登記名義人が一定の登記の申請をする場合においては、…正当な理由がある場合を除き、その申請情報と併せて登記名義人の登記識別情報を提供しなければならない。例えば、（ア）所有権の登記がある土地の合筆の登記の申請をする場合…には、その申請情報と併せて登記名義人の登記識別情報を提供しなければならない。」,×,合筆の登記は権利に関する登記ではなく表示に関する登記であるため、原則として登記識別情報の提供は不要である。
平成17年度第9問,不動産登記法,イ,「…例えば、…や（イ）所有権の登記がある土地の分筆の登記の申請をする場合には、その申請情報と併せて登記名義人の登記識別情報を提供しなければならない。」,×,分筆の登記も合筆と同様に表示に関する登記であるため、所有権登記名義人の登記識別情報の提供は不要である。
平成17年度第9問,不動産登記法,ウ,「登記識別情報が通知されなかった場合等…申請人が登記識別情報を提供せずに登記を申請するときは、登記官から、登記名義人に対し、（ウ）申請があった旨及び当該申請の内容が真実であると思料するときは一定期間内にその旨の申出をすべき旨が通知される。」,○,登記識別情報を提供できない場合の事前通知制度における通知内容として正しい（不動産登記法23条1項）。
平成17年度第9問,不動産登記法,エ,「しかし、当該申請が資格者代理人によってされた場合であって、登記官が当該資格者代理人から本人確認情報の提供を受け、かつ、その内容を相当と認めるときは、上記の通知はされない。この場合においては、（エ）当該資格者代理人が登記の申請の代理を業とすることができる者であることを証する情報を併せて提供しなければならない。」,○,本人確認情報による特例を利用する場合、その作成者が資格者代理人であることを証する情報（職印証明書等）を提供しなければならない（不動産登記規則72条）。
平成17年度第9問,不動産登記法,オ,「資格者代理人が申請人と面識がない場合において、本人確認情報の作成のため申請人について確認をするときは、（オ）申請人から健康保険証の提示を受ければ、他の資料の提示を受けることを要しない。」,×,健康保険証（顔写真なし）は単独では十分な確認資料とならず、年金手帳等と組み合わせるなど、複数の書類による確認が必要である（不動産登記規則72条2項）。
平成17年度第10問,不動産登記法,ア,区分建物以外の建物（非区分建物）であって、新築後、表題登記がないまま１月以上が経過したものを譲り受けたＡは、譲受け後１月以内に、当該非区分建物の表題登記を申請しなければならない。,○,未登記建物の所有権を取得した者は、所有権の取得の日から1ヶ月以内に建物の表題登記を申請する義務を負う（不動産登記法47条2項）。
平成17年度第10問,不動産登記法,イ,共用部分である旨の登記がある建物について、共用部分である旨を定めた規約を廃止した場合には、当該建物の所有者Ａは、当該規約の廃止の日から１月以内に、当該建物の表題登記を申請しなければならない。,○,規約共用部分を廃止した場合、その建物の所有者は、規約廃止の日から1ヶ月以内に建物の表題登記を申請する義務を負う（不動産登記法58条5項）。
平成17年度第10問,不動産登記法,ウ,表題部所有者をＡとする建物に附属する建物をＡが新築したが、表題部の変更の登記の申請をしないままＡが死亡した場合には、その相続人Ｂ及びＣは、相続による当該主である建物の所有権の移転の登記を行った後でなければ、当該主である建物の表題部の変更の登記を申請することができない。,×,相続人B・Cは、相続による所有権移転（保存）登記を経ることなく、直接、亡Aを名義人としたまま建物の表題部変更（附属建物新築）登記を申請することができる（法51条1項、2項類推）。
平成17年度第10問,不動産登記法,エ,Ａが所有する建物をえい行移転したときは、Ａは、当該建物の滅失登記と表題登記を同時に申請しなければならない。,×,えい行移転（曳家等）により建物の同一性が保たれている場合、滅失・表題登記ではなく、単に「所在の変更の登記」を申請する。
平成17年度第10問,不動産登記法,オ,Ａが表題登記がない非区分建物の所有権を取得したが、表題登記の申請をしないまま死亡した場合には、その相続人Ｂ及びＣは、当該建物について、Ａを表題部所有者とする表題登記を申請しなければならない。,×,未登記建物の所有者が死亡した場合、その相続人B・Cは、被相続人A名義ではなく、直接自己（B・C）を表題部所有者とする表題登記を申請することができる。
平成17年度第11問,不動産登記法,1,所有権の登記名義人が建物の合併の登記を書面により申請する場合において、登記識別情報の通知を希望しないときは、あらかじめこれを希望しない旨の申出をする必要がある。,○,建物の合併の登記においては新たな登記識別情報が通知されるため、通知を希望しない場合はあらかじめその旨を申し出なければならない。
平成17年度第11問,不動産登記法,2,区分建物が互いに接続していないときは、これらの区分建物について区分合併の登記をすることができない。,×,一棟の建物に属する区分建物であれば、互いに接続していなくても、主従関係にあるなど要件を満たせば区分合併の登記をすることができる（不動産登記法54条2項）。
平成17年度第11問,不動産登記法,3,二つの建物の所在が、それぞれ異なる地番区域であっても、当該建物の合併の登記をすることができる。,○,土地の合筆とは異なり、建物の合併については地番区域が異なる場合であっても合併登記が認められる。
平成17年度第11問,不動産登記法,4,合併する双方の建物に所有権の登記のほかに質権の登記がされていて、その質権の登記の目的、申請の受付の年月日及び受付番号並びに登記原因及びその日付が同一であるときは、これらの建物について合併の登記をすることができる。,○,原則として担保権の登記がある建物は合併できないが、双方の建物に設定された担保権（質権等）の登記原因等が同一である場合は例外的に合併が認められる（不動産登記法54条1項2号）。
平成17年度第11問,不動産登記法,5,表題部所有者が建物の合併の登記を申請する場合には、当該登記の申請書に自己の印鑑に関する証明書を添付しなければならない。,○,所有権の登記がない建物の合併の登記を表題部所有者が申請する場合、当該申請書に押印した本人の印鑑証明書の提供が義務付けられている（不動産登記令16条2項）。
平成17年度第12問,不動産登記法,ア,登記等の申請における添付書面（磁気ディスクを除く。）の原本の還付請求について、表題部所有者についての更正の登記の申請をするに当たって添付する表題部所有者の当該更正についての承諾書は、原本の還付を請求することができない。,○,当該申請のためのみに作成された承諾書や同意書等は、原則として原本の還付を請求することができない（不動産登記規則55条1項）。
平成17年度第12問,不動産登記法,イ,登記等の申請における添付書面（磁気ディスクを除く。）の原本の還付請求について、建物を合体した場合において、登記の申請をするに当たって添付する存続登記に係る権利の登記名義人の当該合体についての承諾書は、原本の還付を請求することができない。,○,合体に関する権利者の承諾書についても、当該登記申請のためにのみ作成された書類であるため、原本の還付を請求することはできない。
平成17年度第12問,不動産登記法,ウ,登記等の申請における添付書面（磁気ディスクを除く。）の原本の還付請求について、登記識別情報通知書をもって登記識別情報を提供する場合は、当該通知書の原本の還付を請求することができない。,○,登記識別情報通知書は、そのまま提供した場合、登記完了後に返却（原本還付）を求めることはできない。
平成17年度第12問,不動産登記法,エ,登記等の申請における添付書面（磁気ディスクを除く。）の原本の還付請求について、建物の表題登記の申請をするに当たって所有権証明書として添付する工事施工会社作成の工事完了引渡証明書の成立の真実性を担保するための当該工事施工会社の代表者の印鑑の証明書は、原本の還付を請求することができない。,×,所有権証明書の一部として提供された印鑑証明書は、「承諾書に添付する印鑑証明書」などの還付不可の特則に該当しないため、原本の還付を請求することができる。
平成17年度第12問,不動産登記法,オ,登記等の申請における添付書面（磁気ディスクを除く。）の原本の還付請求について、筆界特定の申請をするに当たって添付する書面は、原本の還付を請求することができない。,×,筆界特定の申請において添付した図面や書面についても、規則の規定により原本の還付を請求することが認められている（不動産登記規則221条）。
平成17年度第13問,不動産登記法,ア,地図又は地図に準ずる図面の訂正の申出に当たり、地図又は地図に準ずる図面に表示された土地の区画又は位置若しくは形状に誤りがあるときは、土地所在図又は地積測量図を添付しなければならない。,○,地図訂正の申出において、区画や形状等の訂正を求める場合は、正しい形状等を示す土地所在図や地積測量図を提供しなければならない（不動産登記規則17条1項）。
平成17年度第13問,不動産登記法,イ,地図の訂正をすることによって、申出に係る土地以外の土地の区画を訂正すべきこととなる場合には、申出に基づき地図の訂正をすることができない。,○,地図の訂正によって隣接する他の土地の区画も変更されてしまう場合には、当該申出によって地図を訂正することはできない（不動産登記規則16条4項）。
平成17年度第13問,不動産登記法,ウ,土地の登記記録の地積に錯誤があり、当該土地の地積測量図に誤りがある場合において、地積に関する更正の登記の申請をするときは、この申請と併せて地積測量図の訂正の申出をしなければならない。,×,地積更正登記の申請には正しい地積測量図を添付すればよく、これによって地積測量図も新たに備え付けられるため、別途「地積測量図の訂正の申出」を併せて行う必要はない。
平成17年度第13問,不動産登記法,エ,相続によって土地の所有権を取得した者は、所有権の移転の登記を経ていなくても地図訂正の申出をすることができる。,○,所有権登記名義人の一般承継人（相続人）は、自らへの所有権移転登記を経由していなくても、直接地図訂正の申出をすることができる。
平成17年度第13問,不動産登記法,オ,書面を提出する方法による地図訂正の申出について取下げ又は却下があったときは、申出書及びその添付書面は、申出人に還付される。,×,取下げや却下があった場合、添付書面は還付されるが、「申出書」自体は登記所に保存される書類であるため還付されない。
平成17年度第14問,不動産登記法,1,筆界特定制度の手続の流れにおいて、筆界特定の申請後、公告及び関係人に対する通知の前に図の「ア」として行われるのは、筆界特定登記官による審査である。,○,申請がなされた後、筆界特定登記官による審査が行われ、適法であれば公告・通知等へ進み、不適法であれば「イ」で却下される。
平成17年度第14問,不動産登記法,2,筆界特定制度の手続の流れにおいて、筆界特定の申請後、図の「ア」の審査の結果、不適法な場合に行われる「イ」は、却下である。,○,審査の結果、要件を満たさない申請は却下される。
平成17年度第14問,不動産登記法,3,筆界特定制度の手続の流れにおいて、公告及び関係人に対する通知の直後（図の「ウ」）に行われるのは、筆界調査委員の指定である。,○,公告等の後、事実調査等を行うために筆界特定登記官が筆界調査委員を指定する。
平成17年度第14問,不動産登記法,4,筆界特定制度の手続の流れにおいて、事実の調査の開始後（図の「エ」）に行われるのは、意見聴取等の期日の開催である。,○,事実の調査の過程で、申請人や関係人から意見等を聴取するための期日が設けられる。
平成17年度第14問,不動産登記法,5,筆界特定制度の手続の流れにおいて、筆界特定の直前（図の「オ」）に行われるのは、筆界調査委員の意見提出である。,○,事実調査や意見聴取等の結果を踏まえ、筆界調査委員が筆界特定登記官に対して意見を提出し、それに基づき筆界特定がなされる。
平成17年度第15問,不動産登記法,ア,建物の表題登記を書面で申請する場合において、申請人が記名した委任状には、申請人が押印をする必要がある。,○,登記申請の代理権を証する委任状には、委任者（申請人）の記名押印が必要である。
平成17年度第15問,不動産登記法,イ,建物の合併の登記を書面で申請する場合において、委任による代理人が署名した申請書には、委任による代理人が押印をする必要がある。,○,申請情報の内容を記載した書面（申請書）には、申請人または代理人の「記名押印」が要求されており、署名した場合であっても押印を省略することはできない（不動産登記令16条1項）。
平成17年度第15問,不動産登記法,ウ,建物の合体の登記を書面で申請する場合において、申請書に添付する建物図面であって、申請人が記名したものには、申請人が押印をする必要がある。,○,建物図面等の作成者は図面に「署名又は記名押印」をしなければならず（不動産登記規則74条2項）、単に記名しただけであれば押印が必要となる。
平成17年度第15問,不動産登記法,エ,土地の合筆の登記を書面で申請する場合において、申請人が署名した委任状であって、公証人の認証を受けたものには、申請人が押印をする必要がある。,×,所有権登記名義人が提供すべき印鑑証明書を要する手続（合筆等）において、委任状の署名について公証人の認証を受けた場合は、印鑑証明書の提供及び押印を省略することができる。
平成17年度第15問,不動産登記法,オ,土地の分筆の登記を書面で申請する場合において、申請書に添付する地積測量図であって、その作成者が署名したものには、地積測量図の作成者が押印をする必要がある。,×,図面の作成者は「署名又は記名押印」をすればよいため（不動産登記規則74条2項）、すでに作成者が署名をしているのであれば、押印をする必要はない。
平成17年度第16問,不動産登記法,ア,甲土地の一部を分筆した上でこれを乙土地に合筆する場合における分筆の登記及び合筆の登記は、一の申請情報によってその申請をすることができる。,○,分合筆の登記は、相互に密接に関連する登記であるため、一の申請情報により一括して申請することができる（不動産登記規則115条）。
平成17年度第16問,不動産登記法,イ,甲建物を区分した上でその一部を乙建物の附属建物とする場合における建物の区分の登記及び建物の合併の登記は、一の申請情報によってその申請をすることができる。,○,建物の区分登記と他の建物への合併登記は、相互に関連する実体上の変動を反映するものであり、一の申請情報で一括して申請することができる。
平成17年度第16問,不動産登記法,ウ,附属建物の登記がされている甲建物の主である建物の種類を変更し、同時に、その附属建物を分割して乙建物とする場合における建物の表題部の登記事項に関する変更の登記及び建物の分割の登記は、一の申請情報によってその申請をすることができる。,×,主建物の種類変更と、附属建物の分割登記は、それぞれ独立した変更事由であり密接な関連性がないため、一の申請情報で一括申請することはできない。
平成17年度第16問,不動産登記法,エ,甲建物を取り壊してその跡地に乙建物を新築した場合における建物の滅失の登記及び建物の表題登記は、一の申請情報によってその申請をすることができる。,×,滅失登記と表題登記は、それぞれ別個の不動産（滅失した旧建物と新築した新建物）に関する登記であり、一括申請の対象とはならない。
平成17年度第16問,不動産登記法,オ,同一の登記所の管轄区域内にある甲土地と乙建物の表題部所有者の氏名に変更があった場合における甲土地及び乙建物の表題部所有者の氏名についての変更の登記は、一の申請情報によってその申請をすることができる。,○,登記の目的及び登記原因等が同一であり、管轄登記所が同一であれば、異なる不動産（土地と建物）であっても一の申請情報で名義人表示変更登記を申請できる（不動産登記規則35条）。
平成17年度第17問,不動産登記法,ア,建物の床面積の定め方について、上屋を有する荷物の積卸場は、上屋の下部にある積卸場の部分の面積を床面積に算入する。,×,屋外にある荷物の積卸場等は、たとえ上屋を有していても外気分断性を欠くため、建物の床面積には算入しない（不動産登記規則115条）。
平成17年度第17問,不動産登記法,イ,建物の床面積の定め方について、ビルの屋上にある出入口のためだけの階段室は、外気分断性がある場合には、床面積に算入する。,×,屋上に設けられた出入りするためだけの階段室や機械室等の塔屋は、原則として建物の床面積に算入しない。
平成17年度第17問,不動産登記法,ウ,建物の床面積の定め方について、木造２階建て住宅の１階部分を駐車スペースとして利用する場合には、当該スペースの３方向に壁があれば、前面にシャッターがなく常時開放されていても、当該スペース部分は床面積に算入する。,○,いわゆるビルトインガレージ等で、3方向が壁で囲まれており建物と一体的に構築されている部分は、前面が開放されていても床面積に算入する。
平成17年度第17問,不動産登記法,エ,建物の床面積の定め方について、５階建ての建物に設置してあるエレベータ室は、エレベータが各階に止まる仕様であっても、１階部分のみ床面積に算入する。,×,エレベーターの昇降路（シャフト）部分は、階層的に区画されていない場合は1階のみに算入するが、各階で乗降できる（各階に止まる）場合は各階の床面積に算入する。
平成17年度第17問,不動産登記法,オ,建物の床面積の定め方について、建物に附属する手すりの付いている屋外の階段部分は、床面積に算入する。,×,屋外階段は、手すり等の有無にかかわらず、建物の内部とは認められないため床面積には算入しない。
平成17年度第18問,不動産登記法,ア,表示に関する登記の申請の却下又は取下げについて、書面申請が却下されたときは、偽造された書面その他の不正な登記の申請のために用いられた疑いがある書面を除き、添付書面は還付される。,○,申請が却下された場合、原則として添付書面は還付されるが、偽造等の不正な疑いがある書面については証拠保全のため還付されない（不動産登記規則38条2項）。
平成17年度第18問,不動産登記法,イ,表示に関する登記の申請の却下又は取下げについて、登記の申請がされた場合において、登記官が、当該登記の申請が不正な登記の申請であるとの疑いがあると認めたときは、申請人は、当該登記の申請を取り下げることができない。,×,不正な登記申請の疑いがある場合でも、申請人による取下げ自体を禁止する規定はない。ただし、不正が明らかな場合は告発等の措置がとられる。
平成17年度第18問,不動産登記法,ウ,表示に関する登記の申請の却下又は取下げについて、登記識別情報の提供を要する登記の申請がされた場合において、登記官が事前通知をしたときは、申請人は、登記名義人が当該事前通知に対して回答をするまでの間は、当該申請を取り下げることができない。,×,事前通知の手続中であっても、申請人は任意に登記申請を取り下げることができる。
平成17年度第18問,不動産登記法,エ,表示に関する登記の申請の却下又は取下げについて、土地の分筆の登記及び当該分筆後の一の土地と他の土地との合筆の登記の申請を一の申請情報によってしたときでも、申請人は、合筆の登記の申請のみを取り下げることができる。,×,一括申請（分合筆の登記等）をした場合において、その一部の登記（合筆等）のみを取り下げることはできず、取り下げる場合は申請全体を取り下げなければならない（不動産登記規則39条1項2号）。
平成17年度第18問,不動産登記法,オ,表示に関する登記の申請の却下又は取下げについて、申請の取下げは、登記完了後は、することができない。,○,登記申請の取下げは、登記が完了する前（登記記録に記録される前）に限り行うことができる。
平成17年度第19問,不動産登記法,ア,共用部分である旨の登記の申請をする場合には、共用すべき者の氏名又は名称及び住所を申請情報の内容としなければならない。,×,共用部分である旨の登記の申請情報には、共用すべき者の氏名等の提供は要求されておらず、どの建物の共用に供されるか（規約の内容等）を提供する。
平成17年度第19問,不動産登記法,イ,抵当権の設定の登記がされた建物について共用部分である旨の登記の申請をする場合には、当該抵当権の登記名義人の承諾を証する当該登記名義人が作成した情報又は当該登記名義人に対抗することができる裁判があったことを証する情報を申請情報と併せて提供しなければならない。,○,共用部分である旨の登記をすると、当該建物についての権利に関する登記が抹消されるため、抵当権者等第三者の承諾証明情報の提供が必要となる（不動産登記法58条3項）。
平成17年度第19問,不動産登記法,ウ,共用部分である旨の登記がある建物について共用部分である旨を定めた規約を廃止した後に当該建物の所有権を取得した者は、その所有権の取得の日から１月以内に、当該建物の表題登記を申請しなければならない。,○,共用部分の規約を廃止した建物の所有権を取得した者は、所有権取得の日から1ヶ月以内に表題登記を申請する義務を負う（不動産登記法58条5項）。
平成17年度第19問,不動産登記法,エ,共用部分である旨の登記がされる場合には、建物の表題部所有者の登記又は所有権その他の権利に関する登記は、職権で抹消される。,○,共用部分である旨の登記が実行されると、当該建物の登記記録の権利に関する登記（所有権等）は、登記官の職権によって抹消される（不動産登記法58条4項）。
平成17年度第19問,不動産登記法,オ,建物の表題部所有者又は所有権の登記名義人以外の者は、当該建物について、共用部分である旨の登記の申請をすることができない。,○,共用部分である旨の登記は、当該建物の表題部所有者又は所有権の登記名義人に限り申請することができる（不動産登記法58条1項、2項）。
平成17年度第20問,土地家屋調査士法,1,調査士は、不動産の表示に関する登記の申請手続の代理業務又はこれに関する審査請求の手続についての代理業務について、正当な事由がある場合でなければ依頼を拒んではならない。,○,土地家屋調査士は、正当な事由がある場合でなければ、業務の依頼を拒むことができない（受任義務。土地家屋調査士法21条）。
平成17年度第20問,土地家屋調査士法,2,調査士は、公務員として職務上取り扱った事件及び仲裁手続により仲裁人として取り扱った事件について、その業務を行ってはならない。,○,公務員として取り扱った事件や、仲裁人として取り扱った事件については、業務を行うことが禁止されている（業務の制限。土地家屋調査士法22条1項）。
平成17年度第20問,土地家屋調査士法,3,調査士法人は、補助者を置いたときは、遅滞なく、その旨を事務所の所在地を管轄する法務局又は地方法務局の長に届け出なければならない。,×,調査士法人が補助者を置いたときは、法務局長等ではなく、所属する「土地家屋調査士会」に届け出なければならない（土地家屋調査士会会則等）。
平成17年度第20問,土地家屋調査士法,4,調査士は、筆界特定の手続についての代理業務についての事件の依頼を承諾しないときは、速やかに、その旨を依頼者に通知しなければならない。,○,依頼を承諾しない場合、速やかにその旨を依頼者に通知する義務がある（依頼拒絶の通知。土地家屋調査士法21条の2）。
平成17年度第20問,土地家屋調査士法,5,調査士法人は、その事務所に、当該事務所の所在地を管轄する法務局又は地方法務局の管轄区域内に設立された調査士会の会員である社員を常駐させなければならない。,○,調査士法人は、主たる事務所および従たる事務所に、その所在地を管轄する調査士会の会員である社員を常駐させなければならない（常駐義務。土地家屋調査士法35条）。